leg,time,lat,lng,tickLead,tickRace,distance
0,2018-01-01T01:34:24Z,-33.35576700,147.93373300,-3257.0,-15561.0,196.163
0,2018-01-01T01:34:54Z,-33.35585000,147.93373300,-3227.0,-15531.0,196.17
0,2018-01-01T01:35:24Z,-33.35583300,147.93373300,-3197.0,-15501.0,196.168
0,2018-01-01T01:35:54Z,-33.35583300,147.93373300,-3167.0,-15471.0,196.168
0,2018-01-01T01:36:24Z,-33.35583300,147.93371700,-3137.0,-15441.0,196.169
1,2018-01-01T01:36:54Z,-33.35611700,147.93326700,-3107.0,-15411.0,196.221
1,2018-01-01T01:37:24Z,-33.35806700,147.92913300,-3077.0,-15381.0,196.646
1,2018-01-01T01:37:34Z,-33.35843300,147.92743300,-3067.0,-15371.0,196.787
1,2018-01-01T01:37:44Z,-33.35863300,147.92580000,-3057.0,-15361.0,196.91
1,2018-01-01T01:37:54Z,-33.35881700,147.92400000,-3047.0,-15351.0,197.044
1,2018-01-01T01:38:04Z,-33.35916700,147.92233300,-3037.0,-15341.0,197.181
1,2018-01-01T01:38:14Z,-33.35933300,147.92065000,-3027.0,-15331.0,197.305
1,2018-01-01T01:38:24Z,-33.35941700,147.91903300,-3017.0,-15321.0,197.419
1,2018-01-01T01:38:34Z,-33.35963300,147.91746700,-3007.0,-15311.0,197.539
1,2018-01-01T01:38:44Z,-33.35980000,147.91591700,-2997.0,-15301.0,197.655
1,2018-01-01T01:38:55Z,-33.35953300,147.91433300,-2986.0,-15290.0,197.739
1,2018-01-01T01:39:05Z,-33.35880000,147.91263300,-2976.0,-15280.0,197.795
1,2018-01-01T01:39:15Z,-33.35728300,147.91173300,-2966.0,-15270.0,197.737
1,2018-01-01T01:39:25Z,-33.35540000,147.91191700,-2956.0,-15260.0,197.578
1,2018-01-01T01:39:35Z,-33.35348300,147.91285000,-2946.0,-15250.0,197.368
1,2018-01-01T01:39:45Z,-33.35203300,147.91451700,-2936.0,-15240.0,197.144
1,2018-01-01T01:39:55Z,-33.35128300,147.91653300,-2926.0,-15230.0,196.952
1,2018-01-01T01:40:05Z,-33.35140000,147.91871700,-2916.0,-15220.0,196.816
1,2018-01-01T01:40:15Z,-33.35218300,147.92053300,-2906.0,-15210.0,196.756
1,2018-01-01T01:40:25Z,-33.35316700,147.92213300,-2896.0,-15200.0,196.726
1,2018-01-01T01:40:35Z,-33.35441700,147.92340000,-2886.0,-15190.0,196.74
1,2018-01-01T01:40:45Z,-33.35580000,147.92410000,-2876.0,-15180.0,196.801
1,2018-01-01T01:40:55Z,-33.35735000,147.92460000,-2866.0,-15170.0,196.889
1,2018-01-01T01:41:05Z,-33.35876700,147.92433300,-2856.0,-15160.0,197.018
1,2018-01-01T01:41:15Z,-33.36025000,147.92415000,-2846.0,-15150.0,197.146
1,2018-01-01T01:41:25Z,-33.36161700,147.92356700,-2836.0,-15140.0,197.291
1,2018-01-01T01:41:35Z,-33.36283300,147.92296700,-2826.0,-15130.0,197.426
1,2018-01-01T01:41:45Z,-33.36401700,147.92271700,-2816.0,-15120.0,197.535
1,2018-01-01T01:41:55Z,-33.36508300,147.92220000,-2806.0,-15110.0,197.653
1,2018-01-01T01:42:05Z,-33.36593300,147.92138300,-2796.0,-15100.0,197.773
1,2018-01-01T01:42:15Z,-33.36673300,147.92043300,-2786.0,-15090.0,197.899
1,2018-01-01T01:42:25Z,-33.36751700,147.91943300,-2776.0,-15080.0,198.026
1,2018-01-01T01:42:35Z,-33.36795000,147.91823300,-2766.0,-15070.0,198.139
1,2018-01-01T01:42:45Z,-33.36675000,147.91770000,-2756.0,-15060.0,198.08
1,2018-01-01T01:42:55Z,-33.36608300,147.91905000,-2746.0,-15050.0,197.939
1,2018-01-01T01:43:05Z,-33.36651700,147.91868300,-2736.0,-15040.0,197.997
1,2018-01-01T01:43:15Z,-33.36591700,147.91998300,-2726.0,-15030.0,197.864
1,2018-01-01T01:43:25Z,-33.36705000,147.91973300,-2716.0,-15020.0,197.97
1,2018-01-01T01:43:35Z,-33.36606700,147.92008300,-2706.0,-15010.0,197.87
1,2018-01-01T01:43:45Z,-33.36643300,147.92146700,-2696.0,-15000.0,197.807
1,2018-01-01T01:43:55Z,-33.36588300,147.92078300,-2686.0,-14990.0,197.809
1,2018-01-01T01:44:05Z,-33.36526700,147.92235000,-2676.0,-14980.0,197.658
1,2018-01-01T01:44:15Z,-33.36595000,147.92226700,-2666.0,-14970.0,197.717
1,2018-01-01T01:44:25Z,-33.36486700,147.92176700,-2656.0,-14960.0,197.665
1,2018-01-01T01:44:35Z,-33.36493300,147.92313300,-2646.0,-14950.0,197.58
1,2018-01-01T01:44:45Z,-33.36428300,147.92353300,-2636.0,-14940.0,197.502
1,2018-01-01T01:44:55Z,-33.36446700,147.92376700,-2626.0,-14930.0,197.502
1,2018-01-01T01:45:05Z,-33.36383300,147.92508300,-2616.0,-14920.0,197.365
1,2018-01-01T01:45:15Z,-33.36486700,147.92508300,-2606.0,-14910.0,197.446
1,2018-01-01T01:45:25Z,-33.36373300,147.92481700,-2596.0,-14900.0,197.375
1,2018-01-01T01:45:35Z,-33.36318300,147.92660000,-2586.0,-14890.0,197.214
1,2018-01-01T01:45:45Z,-33.36376700,147.92611700,-2576.0,-14880.0,197.292
1,2018-01-01T01:45:55Z,-33.36245000,147.92648300,-2566.0,-14870.0,197.165
1,2018-01-01T01:46:05Z,-33.36251700,147.92676700,-2556.0,-14860.0,197.151
1,2018-01-01T01:46:15Z,-33.36200000,147.92743300,-2546.0,-14850.0,197.067
1,2018-01-01T01:46:25Z,-33.36133300,147.92786700,-2536.0,-14840.0,196.986
1,2018-01-01T01:46:35Z,-33.36138300,147.92748300,-2526.0,-14830.0,197.015
1,2018-01-01T01:46:45Z,-33.36136700,147.92866700,-2516.0,-14820.0,196.936
1,2018-01-01T01:46:55Z,-33.36093300,147.92821700,-2506.0,-14810.0,196.931
1,2018-01-01T01:47:05Z,-33.36008300,147.92966700,-2496.0,-14800.0,196.769
1,2018-01-01T01:47:15Z,-33.36068300,147.92933300,-2486.0,-14790.0,196.838
1,2018-01-01T01:47:25Z,-33.35953300,147.92940000,-2476.0,-14780.0,196.744
1,2018-01-01T01:47:35Z,-33.35933300,147.93118300,-2466.0,-14770.0,196.611
1,2018-01-01T01:47:45Z,-33.35976700,147.93066700,-2456.0,-14760.0,196.679
1,2018-01-01T01:47:55Z,-33.35863300,147.93121700,-2446.0,-14750.0,196.554
1,2018-01-01T01:48:05Z,-33.35923300,147.93143300,-2436.0,-14740.0,196.586
1,2018-01-01T01:48:15Z,-33.35801700,147.93093300,-2426.0,-14730.0,196.524
1,2018-01-01T01:48:25Z,-33.35745000,147.93271700,-2416.0,-14720.0,196.362
1,2018-01-01T01:48:35Z,-33.35808300,147.93260000,-2406.0,-14710.0,196.419
1,2018-01-01T01:48:45Z,-33.35680000,147.93206700,-2396.0,-14700.0,196.354
1,2018-01-01T01:48:55Z,-33.35578300,147.93345000,-2386.0,-14690.0,196.183
1,2018-01-01T01:49:05Z,-33.35635000,147.93433300,-2376.0,-14680.0,196.169
1,2018-01-01T01:49:15Z,-33.35546700,147.93381700,-2366.0,-14670.0,196.134
1,2018-01-01T01:49:25Z,-33.35486700,147.93545000,-2356.0,-14660.0,195.979
1,2018-01-01T01:49:36Z,-33.35506700,147.93473300,-2345.0,-14649.0,196.042
1,2018-01-01T01:49:46Z,-33.35360000,147.93510000,-2335.0,-14639.0,195.903
1,2018-01-01T01:49:56Z,-33.35401700,147.93628300,-2325.0,-14629.0,195.858
1,2018-01-01T01:50:06Z,-33.35301700,147.93553300,-2315.0,-14619.0,195.829
1,2018-01-01T01:50:16Z,-33.35278300,147.93726700,-2305.0,-14609.0,195.696
1,2018-01-01T01:50:26Z,-33.35313300,147.93688300,-2295.0,-14599.0,195.749
1,2018-01-01T01:50:36Z,-33.35155000,147.93655000,-2285.0,-14589.0,195.647
1,2018-01-01T01:50:46Z,-33.35065000,147.93806700,-2275.0,-14579.0,195.476
1,2018-01-01T01:50:56Z,-33.35140000,147.93901700,-2265.0,-14569.0,195.473
1,2018-01-01T01:51:06Z,-33.35153300,147.93786700,-2255.0,-14559.0,195.559
1,2018-01-01T01:51:16Z,-33.35005000,147.93716700,-2245.0,-14549.0,195.489
1,2018-01-01T01:51:26Z,-33.34845000,147.93786700,-2235.0,-14539.0,195.317
1,2018-01-01T01:51:36Z,-33.34711700,147.93935000,-2225.0,-14529.0,195.115
1,2018-01-01T01:51:46Z,-33.34743300,147.94080000,-2215.0,-14519.0,195.044
1,2018-01-01T01:51:56Z,-33.34820000,147.94056700,-2205.0,-14509.0,195.12
1,2018-01-01T01:52:06Z,-33.34911700,147.94040000,-2195.0,-14499.0,195.203
1,2018-01-01T01:52:16Z,-33.34868300,147.93966700,-2185.0,-14489.0,195.217
1,2018-01-01T01:52:26Z,-33.34790000,147.94143300,-2175.0,-14479.0,195.039
1,2018-01-01T01:52:36Z,-33.34885000,147.94200000,-2165.0,-14469.0,195.076
1,2018-01-01T01:52:46Z,-33.34950000,147.94125000,-2155.0,-14459.0,195.177
1,2018-01-01T01:52:56Z,-33.34880000,147.94010000,-2145.0,-14449.0,195.198
1,2018-01-01T01:53:06Z,-33.34733300,147.94050000,-2135.0,-14439.0,195.056
1,2018-01-01T01:53:16Z,-33.34563300,147.94026700,-2125.0,-14429.0,194.939
1,2018-01-01T01:53:26Z,-33.34400000,147.94040000,-2115.0,-14419.0,194.802
1,2018-01-01T01:53:36Z,-33.34341700,147.94231700,-2105.0,-14409.0,194.63
1,2018-01-01T01:53:46Z,-33.34398300,147.94393300,-2095.0,-14399.0,194.567
1,2018-01-01T01:53:56Z,-33.34478300,147.94528300,-2085.0,-14389.0,194.541
1,2018-01-01T01:54:06Z,-33.34565000,147.94586700,-2075.0,-14379.0,194.571
1,2018-01-01T01:54:16Z,-33.34598300,147.94510000,-2065.0,-14369.0,194.647
1,2018-01-01T01:54:26Z,-33.34490000,147.94583300,-2055.0,-14359.0,194.514
1,2018-01-01T01:54:36Z,-33.34551700,147.94708300,-2045.0,-14349.0,194.48
1,2018-01-01T01:54:46Z,-33.34673300,147.94741700,-2035.0,-14339.0,194.554
1,2018-01-01T01:54:56Z,-33.34750000,147.94663300,-2025.0,-14329.0,194.665
1,2018-01-01T01:55:06Z,-33.34631700,147.94620000,-2015.0,-14319.0,194.601
1,2018-01-01T01:55:16Z,-33.34450000,147.94711700,-2005.0,-14309.0,194.398
1,2018-01-01T01:55:26Z,-33.34328300,147.94920000,-1995.0,-14299.0,194.166
1,2018-01-01T01:55:36Z,-33.34380000,147.95036700,-1985.0,-14289.0,194.129
1,2018-01-01T01:55:46Z,-33.34446700,147.94945000,-1975.0,-14279.0,194.242
1,2018-01-01T01:55:56Z,-33.34328300,147.94881700,-1965.0,-14269.0,194.191
1,2018-01-01T01:56:06Z,-33.34208300,147.95070000,-1955.0,-14259.0,193.973
1,2018-01-01T01:56:16Z,-33.34213300,147.95270000,-1945.0,-14249.0,193.845
1,2018-01-01T01:56:26Z,-33.34295000,147.95355000,-1935.0,-14239.0,193.853
1,2018-01-01T01:56:36Z,-33.34395000,147.95373300,-1925.0,-14229.0,193.92
1,2018-01-01T01:56:46Z,-33.34495000,147.95395000,-1915.0,-14219.0,193.984
1,2018-01-01T01:56:56Z,-33.34591700,147.95446700,-1905.0,-14209.0,194.027
1,2018-01-01T01:57:06Z,-33.34675000,147.95488300,-1895.0,-14199.0,194.065
1,2018-01-01T01:57:16Z,-33.34756700,147.95480000,-1885.0,-14189.0,194.135
1,2018-01-01T01:57:26Z,-33.34675000,147.95420000,-1875.0,-14179.0,194.11
1,2018-01-01T01:57:36Z,-33.34653300,147.95558300,-1865.0,-14169.0,194.002
1,2018-01-01T01:57:46Z,-33.34738300,147.95603300,-1855.0,-14159.0,194.04
1,2018-01-01T01:57:56Z,-33.34665000,147.95573300,-1845.0,-14149.0,194.001
1,2018-01-01T01:58:06Z,-33.34680000,147.95720000,-1835.0,-14139.0,193.917
1,2018-01-01T01:58:16Z,-33.34660000,147.95633300,-1825.0,-14129.0,193.958
1,2018-01-01T01:58:26Z,-33.34518300,147.95775000,-1815.0,-14119.0,193.754
1,2018-01-01T01:58:36Z,-33.34518300,147.95950000,-1805.0,-14109.0,193.639
1,2018-01-01T01:58:46Z,-33.34573300,147.95921700,-1795.0,-14099.0,193.701
1,2018-01-01T01:58:56Z,-33.34505000,147.95790000,-1785.0,-14089.0,193.733
1,2018-01-01T01:59:06Z,-33.34348300,147.95821700,-1775.0,-14079.0,193.589
1,2018-01-01T01:59:16Z,-33.34265000,147.96006700,-1765.0,-14069.0,193.402
1,2018-01-01T01:59:26Z,-33.34183300,147.96206700,-1755.0,-14059.0,193.207
1,2018-01-01T01:59:36Z,-33.34270000,147.96268300,-1745.0,-14049.0,193.235
1,2018-01-01T01:59:47Z,-33.34280000,147.96171700,-1734.0,-14038.0,193.306
1,2018-01-01T01:59:57Z,-33.34141700,147.96271700,-1724.0,-14028.0,193.131
1,2018-01-01T02:00:07Z,-33.34186700,147.96360000,-1714.0,-14018.0,193.109
1,2018-01-01T02:00:17Z,-33.34095000,147.96411700,-1704.0,-14008.0,193.003
1,2018-01-01T02:00:27Z,-33.34161700,147.96500000,-1694.0,-13998.0,192.998
1,2018-01-01T02:00:37Z,-33.34130000,147.96418300,-1684.0,-13988.0,193.026
1,2018-01-01T02:00:47Z,-33.33985000,147.96533300,-1674.0,-13978.0,192.837
1,2018-01-01T02:00:57Z,-33.34036700,147.96656700,-1664.0,-13968.0,192.797
1,2018-01-01T02:01:07Z,-33.33971700,147.96621700,-1654.0,-13958.0,192.768
1,2018-01-01T02:01:17Z,-33.34006700,147.96775000,-1644.0,-13948.0,192.696
1,2018-01-01T02:01:27Z,-33.33976700,147.96680000,-1634.0,-13938.0,192.734
1,2018-01-01T02:01:37Z,-33.33826700,147.96666700,-1624.0,-13928.0,192.624
1,2018-01-01T02:01:47Z,-33.33683300,147.96740000,-1614.0,-13918.0,192.463
1,2018-01-01T02:01:57Z,-33.33723300,147.96805000,-1604.0,-13908.0,192.452
1,2018-01-01T02:02:07Z,-33.33613300,147.96868300,-1594.0,-13898.0,192.324
1,2018-01-01T02:02:17Z,-33.33685000,147.96923300,-1584.0,-13888.0,192.345
1,2018-01-01T02:02:27Z,-33.33540000,147.96915000,-1574.0,-13878.0,192.236
1,2018-01-01T02:02:37Z,-33.33531700,147.97083300,-1564.0,-13868.0,192.119
1,2018-01-01T02:02:47Z,-33.33488300,147.97013300,-1554.0,-13858.0,192.13
1,2018-01-01T02:02:57Z,-33.33413300,147.97200000,-1544.0,-13848.0,191.949
1,2018-01-01T02:03:07Z,-33.33471700,147.97178300,-1534.0,-13838.0,192.009
1,2018-01-01T02:03:17Z,-33.33323300,147.97233300,-1524.0,-13828.0,191.856
1,2018-01-01T02:03:27Z,-33.33365000,147.97331700,-1514.0,-13818.0,191.825
1,2018-01-01T02:03:37Z,-33.33253300,147.97286700,-1504.0,-13808.0,191.766
1,2018-01-01T02:03:47Z,-33.33221700,147.97446700,-1494.0,-13798.0,191.636
1,2018-01-01T02:03:57Z,-33.33246700,147.97380000,-1484.0,-13788.0,191.7
1,2018-01-01T02:04:07Z,-33.33095000,147.97446700,-1474.0,-13778.0,191.536
1,2018-01-01T02:04:17Z,-33.33131700,147.97568300,-1464.0,-13768.0,191.486
1,2018-01-01T02:04:27Z,-33.33068300,147.97483300,-1454.0,-13758.0,191.491
1,2018-01-01T02:04:37Z,-33.32950000,147.97596700,-1444.0,-13748.0,191.324
1,2018-01-01T02:04:47Z,-33.33008300,147.97636700,-1434.0,-13738.0,191.344
1,2018-01-01T02:04:57Z,-33.32900000,147.97535000,-1424.0,-13728.0,191.325
1,2018-01-01T02:05:07Z,-33.32926700,147.97451700,-1414.0,-13718.0,191.4
1,2018-01-01T02:05:17Z,-33.33003300,147.97436700,-1404.0,-13708.0,191.471
1,2018-01-01T02:05:27Z,-33.33096700,147.97433300,-1394.0,-13698.0,191.547
1,2018-01-01T02:05:37Z,-33.33135000,147.97348300,-1384.0,-13688.0,191.632
1,2018-01-01T02:05:47Z,-33.33030000,147.97441700,-1374.0,-13678.0,191.488
1,2018-01-01T02:05:57Z,-33.33058300,147.97350000,-1364.0,-13668.0,191.571
1,2018-01-01T02:06:07Z,-33.32973300,147.97246700,-1354.0,-13658.0,191.572
1,2018-01-01T02:06:17Z,-33.32980000,147.97400000,-1344.0,-13648.0,191.476
1,2018-01-01T02:06:27Z,-33.32976700,147.97268300,-1334.0,-13638.0,191.56
1,2018-01-01T02:06:37Z,-33.32933300,147.97101700,-1324.0,-13628.0,191.635
1,2018-01-01T02:06:47Z,-33.32813300,147.97053300,-1314.0,-13618.0,191.573
1,2018-01-01T02:06:57Z,-33.32833300,147.97093300,-1304.0,-13608.0,191.562
1,2018-01-01T02:07:07Z,-33.32835000,147.96933300,-1294.0,-13598.0,191.669
1,2018-01-01T02:07:17Z,-33.32681700,147.97013300,-1284.0,-13588.0,191.496
1,2018-01-01T02:07:28Z,-33.32623300,147.97151700,-1273.0,-13577.0,191.359
1,2018-01-01T02:07:38Z,-33.32683300,147.97035000,-1263.0,-13567.0,191.483
1,2018-01-01T02:07:48Z,-33.32561700,147.96933300,-1253.0,-13557.0,191.454
1,2018-01-01T02:07:58Z,-33.32395000,147.96948300,-1243.0,-13547.0,191.314
1,2018-01-01T02:08:08Z,-33.32216700,147.96900000,-1233.0,-13537.0,191.206
1,2018-01-01T02:08:18Z,-33.32013300,147.96905000,-1223.0,-13527.0,191.043
1,2018-01-01T02:08:28Z,-33.31816700,147.96946700,-1213.0,-13517.0,190.862
1,2018-01-01T02:08:38Z,-33.31621700,147.97036700,-1203.0,-13507.0,190.651
1,2018-01-01T02:08:48Z,-33.31400000,147.97106700,-1193.0,-13497.0,190.431
1,2018-01-01T02:08:58Z,-33.31191700,147.97228300,-1183.0,-13487.0,190.188
1,2018-01-01T02:09:08Z,-33.31038300,147.97405000,-1173.0,-13477.0,189.952
1,2018-01-01T02:09:18Z,-33.30825000,147.97468300,-1163.0,-13467.0,189.744
1,2018-01-01T02:09:28Z,-33.30610000,147.97488300,-1153.0,-13457.0,189.563
1,2018-01-01T02:09:38Z,-33.30395000,147.97526700,-1143.0,-13447.0,189.37
1,2018-01-01T02:09:48Z,-33.30198300,147.97481700,-1133.0,-13437.0,189.248
1,2018-01-01T02:09:58Z,-33.30038300,147.97386700,-1123.0,-13427.0,189.187
1,2018-01-01T02:10:08Z,-33.29855000,147.97335000,-1113.0,-13417.0,189.08
1,2018-01-01T02:10:18Z,-33.29653300,147.97325000,-1103.0,-13407.0,188.931
1,2018-01-01T02:10:28Z,-33.29465000,147.97363300,-1093.0,-13397.0,188.76
1,2018-01-01T02:10:38Z,-33.29295000,147.97408300,-1083.0,-13387.0,188.599
1,2018-01-01T02:10:48Z,-33.29083300,147.97410000,-1073.0,-13377.0,188.434
1,2018-01-01T02:10:58Z,-33.28875000,147.97460000,-1063.0,-13367.0,188.241
1,2018-01-01T02:11:08Z,-33.28685000,147.97560000,-1053.0,-13357.0,188.027
1,2018-01-01T02:11:18Z,-33.28475000,147.97645000,-1043.0,-13347.0,187.809
1,2018-01-01T02:11:28Z,-33.28278300,147.97735000,-1033.0,-13337.0,187.598
1,2018-01-01T02:11:38Z,-33.28085000,147.97825000,-1023.0,-13327.0,187.389
1,2018-01-01T02:11:48Z,-33.28028300,147.97751700,-1013.0,-13317.0,187.395
1,2018-01-01T02:11:58Z,-33.28051700,147.97880000,-1003.0,-13307.0,187.326
1,2018-01-01T02:12:08Z,-33.27975000,147.97835000,-993.0,-13297.0,187.298
1,2018-01-01T02:12:18Z,-33.28043300,147.97936700,-983.0,-13287.0,187.282
1,2018-01-01T02:12:28Z,-33.27930000,147.97921700,-973.0,-13277.0,187.205
1,2018-01-01T02:12:38Z,-33.28010000,147.97956700,-963.0,-13267.0,187.243
1,2018-01-01T02:12:48Z,-33.27948300,147.98126700,-953.0,-13257.0,187.081
1,2018-01-01T02:12:58Z,-33.27995000,147.98300000,-943.0,-13247.0,187.0
1,2018-01-01T02:13:08Z,-33.28108300,147.98300000,-933.0,-13237.0,187.087
1,2018-01-01T02:13:18Z,-33.28113300,147.98151700,-923.0,-13227.0,187.191
1,2018-01-01T02:13:28Z,-33.28078300,147.97998300,-913.0,-13217.0,187.267
1,2018-01-01T02:13:38Z,-33.28030000,147.97845000,-903.0,-13207.0,187.333
1,2018-01-01T02:13:48Z,-33.28071700,147.97770000,-893.0,-13197.0,187.416
1,2018-01-01T02:13:58Z,-33.28168300,147.97888300,-883.0,-13187.0,187.41
1,2018-01-01T02:14:08Z,-33.28305000,147.98075000,-873.0,-13177.0,187.389
1,2018-01-01T02:14:18Z,-33.28403300,147.98251700,-863.0,-13167.0,187.346
1,2018-01-01T02:14:28Z,-33.28510000,147.98406700,-853.0,-13157.0,187.325
1,2018-01-01T02:14:38Z,-33.28631700,147.98560000,-843.0,-13147.0,187.316
1,2018-01-01T02:14:48Z,-33.28758300,147.98725000,-833.0,-13137.0,187.303
1,2018-01-01T02:14:58Z,-33.28888300,147.98870000,-823.0,-13127.0,187.307
1,2018-01-01T02:15:08Z,-33.29015000,147.99020000,-813.0,-13117.0,187.306
1,2018-01-01T02:15:18Z,-33.29121700,147.99193300,-803.0,-13107.0,187.273
1,2018-01-01T02:15:28Z,-33.29226700,147.99345000,-793.0,-13097.0,187.254
1,2018-01-01T02:15:38Z,-33.29345000,147.99488300,-783.0,-13087.0,187.251
1,2018-01-01T02:15:48Z,-33.29411700,147.99681700,-773.0,-13077.0,187.175
1,2018-01-01T02:15:58Z,-33.29413300,147.99918300,-763.0,-13067.0,187.02
1,2018-01-01T02:16:08Z,-33.29396700,148.00153300,-753.0,-13057.0,186.851
1,2018-01-01T02:16:18Z,-33.29331700,148.00393300,-743.0,-13047.0,186.642
1,2018-01-01T02:16:28Z,-33.29263300,148.00603300,-733.0,-13037.0,186.45
1,2018-01-01T02:16:38Z,-33.29220000,148.00810000,-723.0,-13027.0,186.28
1,2018-01-01T02:16:48Z,-33.29305000,148.00880000,-713.0,-13017.0,186.3
1,2018-01-01T02:16:58Z,-33.29383300,148.00811700,-703.0,-13007.0,186.407
1,2018-01-01T02:17:08Z,-33.29493300,148.00806700,-693.0,-12997.0,186.496
1,2018-01-01T02:17:18Z,-33.29606700,148.00825000,-683.0,-12987.0,186.573
1,2018-01-01T02:17:28Z,-33.29718300,148.00810000,-673.0,-12977.0,186.671
1,2018-01-01T02:17:38Z,-33.29821700,148.00760000,-663.0,-12967.0,186.785
1,2018-01-01T02:17:48Z,-33.29861700,148.00666700,-653.0,-12957.0,186.878
1,2018-01-01T02:17:58Z,-33.29753300,148.00756700,-643.0,-12947.0,186.733
1,2018-01-01T02:18:08Z,-33.29773300,148.00713300,-633.0,-12937.0,186.778
1,2018-01-01T02:18:18Z,-33.29723300,148.00833300,-623.0,-12927.0,186.659
1,2018-01-01T02:18:28Z,-33.29756700,148.00733300,-613.0,-12917.0,186.751
1,2018-01-01T02:18:38Z,-33.29668300,148.00840000,-603.0,-12907.0,186.612
1,2018-01-01T02:18:48Z,-33.29700000,148.00808300,-593.0,-12897.0,186.658
1,2018-01-01T02:18:58Z,-33.29603300,148.00945000,-583.0,-12887.0,186.492
1,2018-01-01T02:19:09Z,-33.29655000,148.00893300,-572.0,-12876.0,186.566
1,2018-01-01T02:19:19Z,-33.29525000,148.00930000,-562.0,-12866.0,186.44
1,2018-01-01T02:19:29Z,-33.29601700,148.00966700,-552.0,-12856.0,186.476
1,2018-01-01T02:19:39Z,-33.29518300,148.00908300,-542.0,-12846.0,186.449
1,2018-01-01T02:19:49Z,-33.29538300,148.01006700,-532.0,-12836.0,186.4
1,2018-01-01T02:19:59Z,-33.29433300,148.00900000,-522.0,-12826.0,186.388
1,2018-01-01T02:20:09Z,-33.29346700,148.01030000,-512.0,-12816.0,186.234
1,2018-01-01T02:20:19Z,-33.29451700,148.01156700,-502.0,-12806.0,186.233
1,2018-01-01T02:20:29Z,-33.29458300,148.01068300,-492.0,-12796.0,186.297
1,2018-01-01T02:20:39Z,-33.29440000,148.01236700,-482.0,-12786.0,186.172
1,2018-01-01T02:20:49Z,-33.29560000,148.01310000,-472.0,-12776.0,186.218
1,2018-01-01T02:20:59Z,-33.29470000,148.01326700,-462.0,-12766.0,186.136
1,2018-01-01T02:21:09Z,-33.29551700,148.01336700,-452.0,-12756.0,186.194
1,2018-01-01T02:21:19Z,-33.29471700,148.01260000,-442.0,-12746.0,186.181
1,2018-01-01T02:21:29Z,-33.29436700,148.01446700,-432.0,-12736.0,186.031
1,2018-01-01T02:21:39Z,-33.29541700,148.01573300,-422.0,-12726.0,186.031
1,2018-01-01T02:21:49Z,-33.29475000,148.01553300,-412.0,-12716.0,185.991
1,2018-01-01T02:21:59Z,-33.29488300,148.01648300,-402.0,-12706.0,185.94
1,2018-01-01T02:22:09Z,-33.29391700,148.01666700,-392.0,-12696.0,185.851
1,2018-01-01T02:22:19Z,-33.29433300,148.01631700,-382.0,-12686.0,185.907
1,2018-01-01T02:22:29Z,-33.29361700,148.01735000,-372.0,-12676.0,185.783
1,2018-01-01T02:22:39Z,-33.29475000,148.01685000,-362.0,-12666.0,185.905
1,2018-01-01T02:22:49Z,-33.29406700,148.01580000,-352.0,-12656.0,185.92
1,2018-01-01T02:22:59Z,-33.29240000,148.01593300,-342.0,-12646.0,185.78
1,2018-01-01T02:23:09Z,-33.29191700,148.01766700,-332.0,-12636.0,185.628
1,2018-01-01T02:23:19Z,-33.29295000,148.01823300,-322.0,-12626.0,185.673
1,2018-01-01T02:23:29Z,-33.29365000,148.01746700,-312.0,-12616.0,185.778
1,2018-01-01T02:23:39Z,-33.29408300,148.01620000,-302.0,-12606.0,185.895
1,2018-01-01T02:23:49Z,-33.29380000,148.01473300,-292.0,-12596.0,185.969
1,2018-01-01T02:23:59Z,-33.29380000,148.01333300,-282.0,-12586.0,186.061
1,2018-01-01T02:24:09Z,-33.29408300,148.01221700,-272.0,-12576.0,186.156
1,2018-01-01T02:24:19Z,-33.29460000,148.01093300,-262.0,-12566.0,186.282
1,2018-01-01T02:24:29Z,-33.29515000,148.00955000,-252.0,-12556.0,186.416
1,2018-01-01T02:24:39Z,-33.29581700,148.00915000,-242.0,-12546.0,186.494
1,2018-01-01T02:24:49Z,-33.29700000,148.01023300,-232.0,-12536.0,186.516
1,2018-01-01T02:24:59Z,-33.29843300,148.01126700,-222.0,-12526.0,186.561
1,2018-01-01T02:25:09Z,-33.29965000,148.01281700,-212.0,-12516.0,186.556
1,2018-01-01T02:25:19Z,-33.30070000,148.01415000,-202.0,-12506.0,186.552
1,2018-01-01T02:25:29Z,-33.30185000,148.01511700,-192.0,-12496.0,186.579
1,2018-01-01T02:25:39Z,-33.30286700,148.01601700,-182.0,-12486.0,186.601
1,2018-01-01T02:25:49Z,-33.30415000,148.01581700,-172.0,-12476.0,186.716
1,2018-01-01T02:25:59Z,-33.30468300,148.01471700,-162.0,-12466.0,186.83
1,2018-01-01T02:26:09Z,-33.30410000,148.01333300,-152.0,-12456.0,186.874
1,2018-01-01T02:26:19Z,-33.30303300,148.01450000,-142.0,-12446.0,186.713
1,2018-01-01T02:26:29Z,-33.30380000,148.01426700,-132.0,-12436.0,186.789
1,2018-01-01T02:26:39Z,-33.30266700,148.01336700,-122.0,-12426.0,186.758
1,2018-01-01T02:26:49Z,-33.30246700,148.01500000,-112.0,-12416.0,186.636
1,2018-01-01T02:26:59Z,-33.30261700,148.01396700,-102.0,-12406.0,186.715
1,2018-01-01T02:27:09Z,-33.30153300,148.01506700,-92.0,-12396.0,186.558
1,2018-01-01T02:27:19Z,-33.30226700,148.01526700,-82.0,-12386.0,186.603
1,2018-01-01T02:27:29Z,-33.30105000,148.01540000,-72.0,-12376.0,186.498
1,2018-01-01T02:27:40Z,-33.30138300,148.01593300,-61.0,-12365.0,186.489
1,2018-01-01T02:27:50Z,-33.30030000,148.01593300,-51.0,-12355.0,186.403
1,2018-01-01T02:28:00Z,-33.30096700,148.01608300,-41.0,-12345.0,186.446
1,2018-01-01T02:28:10Z,-33.29980000,148.01643300,-31.0,-12335.0,186.331
1,2018-01-01T02:28:20Z,-33.30033300,148.01670000,-21.0,-12325.0,186.356
1,2018-01-01T02:28:30Z,-33.29920000,148.01651700,-11.0,-12315.0,186.278
1,2018-01-01T02:28:40Z,-33.29965000,148.01653300,-1.0,-12305.0,186.313
1,2018-01-01T02:28:50Z,-33.29833300,148.01666700,9.0,-12295.0,186.2
1,2018-01-01T02:29:00Z,-33.29930000,148.01751700,19.0,-12285.0,186.221
1,2018-01-01T02:29:10Z,-33.29898300,148.01651700,29.0,-12275.0,186.261
1,2018-01-01T02:29:20Z,-33.29766700,148.01731700,39.0,-12265.0,186.105
1,2018-01-01T02:29:30Z,-33.29888300,148.01768300,49.0,-12255.0,186.177
1,2018-01-01T02:29:40Z,-33.30006700,148.01686700,59.0,-12245.0,186.324
1,2018-01-01T02:29:50Z,-33.29950000,148.01580000,69.0,-12235.0,186.349
1,2018-01-01T02:30:00Z,-33.29753300,148.01701700,79.0,-12225.0,186.114
1,2018-01-01T02:30:10Z,-33.29590000,148.01840000,89.0,-12215.0,185.894
1,2018-01-01T02:30:20Z,-33.29585000,148.01981700,99.0,-12205.0,185.798
1,2018-01-01T02:30:30Z,-33.29755000,148.01963300,109.0,-12195.0,185.944
1,2018-01-01T02:30:40Z,-33.29898300,148.01953300,119.0,-12185.0,186.064
1,2018-01-01T02:30:50Z,-33.30013300,148.01940000,129.0,-12175.0,186.164
1,2018-01-01T02:31:00Z,-33.30150000,148.01906700,139.0,-12165.0,186.294
1,2018-01-01T02:31:01Z,-33.30161700,148.01898300,140.0,-12164.0,186.309
1,2018-01-01T02:31:02Z,-33.30175000,148.01891700,141.0,-12163.0,186.324
1,2018-01-01T02:31:12Z,-33.30180000,148.01786700,151.0,-12153.0,186.396
1,2018-01-01T02:31:22Z,-33.30020000,148.01933300,161.0,-12143.0,186.174
1,2018-01-01T02:31:32Z,-33.29893300,148.02118300,171.0,-12133.0,185.953
1,2018-01-01T02:31:42Z,-33.29886700,148.02126700,181.0,-12123.0,185.942
1,2018-01-01T02:31:52Z,-33.29825000,148.02123300,191.0,-12113.0,185.895
1,2018-01-01T02:32:02Z,-33.29801700,148.02275000,201.0,-12103.0,185.778
1,2018-01-01T02:32:12Z,-33.29723300,148.02250000,211.0,-12093.0,185.732
1,2018-01-01T02:32:22Z,-33.29746700,148.02326700,221.0,-12083.0,185.701
1,2018-01-01T02:32:32Z,-33.29620000,148.02353300,231.0,-12073.0,185.583
1,2018-01-01T02:32:42Z,-33.29658300,148.02388300,241.0,-12063.0,185.59
1,2018-01-01T02:32:52Z,-33.29560000,148.02473300,251.0,-12053.0,185.457
1,2018-01-01T02:33:02Z,-33.29571700,148.02426700,261.0,-12043.0,185.497
1,2018-01-01T02:33:12Z,-33.29460000,148.02548300,271.0,-12033.0,185.329
1,2018-01-01T02:33:22Z,-33.29518300,148.02550000,281.0,-12023.0,185.374
1,2018-01-01T02:33:32Z,-33.29561700,148.02436700,291.0,-12013.0,185.482
1,2018-01-01T02:33:42Z,-33.29483300,148.02350000,301.0,-12003.0,185.477
1,2018-01-01T02:33:52Z,-33.29475000,148.02391700,311.0,-11993.0,185.443
1,2018-01-01T02:34:02Z,-33.29405000,148.02476700,321.0,-11983.0,185.332
1,2018-01-01T02:34:12Z,-33.29341700,148.02423300,331.0,-11973.0,185.317
1,2018-01-01T02:34:22Z,-33.29356700,148.02535000,341.0,-11963.0,185.256
1,2018-01-01T02:34:32Z,-33.29256700,148.02533300,351.0,-11953.0,185.178
1,2018-01-01T02:34:42Z,-33.29286700,148.02510000,361.0,-11943.0,185.217
1,2018-01-01T02:34:52Z,-33.29200000,148.02616700,371.0,-11933.0,185.078
1,2018-01-01T02:35:02Z,-33.29198300,148.02548300,381.0,-11923.0,185.122
1,2018-01-01T02:35:12Z,-33.29131700,148.02661700,391.0,-11913.0,184.995
1,2018-01-01T02:35:22Z,-33.29075000,148.02580000,401.0,-11903.0,185.004
1,2018-01-01T02:35:32Z,-33.29056700,148.02695000,411.0,-11893.0,184.914
1,2018-01-01T02:35:42Z,-33.29113300,148.02620000,421.0,-11883.0,185.008
1,2018-01-01T02:35:52Z,-33.29213300,148.02626700,431.0,-11873.0,185.082
1,2018-01-01T02:36:02Z,-33.29311700,148.02585000,441.0,-11863.0,185.188
1,2018-01-01T02:36:12Z,-33.29406700,148.02530000,451.0,-11853.0,185.299
1,2018-01-01T02:36:22Z,-33.29513300,148.02453300,461.0,-11843.0,185.433
1,2018-01-01T02:36:32Z,-33.29623300,148.02391700,471.0,-11833.0,185.56
1,2018-01-01T02:36:42Z,-33.29741700,148.02370000,481.0,-11823.0,185.668
1,2018-01-01T02:36:52Z,-33.29793300,148.02281700,491.0,-11813.0,185.767
1,2018-01-01T02:37:02Z,-33.29693300,148.02250000,501.0,-11803.0,185.708
1,2018-01-01T02:37:12Z,-33.29608300,148.02445000,511.0,-11793.0,185.514
1,2018-01-01T02:37:23Z,-33.29733300,148.02566700,522.0,-11782.0,185.534
1,2018-01-01T02:37:33Z,-33.29870000,148.02563300,532.0,-11772.0,185.644
1,2018-01-01T02:37:43Z,-33.29975000,148.02513300,542.0,-11762.0,185.76
1,2018-01-01T02:37:53Z,-33.30043300,148.02400000,552.0,-11752.0,185.888
1,2018-01-01T02:38:03Z,-33.30091700,148.02291700,562.0,-11742.0,185.997
1,2018-01-01T02:38:13Z,-33.30198300,148.02213300,572.0,-11732.0,186.133
1,2018-01-01T02:38:23Z,-33.30301700,148.02111700,582.0,-11722.0,186.281
1,2018-01-01T02:38:33Z,-33.30395000,148.01991700,592.0,-11712.0,186.433
1,2018-01-01T02:38:43Z,-33.30470000,148.01866700,602.0,-11702.0,186.574
1,2018-01-01T02:38:53Z,-33.30516700,148.01733300,612.0,-11692.0,186.698
1,2018-01-01T02:39:03Z,-33.30551700,148.01598300,622.0,-11682.0,186.814
1,2018-01-01T02:39:13Z,-33.30603300,148.01473300,632.0,-11672.0,186.936
1,2018-01-01T02:39:23Z,-33.30675000,148.01358300,642.0,-11662.0,187.068
1,2018-01-01T02:39:33Z,-33.30751700,148.01260000,652.0,-11652.0,187.192
1,2018-01-01T02:39:43Z,-33.30803300,148.01150000,662.0,-11642.0,187.305
1,2018-01-01T02:39:53Z,-33.30831700,148.01026700,672.0,-11632.0,187.408
1,2018-01-01T02:40:03Z,-33.30856700,148.00888300,682.0,-11622.0,187.518
1,2018-01-01T02:40:13Z,-33.30870000,148.00721700,692.0,-11612.0,187.637
1,2018-01-01T02:40:23Z,-33.30886700,148.00566700,702.0,-11602.0,187.752
1,2018-01-01T02:40:33Z,-33.30915000,148.00415000,712.0,-11592.0,187.873
1,2018-01-01T02:40:43Z,-33.30941700,148.00286700,722.0,-11582.0,187.978
1,2018-01-01T02:40:53Z,-33.30965000,148.00153300,732.0,-11572.0,188.084
1,2018-01-01T02:41:03Z,-33.30976700,148.00000000,742.0,-11562.0,188.193
1,2018-01-01T02:41:13Z,-33.31038300,147.99873300,752.0,-11552.0,188.325
1,2018-01-01T02:41:23Z,-33.31133300,147.99803300,762.0,-11542.0,188.446
1,2018-01-01T02:41:33Z,-33.31233300,147.99730000,772.0,-11532.0,188.573
1,2018-01-01T02:41:43Z,-33.31310000,147.99638300,782.0,-11522.0,188.693
1,2018-01-01T02:41:53Z,-33.31353300,147.99506700,792.0,-11512.0,188.813
1,2018-01-01T02:42:03Z,-33.31343300,147.99360000,802.0,-11502.0,188.902
1,2018-01-01T02:42:13Z,-33.31256700,147.99240000,812.0,-11492.0,188.912
1,2018-01-01T02:42:23Z,-33.31151700,147.99130000,822.0,-11482.0,188.902
1,2018-01-01T02:42:33Z,-33.31005000,147.99060000,832.0,-11472.0,188.833
1,2018-01-01T02:42:43Z,-33.30870000,147.98991700,842.0,-11462.0,188.772
1,2018-01-01T02:42:53Z,-33.30721700,147.98958300,852.0,-11452.0,188.677
1,2018-01-01T02:43:03Z,-33.30568300,147.98963300,862.0,-11442.0,188.554
1,2018-01-01T02:43:13Z,-33.30411700,147.99035000,872.0,-11432.0,188.384
1,2018-01-01T02:43:23Z,-33.30430000,147.99091700,882.0,-11422.0,188.361
1,2018-01-01T02:43:33Z,-33.30360000,147.99168300,892.0,-11412.0,188.255
1,2018-01-01T02:43:43Z,-33.30263300,147.99080000,902.0,-11402.0,188.238
1,2018-01-01T02:43:53Z,-33.30138300,147.99001700,912.0,-11392.0,188.192
1,2018-01-01T02:44:03Z,-33.30041700,147.99080000,922.0,-11382.0,188.065
1,2018-01-01T02:44:13Z,-33.30038300,147.99046700,932.0,-11372.0,188.084
1,2018-01-01T02:44:23Z,-33.29855000,147.99018300,942.0,-11362.0,187.96
1,2018-01-01T02:44:33Z,-33.29756700,147.99143300,952.0,-11352.0,187.801
1,2018-01-01T02:44:43Z,-33.29820000,147.99081700,962.0,-11342.0,187.891
1,2018-01-01T02:44:53Z,-33.29741700,147.99195000,972.0,-11332.0,187.755
1,2018-01-01T02:45:03Z,-33.29860000,147.99206700,982.0,-11322.0,187.839
1,2018-01-01T02:45:13Z,-33.29768300,147.99108300,992.0,-11312.0,187.833
1,2018-01-01T02:45:23Z,-33.29628300,147.99218300,1002.0,-11302.0,187.651
1,2018-01-01T02:45:33Z,-33.29706700,147.99238300,1012.0,-11292.0,187.699
1,2018-01-01T02:45:43Z,-33.29615000,147.99271700,1022.0,-11282.0,187.605
1,2018-01-01T02:45:53Z,-33.29711700,147.99255000,1032.0,-11272.0,187.691
1,2018-01-01T02:46:03Z,-33.29640000,147.99338300,1042.0,-11262.0,187.58
1,2018-01-01T02:46:14Z,-33.29650000,147.99273300,1053.0,-11251.0,187.631
1,2018-01-01T02:46:24Z,-33.29601700,147.99460000,1063.0,-11241.0,187.47
1,2018-01-01T02:46:34Z,-33.29575000,147.99671700,1073.0,-11231.0,187.309
1,2018-01-01T02:46:44Z,-33.29478300,147.99868300,1083.0,-11221.0,187.103
1,2018-01-01T02:46:54Z,-33.29341700,148.00041700,1093.0,-11211.0,186.882
1,2018-01-01T02:47:04Z,-33.29180000,148.00285000,1103.0,-11201.0,186.595
2,2018-01-01T02:47:14Z,-33.29028300,148.00553300,1113.0,-11191.0,186.299
2,2018-01-01T02:47:24Z,-33.28913300,148.00840000,1123.0,-11181.0,186.019
2,2018-01-01T02:47:34Z,-33.28780000,148.01126700,1133.0,-11171.0,185.726
2,2018-01-01T02:47:44Z,-33.28645000,148.01406700,1143.0,-11161.0,185.435
2,2018-01-01T02:47:54Z,-33.28528300,148.01665000,1153.0,-11151.0,185.174
2,2018-01-01T02:48:04Z,-33.28406700,148.01925000,1163.0,-11141.0,184.907
2,2018-01-01T02:48:14Z,-33.28266700,148.02176700,1173.0,-11131.0,184.631
2,2018-01-01T02:48:24Z,-33.28135000,148.02415000,1183.0,-11121.0,184.371
2,2018-01-01T02:48:34Z,-33.27991700,148.02660000,1193.0,-11111.0,184.097
2,2018-01-01T02:48:44Z,-33.27848300,148.02901700,1203.0,-11101.0,183.826
2,2018-01-01T02:48:54Z,-33.27680000,148.03143300,1213.0,-11091.0,183.535
2,2018-01-01T02:49:04Z,-33.27525000,148.03373300,1223.0,-11081.0,183.261
2,2018-01-01T02:49:14Z,-33.27383300,148.03596700,1233.0,-11071.0,183.003
2,2018-01-01T02:49:24Z,-33.27246700,148.03820000,1243.0,-11061.0,182.749
2,2018-01-01T02:49:34Z,-33.27101700,148.04046700,1253.0,-11051.0,182.486
2,2018-01-01T02:49:44Z,-33.26918300,148.04273300,1263.0,-11041.0,182.193
2,2018-01-01T02:49:54Z,-33.26726700,148.04491700,1273.0,-11031.0,181.899
2,2018-01-01T02:50:04Z,-33.26550000,148.04690000,1283.0,-11021.0,181.629
2,2018-01-01T02:50:14Z,-33.26381700,148.04871700,1293.0,-11011.0,181.378
2,2018-01-01T02:50:24Z,-33.26176700,148.05078300,1303.0,-11001.0,181.081
2,2018-01-01T02:50:34Z,-33.25970000,148.05281700,1313.0,-10991.0,180.784
2,2018-01-01T02:50:44Z,-33.25795000,148.05476700,1323.0,-10981.0,180.518
2,2018-01-01T02:50:54Z,-33.25616700,148.05645000,1333.0,-10971.0,180.268
2,2018-01-01T02:51:04Z,-33.25515000,148.05600000,1343.0,-10961.0,180.217
2,2018-01-01T02:51:14Z,-33.25495000,148.05733300,1353.0,-10951.0,180.114
2,2018-01-01T02:51:24Z,-33.25303300,148.05773300,1363.0,-10941.0,179.937
2,2018-01-01T02:51:34Z,-33.25296700,148.05806700,1373.0,-10931.0,179.91
2,2018-01-01T02:51:44Z,-33.25216700,148.05813300,1383.0,-10921.0,179.843
2,2018-01-01T02:51:54Z,-33.25130000,148.05923300,1393.0,-10911.0,179.702
2,2018-01-01T02:52:04Z,-33.25118300,148.05958300,1403.0,-10901.0,179.67
2,2018-01-01T02:52:14Z,-33.25033300,148.05933300,1413.0,-10891.0,179.62
2,2018-01-01T02:52:24Z,-33.24961700,148.06076700,1423.0,-10881.0,179.469
2,2018-01-01T02:52:34Z,-33.24960000,148.06056700,1433.0,-10871.0,179.481
2,2018-01-01T02:52:44Z,-33.24843300,148.06090000,1443.0,-10861.0,179.367
2,2018-01-01T02:52:54Z,-33.24905000,148.06086700,1453.0,-10851.0,179.418
2,2018-01-01T02:53:04Z,-33.25006700,148.06106700,1463.0,-10841.0,179.484
2,2018-01-01T02:53:14Z,-33.24905000,148.06246700,1473.0,-10831.0,179.312
2,2018-01-01T02:53:24Z,-33.24820000,148.06151700,1483.0,-10821.0,179.308
2,2018-01-01T02:53:34Z,-33.24826700,148.06266700,1493.0,-10811.0,179.238
2,2018-01-01T02:53:44Z,-33.24671700,148.06440000,1503.0,-10801.0,179.002
2,2018-01-01T02:53:55Z,-33.24581700,148.06413300,1514.0,-10790.0,178.949
2,2018-01-01T02:54:05Z,-33.24531700,148.06570000,1524.0,-10780.0,178.806
2,2018-01-01T02:54:15Z,-33.24375000,148.06741700,1534.0,-10770.0,178.57
2,2018-01-01T02:54:25Z,-33.24183300,148.06940000,1544.0,-10760.0,178.289
2,2018-01-01T02:54:35Z,-33.23970000,148.07130000,1554.0,-10750.0,177.997
2,2018-01-01T02:54:45Z,-33.23723300,148.07245000,1564.0,-10740.0,177.727
2,2018-01-01T02:54:55Z,-33.23476700,148.07410000,1574.0,-10730.0,177.425
2,2018-01-01T02:55:05Z,-33.23290000,148.07616700,1584.0,-10720.0,177.143
2,2018-01-01T02:55:15Z,-33.23101700,148.07806700,1594.0,-10710.0,176.87
2,2018-01-01T02:55:25Z,-33.22968300,148.08048300,1604.0,-10700.0,176.606
2,2018-01-01T02:55:35Z,-33.22873300,148.08360000,1614.0,-10690.0,176.326
2,2018-01-01T02:55:45Z,-33.22836700,148.08633300,1624.0,-10680.0,176.117
2,2018-01-01T02:55:55Z,-33.22823300,148.08880000,1634.0,-10670.0,175.944
2,2018-01-01T02:56:05Z,-33.22788300,148.09103300,1644.0,-10660.0,175.77
2,2018-01-01T02:56:15Z,-33.22716700,148.09093300,1654.0,-10650.0,175.72
2,2018-01-01T02:56:25Z,-33.22735000,148.09223300,1664.0,-10640.0,175.649
2,2018-01-01T02:56:35Z,-33.22641700,148.09248300,1674.0,-10630.0,175.559
2,2018-01-01T02:56:45Z,-33.22665000,148.09333300,1684.0,-10620.0,175.521
2,2018-01-01T02:56:55Z,-33.22530000,148.09405000,1694.0,-10610.0,175.368
2,2018-01-01T02:57:05Z,-33.22420000,148.09563300,1704.0,-10600.0,175.177
2,2018-01-01T02:57:15Z,-33.22296700,148.09758300,1714.0,-10590.0,174.952
2,2018-01-01T02:57:25Z,-33.22141700,148.09933300,1724.0,-10580.0,174.715
2,2018-01-01T02:57:35Z,-33.21991700,148.10141700,1734.0,-10570.0,174.46
2,2018-01-01T02:57:45Z,-33.21888300,148.10326700,1744.0,-10560.0,174.257
2,2018-01-01T02:57:55Z,-33.21953300,148.10353300,1754.0,-10550.0,174.291
2,2018-01-01T02:58:05Z,-33.21783300,148.10353300,1764.0,-10540.0,174.157
2,2018-01-01T02:58:15Z,-33.21671700,148.10533300,1774.0,-10530.0,173.951
2,2018-01-01T02:58:25Z,-33.21505000,148.10641700,1784.0,-10520.0,173.749
2,2018-01-01T02:58:35Z,-33.21295000,148.10698300,1794.0,-10510.0,173.546
2,2018-01-01T02:58:45Z,-33.21051700,148.10841700,1804.0,-10500.0,173.261
2,2018-01-01T02:58:55Z,-33.20816700,148.11000000,1814.0,-10490.0,172.972
2,2018-01-01T02:59:05Z,-33.20576700,148.11155000,1824.0,-10480.0,172.681
2,2018-01-01T02:59:15Z,-33.20350000,148.11330000,1834.0,-10470.0,172.388
2,2018-01-01T02:59:25Z,-33.20123300,148.11475000,1844.0,-10460.0,172.115
2,2018-01-01T02:59:35Z,-33.19890000,148.11606700,1854.0,-10450.0,171.845
2,2018-01-01T02:59:45Z,-33.19643300,148.11751700,1864.0,-10440.0,171.556
2,2018-01-01T02:59:55Z,-33.19428300,148.11930000,1874.0,-10430.0,171.27
2,2018-01-01T03:00:05Z,-33.19201700,148.12061700,1884.0,-10420.0,171.006
2,2018-01-01T03:00:15Z,-33.18995000,148.12195000,1894.0,-10410.0,170.756
2,2018-01-01T03:00:25Z,-33.18820000,148.12363300,1904.0,-10400.0,170.508
2,2018-01-01T03:00:35Z,-33.18693300,148.12428300,1914.0,-10390.0,170.366
2,2018-01-01T03:00:45Z,-33.18751700,148.12520000,1924.0,-10380.0,170.351
2,2018-01-01T03:00:55Z,-33.18678300,148.12480000,1934.0,-10370.0,170.32
2,2018-01-01T03:01:05Z,-33.18618300,148.12593300,1944.0,-10360.0,170.198
2,2018-01-01T03:01:15Z,-33.18590000,148.12553300,1954.0,-10350.0,170.202
2,2018-01-01T03:01:25Z,-33.18483300,148.12491700,1964.0,-10340.0,170.16
2,2018-01-01T03:01:35Z,-33.18530000,148.12501700,1974.0,-10330.0,170.19
2,2018-01-01T03:01:45Z,-33.18431700,148.12496700,1984.0,-10320.0,170.116
2,2018-01-01T03:01:55Z,-33.18471700,148.12578300,1994.0,-10310.0,170.093
2,2018-01-01T03:02:05Z,-33.18386700,148.12520000,2004.0,-10300.0,170.066
2,2018-01-01T03:02:15Z,-33.18353300,148.12613300,2014.0,-10290.0,169.978
2,2018-01-01T03:02:25Z,-33.18238300,148.12530000,2024.0,-10280.0,169.944
2,2018-01-01T03:02:36Z,-33.18285000,148.12583300,2035.0,-10269.0,169.945
2,2018-01-01T03:02:46Z,-33.18156700,148.12700000,2045.0,-10259.0,169.767
2,2018-01-01T03:02:56Z,-33.18113300,148.12643300,2055.0,-10249.0,169.771
2,2018-01-01T03:03:06Z,-33.18038300,148.12780000,2065.0,-10239.0,169.622
2,2018-01-01T03:03:16Z,-33.17900000,148.12946700,2075.0,-10229.0,169.403
2,2018-01-01T03:03:26Z,-33.17705000,148.13123300,2085.0,-10219.0,169.134
2,2018-01-01T03:03:36Z,-33.17553300,148.13301700,2095.0,-10209.0,168.898
2,2018-01-01T03:03:46Z,-33.17386700,148.13498300,2105.0,-10199.0,168.637
2,2018-01-01T03:03:56Z,-33.17235000,148.13741700,2115.0,-10189.0,168.357
2,2018-01-01T03:04:06Z,-33.17081700,148.13971700,2125.0,-10179.0,168.085
2,2018-01-01T03:04:16Z,-33.16913300,148.14173300,2135.0,-10169.0,167.82
2,2018-01-01T03:04:26Z,-33.16735000,148.14360000,2145.0,-10159.0,167.557
2,2018-01-01T03:04:36Z,-33.16555000,148.14560000,2155.0,-10149.0,167.284
2,2018-01-01T03:04:46Z,-33.16351700,148.14786700,2165.0,-10139.0,166.975
2,2018-01-01T03:04:56Z,-33.16141700,148.15020000,2175.0,-10129.0,166.657
2,2018-01-01T03:05:06Z,-33.15945000,148.15243300,2185.0,-10119.0,166.355
2,2018-01-01T03:05:16Z,-33.15726700,148.15445000,2195.0,-10109.0,166.051
2,2018-01-01T03:05:26Z,-33.15498300,148.15638300,2205.0,-10099.0,165.745
2,2018-01-01T03:05:36Z,-33.15268300,148.15825000,2215.0,-10089.0,165.442
2,2018-01-01T03:05:46Z,-33.15058300,148.16031700,2225.0,-10079.0,165.141
2,2018-01-01T03:05:56Z,-33.14865000,148.16230000,2235.0,-10069.0,164.859
2,2018-01-01T03:06:06Z,-33.14655000,148.16455000,2245.0,-10059.0,164.546
2,2018-01-01T03:06:16Z,-33.14460000,148.16680000,2255.0,-10049.0,164.245
2,2018-01-01T03:06:26Z,-33.14280000,148.16918300,2265.0,-10039.0,163.946
2,2018-01-01T03:06:36Z,-33.14113300,148.17151700,2275.0,-10029.0,163.661
2,2018-01-01T03:06:46Z,-33.13948300,148.17380000,2285.0,-10019.0,163.381
2,2018-01-01T03:06:56Z,-33.13785000,148.17630000,2295.0,-10009.0,163.087
2,2018-01-01T03:07:06Z,-33.13618300,148.17860000,2305.0,-9999.0,162.805
2,2018-01-01T03:07:16Z,-33.13461700,148.18086700,2315.0,-9989.0,162.532
2,2018-01-01T03:07:26Z,-33.13283300,148.18273300,2325.0,-9979.0,162.269
2,2018-01-01T03:07:36Z,-33.13100000,148.18465000,2335.0,-9969.0,161.999
2,2018-01-01T03:07:46Z,-33.12931700,148.18676700,2345.0,-9959.0,161.727
2,2018-01-01T03:07:56Z,-33.12746700,148.18890000,2355.0,-9949.0,161.441
2,2018-01-01T03:08:06Z,-33.12570000,148.19121700,2365.0,-9939.0,161.15
2,2018-01-01T03:08:16Z,-33.12381700,148.19346700,2375.0,-9929.0,160.853
2,2018-01-01T03:08:26Z,-33.12191700,148.19583300,2385.0,-9919.0,160.548
2,2018-01-01T03:08:36Z,-33.11991700,148.19821700,2395.0,-9909.0,160.234
2,2018-01-01T03:08:46Z,-33.11786700,148.20035000,2405.0,-9899.0,159.933
2,2018-01-01T03:08:56Z,-33.11593300,148.20270000,2415.0,-9889.0,159.626
2,2018-01-01T03:09:06Z,-33.11390000,148.20486700,2425.0,-9879.0,159.323
2,2018-01-01T03:09:16Z,-33.11183300,148.20680000,2435.0,-9869.0,159.034
2,2018-01-01T03:09:26Z,-33.10966700,148.20866700,2445.0,-9859.0,158.741
2,2018-01-01T03:09:36Z,-33.10756700,148.21078300,2455.0,-9849.0,158.437
2,2018-01-01T03:09:46Z,-33.10548300,148.21281700,2465.0,-9839.0,158.14
2,2018-01-01T03:09:56Z,-33.10345000,148.21478300,2475.0,-9829.0,157.851
2,2018-01-01T03:10:06Z,-33.10131700,148.21685000,2485.0,-9819.0,157.548
2,2018-01-01T03:10:16Z,-33.09935000,148.21893300,2495.0,-9809.0,157.256
2,2018-01-01T03:10:26Z,-33.09771700,148.22091700,2505.0,-9799.0,156.997
2,2018-01-01T03:10:36Z,-33.09545000,148.22255000,2515.0,-9789.0,156.712
2,2018-01-01T03:10:46Z,-33.09363300,148.22408300,2525.0,-9779.0,156.469
2,2018-01-01T03:10:56Z,-33.09218300,148.22596700,2535.0,-9769.0,156.231
2,2018-01-01T03:11:06Z,-33.09075000,148.22840000,2545.0,-9759.0,155.957
2,2018-01-01T03:11:16Z,-33.08985000,148.23090000,2555.0,-9749.0,155.72
2,2018-01-01T03:11:26Z,-33.08856700,148.23335000,2565.0,-9739.0,155.457
2,2018-01-01T03:11:36Z,-33.08640000,148.23481700,2575.0,-9729.0,155.191
2,2018-01-01T03:11:46Z,-33.08436700,148.23623300,2585.0,-9719.0,154.939
2,2018-01-01T03:11:56Z,-33.08238300,148.23783300,2595.0,-9709.0,154.679
2,2018-01-01T03:12:06Z,-33.08080000,148.23973300,2605.0,-9699.0,154.429
2,2018-01-01T03:12:16Z,-33.07931700,148.24153300,2615.0,-9689.0,154.194
2,2018-01-01T03:12:26Z,-33.07781700,148.24336700,2625.0,-9679.0,153.955
2,2018-01-01T03:12:36Z,-33.07723300,148.24573300,2635.0,-9669.0,153.752
2,2018-01-01T03:12:46Z,-33.07785000,148.24753300,2645.0,-9659.0,153.679
2,2018-01-01T03:12:56Z,-33.07885000,148.24868300,2655.0,-9649.0,153.68
2,2018-01-01T03:13:06Z,-33.07983300,148.24911700,2665.0,-9639.0,153.728
2,2018-01-01T03:13:16Z,-33.07963300,148.24780000,2675.0,-9629.0,153.8
2,2018-01-01T03:13:26Z,-33.07805000,148.24880000,2685.0,-9619.0,153.61
2,2018-01-01T03:13:36Z,-33.07820000,148.25043300,2695.0,-9609.0,153.513
2,2018-01-01T03:13:46Z,-33.07921700,148.25146700,2705.0,-9599.0,153.524
2,2018-01-01T03:13:56Z,-33.08048300,148.25258300,2715.0,-9589.0,153.548
2,2018-01-01T03:14:06Z,-33.08165000,148.25380000,2725.0,-9579.0,153.559
2,2018-01-01T03:14:16Z,-33.08236700,148.25545000,2735.0,-9569.0,153.506
2,2018-01-01T03:14:26Z,-33.08210000,148.25693300,2745.0,-9559.0,153.387
2,2018-01-01T03:14:37Z,-33.08178300,148.25616700,2756.0,-9548.0,153.413
2,2018-01-01T03:14:47Z,-33.08201700,148.25766700,2766.0,-9538.0,153.332
2,2018-01-01T03:14:57Z,-33.08063300,148.25895000,2776.0,-9528.0,153.139
2,2018-01-01T03:15:07Z,-33.08008300,148.25898300,2786.0,-9518.0,153.093
2,2018-01-01T03:15:17Z,-33.07938300,148.25906700,2796.0,-9508.0,153.033
2,2018-01-01T03:15:27Z,-33.07843300,148.25981700,2806.0,-9498.0,152.909
2,2018-01-01T03:15:37Z,-33.07856700,148.26055000,2816.0,-9488.0,152.871
2,2018-01-01T03:15:47Z,-33.07771700,148.26020000,2826.0,-9478.0,152.828
2,2018-01-01T03:15:57Z,-33.07678300,148.26055000,2836.0,-9468.0,152.731
2,2018-01-01T03:16:07Z,-33.07628300,148.26138300,2846.0,-9458.0,152.637
2,2018-01-01T03:16:17Z,-33.07613300,148.26136700,2856.0,-9448.0,152.626
2,2018-01-01T03:16:27Z,-33.07540000,148.26110000,2866.0,-9438.0,152.587
2,2018-01-01T03:16:37Z,-33.07475000,148.26176700,2876.0,-9428.0,152.492
2,2018-01-01T03:16:47Z,-33.07506700,148.26153300,2886.0,-9418.0,152.532
2,2018-01-01T03:16:57Z,-33.07426700,148.26140000,2896.0,-9408.0,152.478
2,2018-01-01T03:17:07Z,-33.07390000,148.26231700,2906.0,-9398.0,152.389
2,2018-01-01T03:17:17Z,-33.07393300,148.26190000,2916.0,-9388.0,152.419
2,2018-01-01T03:17:27Z,-33.07296700,148.26311700,2926.0,-9378.0,152.263
2,2018-01-01T03:17:37Z,-33.07141700,148.26208300,2936.0,-9368.0,152.21
2,2018-01-01T03:17:47Z,-33.06938300,148.26275000,2946.0,-9358.0,152.007
2,2018-01-01T03:17:57Z,-33.06748300,148.26346700,2956.0,-9348.0,151.812
2,2018-01-01T03:18:07Z,-33.06553300,148.26351700,2966.0,-9338.0,151.657
2,2018-01-01T03:18:17Z,-33.06340000,148.26440000,2976.0,-9328.0,151.432
2,2018-01-01T03:18:27Z,-33.06166700,148.26603300,2986.0,-9318.0,151.189
2,2018-01-01T03:18:37Z,-33.06003300,148.26755000,2996.0,-9308.0,150.961
2,2018-01-01T03:18:47Z,-33.05855000,148.26945000,3006.0,-9298.0,150.719
2,2018-01-01T03:18:57Z,-33.05701700,148.27140000,3016.0,-9288.0,150.47
2,2018-01-01T03:19:07Z,-33.05505000,148.27301700,3026.0,-9278.0,150.209
2,2018-01-01T03:19:17Z,-33.05280000,148.27430000,3036.0,-9268.0,149.949
2,2018-01-01T03:19:27Z,-33.05088300,148.27613300,3046.0,-9258.0,149.678
2,2018-01-01T03:19:37Z,-33.04941700,148.27840000,3056.0,-9248.0,149.413
2,2018-01-01T03:19:47Z,-33.04823300,148.28078300,3066.0,-9238.0,149.162
2,2018-01-01T03:19:57Z,-33.04625000,148.28220000,3076.0,-9228.0,148.913
2,2018-01-01T03:20:07Z,-33.04403300,148.28306700,3086.0,-9218.0,148.684
2,2018-01-01T03:20:17Z,-33.04240000,148.28500000,3096.0,-9208.0,148.428
2,2018-01-01T03:20:27Z,-33.04050000,148.28660000,3106.0,-9198.0,148.174
2,2018-01-01T03:20:37Z,-33.03815000,148.28773300,3116.0,-9188.0,147.917
2,2018-01-01T03:20:47Z,-33.03593300,148.28921700,3126.0,-9178.0,147.646
2,2018-01-01T03:20:57Z,-33.03400000,148.29096700,3136.0,-9168.0,147.379
2,2018-01-01T03:21:07Z,-33.03201700,148.29285000,3146.0,-9158.0,147.1
2,2018-01-01T03:21:17Z,-33.03013300,148.29456700,3156.0,-9148.0,146.839
2,2018-01-01T03:21:27Z,-33.02808300,148.29596700,3166.0,-9138.0,146.587
2,2018-01-01T03:21:37Z,-33.02613300,148.29746700,3176.0,-9128.0,146.336
2,2018-01-01T03:21:47Z,-33.02433300,148.29943300,3186.0,-9118.0,146.066
2,2018-01-01T03:21:57Z,-33.02268300,148.30143300,3196.0,-9108.0,145.804
2,2018-01-01T03:22:07Z,-33.02106700,148.30333300,3206.0,-9098.0,145.552
2,2018-01-01T03:22:17Z,-33.01925000,148.30523300,3216.0,-9088.0,145.284
2,2018-01-01T03:22:27Z,-33.01755000,148.30733300,3226.0,-9078.0,145.012
2,2018-01-01T03:22:37Z,-33.01556700,148.30900000,3236.0,-9068.0,144.747
2,2018-01-01T03:22:47Z,-33.01345000,148.31085000,3246.0,-9058.0,144.46
2,2018-01-01T03:22:57Z,-33.01158300,148.31310000,3256.0,-9048.0,144.165
2,2018-01-01T03:23:07Z,-33.00990000,148.31545000,3266.0,-9038.0,143.877
2,2018-01-01T03:23:17Z,-33.00853300,148.31786700,3276.0,-9028.0,143.609
2,2018-01-01T03:23:27Z,-33.00733300,148.32028300,3286.0,-9018.0,143.354
2,2018-01-01T03:23:37Z,-33.00598300,148.32280000,3296.0,-9008.0,143.081
2,2018-01-01T03:23:47Z,-33.00428300,148.32455000,3306.0,-8998.0,142.832
2,2018-01-01T03:23:57Z,-33.00273300,148.32593300,3316.0,-8988.0,142.62
2,2018-01-01T03:24:07Z,-33.00095000,148.32746700,3326.0,-8978.0,142.379
2,2018-01-01T03:24:17Z,-33.00008300,148.32731700,3336.0,-8968.0,142.323
2,2018-01-01T03:24:27Z,-32.99960000,148.32863300,3346.0,-8958.0,142.197
2,2018-01-01T03:24:37Z,-32.99933300,148.32845000,3356.0,-8948.0,142.189
2,2018-01-01T03:24:47Z,-32.99861700,148.32840000,3366.0,-8938.0,142.137
2,2018-01-01T03:24:57Z,-32.99791700,148.32923300,3376.0,-8928.0,142.027
2,2018-01-01T03:25:07Z,-32.99806700,148.32973300,3386.0,-8918.0,142.005
2,2018-01-01T03:25:17Z,-32.99786700,148.32953300,3396.0,-8908.0,142.003
2,2018-01-01T03:25:27Z,-32.99695000,148.32980000,3406.0,-8898.0,141.915
2,2018-01-01T03:25:37Z,-32.99688300,148.33033300,3416.0,-8888.0,141.874
2,2018-01-01T03:25:47Z,-32.99651700,148.33020000,3426.0,-8878.0,141.855
2,2018-01-01T03:25:57Z,-32.99616700,148.33003300,3436.0,-8868.0,141.839
2,2018-01-01T03:26:07Z,-32.99585000,148.33131700,3446.0,-8858.0,141.728
2,2018-01-01T03:26:18Z,-32.99556700,148.33071700,3457.0,-8847.0,141.747
2,2018-01-01T03:26:28Z,-32.99451700,148.33105000,3467.0,-8837.0,141.644
2,2018-01-01T03:26:38Z,-32.99441700,148.33198300,3477.0,-8827.0,141.573
2,2018-01-01T03:26:48Z,-32.99408300,148.33140000,3487.0,-8817.0,141.587
2,2018-01-01T03:26:58Z,-32.99348300,148.33286700,3497.0,-8807.0,141.442
2,2018-01-01T03:27:08Z,-32.99320000,148.33240000,3507.0,-8797.0,141.452
2,2018-01-01T03:27:18Z,-32.99226700,148.33330000,3517.0,-8787.0,141.319
2,2018-01-01T03:27:28Z,-32.99243300,148.33353300,3527.0,-8777.0,141.316
2,2018-01-01T03:27:38Z,-32.99136700,148.33340000,3537.0,-8767.0,141.244
2,2018-01-01T03:27:48Z,-32.99108300,148.33420000,3547.0,-8757.0,141.168
2,2018-01-01T03:27:58Z,-32.99080000,148.33370000,3557.0,-8747.0,141.18
2,2018-01-01T03:28:08Z,-32.99025000,148.33516700,3567.0,-8737.0,141.039
2,2018-01-01T03:28:18Z,-32.98880000,148.33610000,3577.0,-8727.0,140.865
2,2018-01-01T03:28:28Z,-32.98746700,148.33733300,3587.0,-8717.0,140.679
2,2018-01-01T03:28:38Z,-32.98678300,148.33918300,3597.0,-8707.0,140.502
2,2018-01-01T03:28:48Z,-32.98550000,148.34103300,3607.0,-8697.0,140.278
2,2018-01-01T03:28:58Z,-32.98425000,148.34286700,3617.0,-8687.0,140.059
2,2018-01-01T03:29:08Z,-32.98291700,148.34493300,3627.0,-8677.0,139.817
2,2018-01-01T03:29:18Z,-32.98135000,148.34711700,3637.0,-8667.0,139.549
2,2018-01-01T03:29:28Z,-32.97985000,148.34933300,3647.0,-8657.0,139.284
2,2018-01-01T03:29:38Z,-32.97841700,148.35160000,3657.0,-8647.0,139.021
2,2018-01-01T03:29:48Z,-32.97688300,148.35380000,3667.0,-8637.0,138.755
2,2018-01-01T03:29:58Z,-32.97551700,148.35628300,3677.0,-8627.0,138.483
2,2018-01-01T03:30:08Z,-32.97455000,148.35860000,3687.0,-8617.0,138.252
2,2018-01-01T03:30:18Z,-32.97343300,148.36076700,3697.0,-8607.0,138.02
2,2018-01-01T03:30:28Z,-32.97208300,148.36300000,3707.0,-8597.0,137.766
2,2018-01-01T03:30:38Z,-32.97020000,148.36486700,3717.0,-8587.0,137.495
2,2018-01-01T03:30:48Z,-32.96830000,148.36680000,3727.0,-8577.0,137.219
2,2018-01-01T03:30:58Z,-32.96655000,148.36910000,3737.0,-8567.0,136.929
2,2018-01-01T03:31:08Z,-32.96505000,148.37116700,3747.0,-8557.0,136.675
2,2018-01-01T03:31:18Z,-32.96313300,148.37326700,3757.0,-8547.0,136.386
2,2018-01-01T03:31:28Z,-32.96120000,148.37570000,3767.0,-8537.0,136.073
2,2018-01-01T03:31:38Z,-32.95945000,148.37766700,3777.0,-8527.0,135.806
2,2018-01-01T03:31:48Z,-32.95790000,148.37946700,3787.0,-8517.0,135.565
2,2018-01-01T03:31:58Z,-32.95620000,148.38153300,3797.0,-8507.0,135.295
2,2018-01-01T03:32:08Z,-32.95425000,148.38343300,3807.0,-8497.0,135.018
2,2018-01-01T03:32:18Z,-32.95183300,148.38493300,3817.0,-8487.0,134.731
2,2018-01-01T03:32:28Z,-32.94960000,148.38606700,3827.0,-8477.0,134.483
2,2018-01-01T03:32:38Z,-32.94748300,148.38733300,3837.0,-8467.0,134.235
2,2018-01-01T03:32:48Z,-32.94650000,148.38923300,3847.0,-8457.0,134.032
2,2018-01-01T03:32:58Z,-32.94761700,148.38938300,3857.0,-8447.0,134.107
2,2018-01-01T03:33:08Z,-32.94890000,148.38961700,3867.0,-8437.0,134.189
2,2018-01-01T03:33:18Z,-32.95023300,148.38976700,3877.0,-8427.0,134.282
2,2018-01-01T03:33:28Z,-32.95168300,148.38986700,3887.0,-8417.0,134.386
2,2018-01-01T03:33:38Z,-32.95246700,148.39031700,3897.0,-8407.0,134.416
2,2018-01-01T03:33:48Z,-32.95313300,148.39106700,3907.0,-8397.0,134.417
2,2018-01-01T03:33:58Z,-32.95381700,148.39151700,3917.0,-8387.0,134.44
2,2018-01-01T03:34:08Z,-32.95410000,148.39180000,3927.0,-8377.0,134.443
2,2018-01-01T03:34:18Z,-32.95253300,148.39330000,3937.0,-8367.0,134.221
2,2018-01-01T03:34:28Z,-32.95235000,148.39366700,3947.0,-8357.0,134.182
2,2018-01-01T03:34:38Z,-32.95191700,148.39550000,3957.0,-8347.0,134.026
2,2018-01-01T03:34:48Z,-32.95126700,148.39600000,3967.0,-8337.0,133.942
2,2018-01-01T03:34:58Z,-32.95038300,148.39636700,3977.0,-8327.0,133.849
2,2018-01-01T03:35:08Z,-32.94991700,148.39741700,3987.0,-8317.0,133.743
2,2018-01-01T03:35:18Z,-32.95011700,148.39801700,3997.0,-8307.0,133.718
2,2018-01-01T03:35:28Z,-32.94940000,148.39820000,4007.0,-8297.0,133.65
2,2018-01-01T03:35:38Z,-32.94855000,148.39906700,4017.0,-8287.0,133.526
2,2018-01-01T03:35:48Z,-32.94916700,148.39935000,4027.0,-8277.0,133.555
2,2018-01-01T03:35:58Z,-32.94803300,148.40031700,4037.0,-8267.0,133.403
2,2018-01-01T03:36:08Z,-32.94811700,148.40073300,4047.0,-8257.0,133.381
2,2018-01-01T03:36:18Z,-32.94673300,148.40131700,4057.0,-8247.0,133.235
2,2018-01-01T03:36:28Z,-32.94720000,148.40160000,4067.0,-8237.0,133.252
2,2018-01-01T03:36:38Z,-32.94580000,148.40240000,4077.0,-8227.0,133.09
2,2018-01-01T03:36:48Z,-32.94590000,148.40240000,4087.0,-8217.0,133.098
2,2018-01-01T03:36:58Z,-32.94478300,148.40393300,4097.0,-8207.0,132.909
2,2018-01-01T03:37:08Z,-32.94301700,148.40481700,4107.0,-8197.0,132.713
2,2018-01-01T03:37:18Z,-32.94076700,148.40596700,4117.0,-8187.0,132.462
2,2018-01-01T03:37:28Z,-32.93841700,148.40711700,4127.0,-8177.0,132.204
2,2018-01-01T03:37:38Z,-32.93618300,148.40838300,4137.0,-8167.0,131.946
2,2018-01-01T03:37:48Z,-32.93398300,148.40995000,4147.0,-8157.0,131.672
2,2018-01-01T03:37:58Z,-32.93200000,148.41170000,4157.0,-8147.0,131.401
2,2018-01-01T03:38:09Z,-32.93008300,148.41346700,4168.0,-8136.0,131.135
2,2018-01-01T03:38:19Z,-32.92800000,148.41543300,4178.0,-8126.0,130.842
2,2018-01-01T03:38:29Z,-32.92623300,148.41766700,4188.0,-8116.0,130.556
2,2018-01-01T03:38:39Z,-32.92475000,148.41995000,4198.0,-8106.0,130.288
2,2018-01-01T03:38:49Z,-32.92293300,148.42215000,4208.0,-8096.0,130.0
2,2018-01-01T03:38:59Z,-32.92081700,148.42381700,4218.0,-8086.0,129.725
2,2018-01-01T03:39:09Z,-32.91845000,148.42505000,4228.0,-8076.0,129.46
2,2018-01-01T03:39:19Z,-32.91690000,148.42715000,4238.0,-8066.0,129.199
2,2018-01-01T03:39:29Z,-32.91636700,148.42980000,4248.0,-8056.0,128.979
2,2018-01-01T03:39:39Z,-32.91610000,148.43253300,4258.0,-8046.0,128.774
2,2018-01-01T03:39:49Z,-32.91530000,148.43455000,4268.0,-8036.0,128.576
2,2018-01-01T03:39:59Z,-32.91515000,148.43425000,4278.0,-8026.0,128.585
2,2018-01-01T03:40:09Z,-32.91511700,148.43566700,4288.0,-8016.0,128.487
2,2018-01-01T03:40:19Z,-32.91525000,148.43596700,4298.0,-8006.0,128.477
2,2018-01-01T03:40:29Z,-32.91443300,148.43770000,4308.0,-7996.0,128.298
2,2018-01-01T03:40:39Z,-32.91270000,148.43870000,4318.0,-7986.0,128.097
2,2018-01-01T03:40:49Z,-32.91103300,148.44000000,4328.0,-7976.0,127.881
2,2018-01-01T03:40:59Z,-32.90928300,148.44140000,4338.0,-7966.0,127.652
2,2018-01-01T03:41:09Z,-32.90745000,148.44213300,4348.0,-7956.0,127.461
2,2018-01-01T03:41:19Z,-32.90748300,148.44278300,4358.0,-7946.0,127.42
2,2018-01-01T03:41:29Z,-32.90663300,148.44276700,4368.0,-7936.0,127.356
2,2018-01-01T03:41:39Z,-32.90588300,148.44373300,4378.0,-7926.0,127.233
2,2018-01-01T03:41:49Z,-32.90570000,148.44443300,4388.0,-7916.0,127.172
2,2018-01-01T03:41:59Z,-32.90468300,148.44420000,4398.0,-7906.0,127.109
2,2018-01-01T03:42:09Z,-32.90388300,148.44501700,4408.0,-7896.0,126.993
2,2018-01-01T03:42:19Z,-32.90375000,148.44540000,4418.0,-7886.0,126.957
2,2018-01-01T03:42:29Z,-32.90316700,148.44530000,4428.0,-7876.0,126.919
2,2018-01-01T03:42:39Z,-32.90220000,148.44581700,4438.0,-7866.0,126.81
2,2018-01-01T03:42:49Z,-32.90210000,148.44673300,4448.0,-7856.0,126.74
2,2018-01-01T03:42:59Z,-32.90163300,148.44648300,4458.0,-7846.0,126.721
2,2018-01-01T03:43:09Z,-32.90071700,148.44703300,4468.0,-7836.0,126.614
2,2018-01-01T03:43:19Z,-32.90045000,148.44786700,4478.0,-7826.0,126.537
2,2018-01-01T03:43:29Z,-32.90003300,148.44773300,4488.0,-7816.0,126.514
2,2018-01-01T03:43:39Z,-32.89910000,148.44873300,4498.0,-7806.0,126.375
2,2018-01-01T03:43:49Z,-32.89910000,148.44935000,4508.0,-7796.0,126.333
2,2018-01-01T03:43:59Z,-32.89843300,148.44935000,4518.0,-7786.0,126.282
2,2018-01-01T03:44:09Z,-32.89755000,148.45043300,4528.0,-7776.0,126.141
2,2018-01-01T03:44:19Z,-32.89745000,148.45111700,4538.0,-7766.0,126.087
2,2018-01-01T03:44:29Z,-32.89650000,148.45083300,4548.0,-7756.0,126.034
2,2018-01-01T03:44:39Z,-32.89591700,148.45193300,4558.0,-7746.0,125.915
2,2018-01-01T03:44:49Z,-32.89595000,148.45200000,4568.0,-7736.0,125.913
2,2018-01-01T03:44:59Z,-32.89493300,148.45260000,4578.0,-7726.0,125.794
2,2018-01-01T03:45:09Z,-32.89480000,148.45351700,4588.0,-7716.0,125.722
2,2018-01-01T03:45:19Z,-32.89415000,148.45325000,4598.0,-7706.0,125.69
2,2018-01-01T03:45:29Z,-32.89310000,148.45446700,4608.0,-7696.0,125.528
2,2018-01-01T03:45:39Z,-32.89313300,148.45420000,4618.0,-7686.0,125.548
2,2018-01-01T03:45:49Z,-32.89178300,148.45521700,4628.0,-7676.0,125.376
2,2018-01-01T03:45:59Z,-32.89200000,148.45500000,4638.0,-7666.0,125.407
2,2018-01-01T03:46:09Z,-32.89105000,148.45620000,4648.0,-7656.0,125.253
2,2018-01-01T03:46:19Z,-32.89096700,148.45583300,4658.0,-7646.0,125.272
2,2018-01-01T03:46:29Z,-32.88976700,148.45746700,4668.0,-7636.0,125.069
2,2018-01-01T03:46:39Z,-32.88770000,148.45881700,4678.0,-7626.0,124.82
2,2018-01-01T03:46:49Z,-32.88593300,148.46093300,4688.0,-7616.0,124.542
2,2018-01-01T03:46:59Z,-32.88460000,148.46280000,4698.0,-7606.0,124.313
2,2018-01-01T03:47:09Z,-32.88381700,148.46513300,4708.0,-7596.0,124.095
2,2018-01-01T03:47:19Z,-32.88283300,148.46726700,4718.0,-7586.0,123.875
