fixIdx,tickLead,togo,area
4,-2708.88094566137,186.093,0.0
200,-605.88094566137,186.061,0.0
201,-595.88094566137,185.966,0.0
202,-585.88094566137,185.833,0.0
203,-575.88094566137,185.726,0.0
206,-545.88094566137,185.687,0.0
207,-535.88094566137,185.62,0.0
208,-525.88094566137,185.506,0.0
209,-515.88094566137,185.42,0.0
210,-505.88094566137,185.331,0.0
211,-495.88094566137,185.228,0.0
212,-485.88094566137,185.117,0.0
213,-475.88094566137,185.016,0.0
214,-465.88094566137,184.911,0.0
215,-455.88094566137,184.783,0.0
216,-445.88094566137,184.627,0.0
217,-435.88094566137,184.493,0.0
218,-425.88094566137,184.378,0.0
219,-415.88094566137,184.233,0.0
220,-405.88094566137,184.12,0.0
221,-395.88094566137,184.009,0.0
222,-385.88094566137,183.857,0.0
223,-375.88094566137,183.69,0.0
224,-365.88094566137,183.495,0.0
225,-355.88094566137,183.319,0.0
226,-345.88094566137,183.127,0.0
227,-335.88094566137,182.936,0.0
228,-325.88094566137,182.781,0.0
229,-315.88094566137,182.603,0.0
230,-305.88094566137,182.495,0.0
231,-295.88094566137,182.404,0.0
232,-285.88094566137,182.305,0.0
233,-275.88094566137,182.214,0.0
234,-265.88094566137,182.09,0.0
235,-255.88094566137,181.942,0.0
236,-245.88094566137,181.839,0.0
237,-235.88094566137,181.755,0.0
238,-225.88094566137,181.604,0.0
239,-215.88094566137,181.432,0.0
240,-205.88094566137,181.275,0.0
241,-195.88094566137,181.126,0.0
242,-185.88094566137,180.997,0.0
243,-175.88094566137,180.876,0.0
244,-165.88094566137,180.747,0.0
245,-155.88094566137,180.626,0.0
246,-145.88094566137,180.481,0.0
247,-135.88094566137,180.42,0.0
250,-105.88094566137,180.351,0.0
254,-64.88094566137,180.258,0.0
255,-54.88094566137,180.225,0.0
256,-44.88094566137,180.132,0.0
257,-34.88094566137,180.028,0.0
258,-24.88094566137,179.952,0.0
259,-14.88094566137,179.864,0.0
260,-4.88094566137,179.796,0.0
261,5.11905433863,179.729,0.0
262,15.11905433863,179.652,0.0
263,25.11905433863,179.561,0.0
264,35.11905433863,179.503,0.0
265,45.11905433863,179.439,0.0
266,55.11905433863,179.401,0.0
267,65.11905433863,179.351,0.0
268,75.11905433863,179.296,0.0
269,85.11905433863,179.26,0.0
272,115.11905433863,179.181,0.0
274,135.11905433863,179.141,0.0
275,145.11905433863,179.138,0.0
276,155.11905433863,179.106,0.0
277,165.11905433863,179.048,0.0
279,185.11905433863,178.997,0.0
281,205.11905433863,178.948,0.0
283,225.11905433863,178.927,0.0
284,235.11905433863,178.907,0.0
286,255.11905433863,178.803,0.0
289,285.11905433863,178.774,0.0
291,305.11905433863,178.729,0.0
292,315.11905433863,178.683,0.0
295,345.11905433863,178.573,0.0
299,386.11905433863,178.509,0.0
300,396.11905433863,178.458,0.0
305,446.11905433863,178.456,0.0
309,486.11905433863,178.404,0.0
324,636.11905433863,178.35,0.0
325,646.11905433863,178.319,0.0
329,686.11905433863,178.238,0.0
330,696.11905433863,178.156,0.0
331,706.11905433863,178.073,0.0
332,716.11905433863,177.989,0.0
333,726.11905433863,177.898,0.0
334,736.11905433863,177.799,0.0
335,746.11905433863,177.724,0.0
336,756.11905433863,177.617,0.0
337,766.11905433863,177.534,0.0
338,776.11905433863,177.504,0.0
339,786.11905433863,177.401,0.0
341,806.11905433863,177.375,0.0
343,826.11905433863,177.36,0.0
345,846.11905433863,177.347,0.0
346,856.11905433863,177.196,0.0
349,886.11905433863,177.112,0.0
353,913.11905433863,177.094,0.0
356,943.11905433863,177.046,0.0
358,963.11905433863,177.032,0.0
360,983.11905433863,176.953,0.0
367,1053.11905433863,176.945,0.0
371,1093.11905433863,176.938,0.0
372,1103.11905433863,176.872,0.0
374,1123.11905433863,176.813,0.0
380,1184.11905433863,176.798,0.0
383,1214.11905433863,176.736,0.0
448,1864.11905433863,176.559,0.0
449,1874.11905433863,176.373,0.0
450,1884.11905433863,176.208,0.0
451,1894.11905433863,176.036,114757.03641434852
452,1904.11905433863,175.878,105873.61215639724
453,1914.11905433863,175.701,119114.63915193679
454,1924.11905433863,175.497,137852.33978369212
455,1934.11905433863,175.3,133661.18289525303
456,1944.11905433863,175.131,115136.24975193653
457,1954.11905433863,174.951,123138.34322058038
458,1964.11905433863,174.746,140803.54089372553
459,1974.11905433863,174.535,145489.20053530193
460,1984.11905433863,174.317,150891.73027501506
461,1994.11905433863,174.079,165348.85828917567
462,2004.11905433863,173.84,166647.7922466826
463,2014.11905433863,173.603,165850.601283385
464,2024.11905433863,173.376,159428.18481567022
465,2034.11905433863,173.145,162823.8077993742
466,2044.11905433863,172.932,150681.01166327432
467,2054.11905433863,172.728,144845.46563381425
468,2064.11905433863,172.518,149652.05787718657
469,2074.11905433863,172.3,155912.2013292008
470,2084.11905433863,172.101,142836.76460023125
471,2094.11905433863,171.912,136156.3896873918
472,2104.11905433863,171.725,135210.9408219764
473,2114.11905433863,171.536,137156.28331443673
474,2124.11905433863,171.342,141292.8564640146
475,2134.11905433863,171.157,135222.72376850806
476,2144.11905433863,170.968,138642.2222470148
477,2155.11905433863,170.8,123740.52246580219
478,2165.11905433863,170.632,124192.47606544383
479,2175.11905433863,170.471,119452.28120152424
480,2185.11905433863,170.295,131052.11322206537
481,2195.11905433863,170.145,112095.94962883949
482,2205.11905433863,169.968,132748.1692763203
483,2215.11905433863,169.812,117413.8917561591
484,2225.11905433863,169.659,115570.59874580965
485,2235.11905433863,169.658,758.4138921646422
486,2245.11905433863,169.642,12188.302322186799
489,2275.11905433863,169.491,116506.76048849456
490,2285.11905433863,169.36,101435.24884530278
491,2295.11905433863,169.214,113451.87525074418
492,2305.11905433863,169.068,113847.92145519749
493,2315.11905433863,169.052,12524.608874462949
494,2325.11905433863,169.005,36943.07029116773
500,2385.11905433863,168.894,89458.15711095047
502,2405.11905433863,168.843,41427.182396826574
504,2425.11905433863,168.813,24565.679982353864
506,2445.11905433863,168.768,37144.158096710686
508,2465.11905433863,168.696,59896.00343184214
509,2475.11905433863,168.695,835.0828928663522
511,2495.11905433863,168.61,71537.37127299656
514,2525.11905433863,168.496,97040.5373682378
516,2545.11905433863,168.383,96885.87929543902
517,2555.11905433863,168.196,160819.8908275854
518,2565.11905433863,168.024,148340.42449335175
519,2575.11905433863,167.832,166054.88354188565
520,2585.11905433863,167.654,154374.28268936288
521,2595.11905433863,167.44,186096.28842043228
522,2605.11905433863,167.209,201385.91236194532
523,2615.11905433863,166.978,201879.86081622817
524,2625.11905433863,166.742,206748.9164720936
525,2635.11905433863,166.519,195834.67769043864
526,2645.11905433863,166.294,198074.25176210556
527,2655.11905433863,166.068,199436.11348520886
528,2665.11905433863,165.861,183118.4726356459
529,2675.11905433863,165.644,192438.92923753677
530,2685.11905433863,165.431,189351.84346492405
531,2695.11905433863,165.234,175562.76379427043
532,2705.11905433863,165.019,192075.34185628963
533,2716.11905433863,164.808,189024.2232597697
534,2726.11905433863,164.602,184990.24080406575
535,2736.11905433863,164.39,190834.19134411038
536,2746.11905433863,164.176,193088.2095864736
537,2756.11905433863,163.94,213421.1152734672
538,2766.11905433863,163.683,232904.76529547788
539,2776.11905433863,163.452,209786.2782802817
540,2786.11905433863,163.259,175679.3582758824
541,2796.11905433863,163.079,164246.38199183706
542,2806.11905433863,162.873,188419.98430797155
543,2816.11905433863,162.652,202594.49129115508
544,2826.11905433863,162.416,216808.68502634775
545,2836.11905433863,162.215,185059.1251105237
546,2846.11905433863,161.997,201158.61728425158
547,2856.11905433863,161.799,183110.3852130959
548,2866.11905433863,161.622,164072.46704915902
549,2876.11905433863,161.453,157035.16562820692
550,2886.11905433863,161.328,116448.04930980968
551,2896.11905433863,161.197,122363.27453807445
554,2926.11905433863,161.189,7546.718539625332
572,3106.11905433863,161.156,33040.98423682295
573,3116.11905433863,161.01,146570.5112439837
574,3126.11905433863,160.837,174060.84279574026
575,3136.11905433863,160.625,213726.33793049958
576,3146.11905433863,160.402,225227.58304956165
577,3156.11905433863,160.176,228662.80752959894
578,3166.11905433863,159.952,227038.1927805084
579,3176.11905433863,159.747,208157.42753835002
580,3186.11905433863,159.529,221760.7936880965
581,3196.11905433863,159.305,228263.03865589396
582,3206.11905433863,159.094,215394.0962650921
583,3216.11905433863,158.898,200449.22554413884
584,3226.11905433863,158.705,197752.64237289983
585,3236.11905433863,158.469,242233.42668604787
586,3246.11905433863,158.233,242620.3656323178
587,3256.11905433863,157.97,270783.38330817234
588,3266.11905433863,157.71,268072.6003991315
589,3276.11905433863,157.442,276703.4265530654
590,3286.11905433863,157.268,179946.36780082522
591,3296.11905433863,157.152,120218.42735557201
599,3377.11905433863,157.118,36085.12497702935
600,3387.11905433863,156.982,144689.59691561127
601,3397.11905433863,156.837,154581.6731544676
613,3517.11905433863,156.726,122415.06262593878
614,3527.11905433863,156.575,166862.53895335697
615,3537.11905433863,156.446,142827.83811253874
619,3577.11905433863,156.333,126429.7924387585
620,3587.11905433863,156.253,89702.65573757362
621,3597.11905433863,156.092,180890.28631538092
622,3607.11905433863,155.917,196954.38157941258
623,3617.11905433863,155.747,191645.38480172303
624,3627.11905433863,155.576,193094.15509553434
625,3637.11905433863,155.384,217151.7198983392
626,3647.11905433863,155.2,208423.57568457563
627,3657.11905433863,155.061,157717.93667360302
628,3667.11905433863,154.874,212538.31774791834
629,3677.11905433863,154.659,244710.7838330227
630,3687.11905433863,154.465,221116.73616734147
631,3697.11905433863,154.29,199763.19888391963
632,3707.11905433863,154.155,154364.71545657923
633,3717.11905433863,153.986,193572.05624639295
634,3727.11905433863,153.757,262661.8090028901
635,3737.11905433863,153.518,274449.2585238397
636,3747.11905433863,153.358,183984.14510707153
637,3757.11905433863,153.186,198096.23618362375
638,3767.11905433863,153.015,197247.7512863637
639,3777.11905433863,152.847,194086.56761725902
640,3787.11905433863,152.721,145810.02179472
641,3797.11905433863,152.552,195897.68933770762
642,3807.11905433863,152.393,184592.94528401218
643,3817.11905433863,152.225,195344.21291188756
644,3827.11905433863,152.047,207278.36006450362
645,3837.11905433863,151.856,222727.3904664014
646,3847.11905433863,151.644,247531.3341942434
647,3857.11905433863,151.435,244323.46324681235
648,3867.11905433863,151.22,251636.6272390385
649,3877.11905433863,151.068,178144.99783406776
650,3887.11905433863,150.951,137356.10573168084
651,3897.11905433863,150.831,141129.6458947758
656,3947.11905433863,150.812,22621.79582522214
657,3957.11905433863,150.776,42963.10636895727
666,4047.11905433863,150.773,3661.2141111677606
668,4067.11905433863,150.723,61311.006320323075
670,4087.11905433863,150.69,40653.056912356245
672,4107.11905433863,150.639,63117.29795374987
675,4137.11905433863,150.536,128337.67361262577
676,4147.11905433863,150.368,209644.63160369542
677,4157.11905433863,150.206,202422.54822748993
678,4167.11905433863,150.012,242702.56476153983
679,4177.11905433863,149.843,211677.57575255592
680,4187.11905433863,149.679,205678.02083653692
681,4197.11905433863,149.533,183350.9444270873
682,4207.11905433863,149.382,189893.2198112498
683,4217.11905433863,149.215,210289.58941081678
684,4227.11905433863,149.044,215592.7476467758
685,4237.11905433863,148.856,237300.7000620668
686,4248.11905433863,148.67,235090.21177558377
687,4258.11905433863,148.48,240407.01462937467
688,4268.11905433863,148.3,228004.627130364
689,4278.11905433863,148.128,218122.5353068248
690,4288.11905433863,147.981,186653.34482397916
691,4298.11905433863,147.8,230105.65331403012
692,4308.11905433863,147.653,187108.46474736734
693,4318.11905433863,147.498,197547.0593361021
694,4328.11905433863,147.329,215651.83423723865
695,4338.11905433863,147.102,289941.8180023758
696,4348.11905433863,146.89,271002.19000892434
697,4358.11905433863,146.669,282739.6807954115
698,4368.11905433863,146.498,218980.60935538964
699,4378.11905433863,146.328,217944.6053349638
700,4388.11905433863,146.119,268208.0808945955
701,4398.11905433863,145.876,312067.5919049944
702,4408.11905433863,145.669,266029.16942730313
703,4418.11905433863,145.532,176258.81408371808
704,4428.11905433863,145.415,150736.7106768354
705,4438.11905433863,145.268,189642.6068776193
724,4628.11905433863,145.217,68564.3573384609
725,4638.11905433863,145.084,179077.92974595647
726,4648.11905433863,144.948,183342.04411723424
727,4658.11905433863,144.79,213242.1875734435
728,4668.11905433863,144.642,199963.24905202485
729,4678.11905433863,144.503,188019.00802139082
730,4688.11905433863,144.38,166581.10130325134
731,4698.11905433863,144.248,178993.1492468726
732,4708.11905433863,144.101,199564.46891631326
733,4718.11905433863,143.925,239173.60873909245
734,4728.11905433863,143.735,258417.2381624965
735,4738.11905433863,143.552,249099.6016038009
736,4748.11905433863,143.371,246584.36598044558
737,4758.11905433863,143.208,222263.05107716448
738,4768.11905433863,143.073,184277.95528432843
739,4778.11905433863,142.906,228195.76540980028
740,4788.11905433863,142.749,214736.77330934955
741,4798.11905433863,142.621,175262.62202066742
742,4808.11905433863,142.514,146693.04384179553
743,4818.11905433863,142.505,12359.299272756862
744,4828.11905433863,142.393,154058.4037824051
747,4858.11905433863,142.375,24901.8632435872
762,5008.11905433863,142.316,84120.21888022085
763,5018.11905433863,142.297,27136.216449844924
764,5028.11905433863,142.293,5723.809606683583
765,5038.11905433863,142.283,14337.277680102408
771,5099.11905433863,142.269,20313.5033520756
774,5129.11905433863,142.211,84629.6437375281
776,5149.11905433863,142.2,16109.127093033841
777,5159.11905433863,142.074,184792.02966665084
778,5169.11905433863,141.889,271550.132495028
779,5179.11905433863,141.708,265849.6553880594
780,5189.11905433863,141.507,295396.9069478678
781,5199.11905433863,141.302,301423.32043090137
782,5209.11905433863,141.079,328023.24323333043
783,5219.11905433863,140.859,323722.9573472658
784,5229.11905433863,140.639,323837.0422228058
785,5239.11905433863,140.445,285690.71281235036
786,5249.11905433863,140.221,330007.83166510594
787,5259.11905433863,139.995,333053.78291430377
788,5269.11905433863,139.778,319892.1222061366
789,5279.11905433863,139.556,327369.51210723765
790,5289.11905433863,139.337,323046.5234123775
791,5299.11905433863,139.107,339366.818372226
792,5309.11905433863,138.882,332072.25677921344
793,5319.11905433863,138.644,351334.1326525024
794,5329.11905433863,138.429,317459.3258047
795,5339.11905433863,138.23,293945.9523524181
796,5349.11905433863,138.021,308839.19296694576
797,5359.11905433863,137.848,255765.7628913931
798,5369.11905433863,137.68,248529.5626470502
799,5379.11905433863,137.506,257564.93655918783
800,5389.11905433863,137.294,313957.14222002204
801,5399.11905433863,137.104,281486.4193517548
802,5409.11905433863,136.922,269767.54495314823
803,5419.11905433863,136.763,235817.92414346806
804,5429.11905433863,136.574,280472.05272662785
805,5439.11905433863,136.381,286534.50510507904
806,5449.11905433863,136.182,295560.41912475054
807,5459.11905433863,135.978,303093.78373304475
808,5469.11905433863,135.761,322499.528567422
809,5479.11905433863,135.524,352277.4665995247
810,5489.11905433863,135.311,316655.5040844149
811,5499.11905433863,135.089,330105.5178890953
812,5509.11905433863,134.877,315302.2649401833
813,5519.11905433863,134.664,316864.9491024622
814,5529.11905433863,134.469,290173.33769799693
815,5539.11905433863,134.269,297714.355284954
816,5549.11905433863,134.105,244235.24144263176
817,5559.11905433863,133.923,271179.920265104
818,5569.11905433863,133.766,234054.32995430194
819,5579.11905433863,133.58,277429.2602623942
820,5589.11905433863,133.365,320777.2879814966
821,5599.11905433863,133.158,308904.8595979683
822,5609.11905433863,132.945,317924.52584364207
823,5619.11905433863,132.704,359743.91919748497
824,5629.11905433863,132.498,307527.8480784607
825,5639.11905433863,132.295,303119.44810636865
826,5649.11905433863,132.096,297221.6709432092
827,5659.11905433863,131.932,245043.20525136628
828,5669.11905433863,131.915,25428.260937205312
829,5679.11905433863,131.868,70408.5878909941
830,5681.11905433863,131.861,10487.930929579203
831,5682.11905433863,131.859,2996.9768739920873
832,5692.11905433863,131.772,130553.85634207449
833,5702.11905433863,131.542,345332.9886350327
834,5712.11905433863,131.315,340833.79856645345
835,5722.11905433863,131.132,274820.795240073
836,5732.11905433863,130.945,280921.977730548
837,5742.11905433863,130.759,279508.807649385
838,5752.11905433863,130.599,240537.97308860856
839,5762.11905433863,130.532,100812.75002212774
840,5772.11905433863,130.411,182249.48154996455
842,5792.11905433863,130.346,98171.81323638815
844,5812.11905433863,130.324,33330.99162566483
845,5822.11905433863,130.202,185051.23342759776
849,5863.11905433863,130.121,123630.68406817321
852,5893.11905433863,130.049,110391.32047444845
856,5933.11905433863,129.954,146549.7315810929
858,5953.11905433863,129.947,10830.55116739939
859,5963.11905433863,129.934,20146.117458495613
861,5983.11905433863,129.901,51302.58340295443
862,5993.11905433863,129.769,205422.78567890258
867,6043.11905433863,129.727,65862.9393292381
868,6053.11905433863,129.671,87929.3506816288
869,6063.11905433863,129.633,59743.258884088995
870,6073.11905433863,129.576,89729.80566652131
871,6083.11905433863,129.502,116624.17155861038
872,6093.11905433863,129.471,48916.55294664571
873,6103.11905433863,129.365,167448.9338961635
874,6113.11905433863,129.361,6326.491361841474
875,6123.11905433863,129.275,136194.6756974368
877,6143.11905433863,129.206,109563.68938365746
878,6153.11905433863,129.169,58823.04901956009
879,6163.11905433863,129.149,31840.891757589216
880,6173.11905433863,129.044,167354.89343965336
881,6183.11905433863,128.969,119649.38224255768
884,6213.11905433863,128.952,27242.395953432697
885,6223.11905433863,128.888,102692.41708611173
886,6233.11905433863,128.853,56228.56183644477
887,6243.11905433863,128.851,3217.753505573929
888,6253.11905433863,128.849,3222.8575606215186
889,6263.11905433863,128.809,64549.70917209847
890,6273.11905433863,128.786,37166.25436444802
891,6283.11905433863,128.761,40454.96157720298
892,6293.11905433863,128.724,59954.19910914609
893,6303.11905433863,128.665,95718.8571063487
894,6313.11905433863,128.543,198101.73653883304
906,6433.11905433863,128.487,92596.25707007202
907,6443.11905433863,128.357,215133.9411510241
908,6453.11905433863,128.25,177182.96076590286
909,6463.11905433863,128.06,314746.78851532773
910,6474.11905433863,127.886,288322.3283338363
911,6484.11905433863,127.709,293343.5885157693
912,6494.11905433863,127.563,242033.9468489144
913,6504.11905433863,127.453,182451.98672373328
918,6554.11905433863,127.414,65146.71777986529
919,6564.11905433863,127.368,76931.29152152606
920,6574.11905433863,127.355,21769.531262402845
921,6584.11905433863,127.338,28507.793583230334
922,6594.11905433863,127.271,112487.77790649734
941,6784.11905433863,127.244,46619.82165010667
943,6804.11905433863,127.229,25971.968821721697
944,6814.11905433863,127.219,17338.389651392426
946,6834.11905433863,127.099,208564.73875933822
948,6854.11905433863,127.019,139340.40206803096
950,6874.11905433863,126.885,233879.0874659552
951,6884.11905433863,126.721,286320.03909071744
952,6894.11905433863,126.512,364876.0561518584
953,6904.11905433863,126.309,354337.77553770534
954,6914.11905433863,126.129,314169.54945103143
955,6924.11905433863,125.92,364750.412257148
956,6934.11905433863,125.718,352467.345820321
957,6944.11905433863,125.548,296619.5731122695
958,6955.11905433863,125.325,389101.90290175646
959,6965.11905433863,125.098,395939.30403044063
960,6975.11905433863,124.867,402756.73155049206
961,6985.11905433863,124.631,411294.4831813809
962,6995.11905433863,124.387,425026.17582828406
963,7005.11905433863,124.169,379573.8330241081
964,7015.11905433863,123.925,424659.7829867691
965,7025.11905433863,123.79,234930.69448362585
966,7035.11905433863,123.642,257625.60952227918
967,7045.11905433863,123.524,205475.0397497814
969,7065.11905433863,123.483,71550.48835245035
976,7135.11905433863,123.422,107463.49077681267
977,7145.11905433863,123.416,10582.121382809433
979,7165.11905433863,123.356,106089.04555663916
982,7195.11905433863,123.294,110029.91911465839
985,7225.11905433863,123.266,49879.90991304153
986,7235.11905433863,123.146,213938.418770131
987,7245.11905433863,123.09,99904.51158598645
988,7255.11905433863,123.083,12502.100960754859
990,7275.11905433863,123.048,62672.13147871364
991,7285.11905433863,123.025,41231.43532433327
994,7315.11905433863,122.998,48591.56344785177
996,7335.11905433863,122.951,84791.06422591029
1008,7455.11905433863,122.944,12832.2354990493
1009,7465.11905433863,122.834,201823.82340309533
1010,7475.11905433863,122.701,244108.64648195368
1011,7485.11905433863,122.547,282699.41358711314
1012,7495.11905433863,122.407,257034.31499710612
1013,7505.11905433863,122.251,286445.2371450201
1014,7515.11905433863,122.075,323160.4601403834
1015,7525.11905433863,121.872,372653.2342436008
1016,7535.11905433863,121.642,422028.60572159727
1017,7545.11905433863,121.441,368652.1251922331
1018,7555.11905433863,121.228,390512.7485748399
1019,7565.11905433863,121.021,379357.0028394454
1020,7575.11905433863,120.786,430453.4510955273
1021,7586.11905433863,120.565,404632.74979430053
1022,7596.11905433863,120.329,431846.8428203083
1023,7606.11905433863,120.114,393200.18801318406
1024,7616.11905433863,119.952,296196.1403776262
1025,7626.11905433863,119.779,316281.5664337115
1026,7636.11905433863,119.596,334504.96774969937
1027,7646.11905433863,119.408,343561.1712310766
1028,7656.11905433863,119.346,113331.60101936868
1030,7676.11905433863,119.339,12825.221335402877
1032,7696.11905433863,119.311,51427.006744886145
1033,7706.11905433863,119.291,36773.90837208493
1035,7726.11905433863,119.271,36863.16827681531
1036,7736.11905433863,119.234,68268.81377704762
1038,7756.11905433863,119.212,40687.14240866226
1039,7766.11905433863,119.181,57393.041011360365
1041,7786.11905433863,119.069,207764.8008459623
1043,7806.11905433863,119.014,102217.7333547884
1045,7826.11905433863,118.981,61465.04774313396
1046,7836.11905433863,118.771,391241.12525548314
1047,7846.11905433863,118.539,431975.302966142
1048,7856.11905433863,118.324,400077.1444270857
1049,7866.11905433863,118.07,472313.8503237659
1050,7876.11905433863,117.822,460762.5420395622
1051,7886.11905433863,117.578,452959.7517954801
1052,7896.11905433863,117.342,437769.68402588234
1053,7906.11905433863,117.097,454108.14802013146
1054,7916.11905433863,116.858,442631.7363724945
1055,7926.11905433863,116.625,431193.07485325367
1056,7936.11905433863,116.396,423485.66917887714
1057,7946.11905433863,116.14,473026.23754744045
1058,7956.11905433863,115.94,369291.2220261871
1059,7966.11905433863,115.757,337767.8372355434
1060,7976.11905433863,115.522,433506.5771105692
1061,7986.11905433863,115.279,447898.63611809665
1062,7996.11905433863,115.029,460392.5467916553
1063,8006.11905433863,114.779,459967.55190986296
1064,8016.11905433863,114.525,466884.5535635434
1065,8026.11905433863,114.269,470099.9380270987
1066,8036.11905433863,114.023,451307.0960236734
1067,8046.11905433863,113.791,425260.3073688621
1068,8056.11905433863,113.553,435899.4586089148
1069,8066.11905433863,113.291,479394.6862197476
1070,8076.11905433863,113.038,462448.56721070036
1071,8086.11905433863,112.775,480225.06093055167
1072,8096.11905433863,112.509,485164.33862001775
1073,8107.11905433863,112.238,493775.7359345768
1074,8117.11905433863,112.003,427744.8600580269
1075,8127.11905433863,111.768,427374.1861084752
1076,8137.11905433863,111.523,445151.63543677836
1077,8147.11905433863,111.257,482794.0386581829
1078,8157.11905433863,111.047,380805.64079371036
1079,8167.11905433863,110.831,391414.47297231515
1080,8177.11905433863,110.622,378467.13710156037
1081,8187.11905433863,110.393,414370.0309749739
1082,8197.11905433863,110.167,408598.1867692321
1083,8207.11905433863,109.986,327034.7604917313
1084,8217.11905433863,109.779,373807.87997819704
1085,8227.11905433863,109.693,155283.51548606477
1087,8247.11905433863,109.588,189885.83390222222
1089,8267.11905433863,109.486,184733.3056504197
1090,8277.11905433863,109.431,99660.11396103809
1091,8287.11905433863,109.295,246514.742709973
1092,8297.11905433863,109.175,217520.59197617148
1093,8307.11905433863,109.09,154118.03393358245
1094,8317.11905433863,108.991,179566.75840843984
1095,8327.11905433863,108.878,205006.98444121558
1096,8337.11905433863,108.771,194158.52188117782
1098,8357.11905433863,108.728,78159.59659959427
1099,8367.11905433863,108.724,7277.7870903992125
1100,8377.11905433863,108.619,191174.3595958549
1102,8397.11905433863,108.554,118535.78986520825
1104,8417.11905433863,108.447,195437.9879544262
1107,8447.11905433863,108.297,274629.3558470462
1108,8457.11905433863,108.12,323956.7871857424
1109,8467.11905433863,107.934,340260.01887090347
1110,8477.11905433863,107.712,405828.61306139297
1111,8487.11905433863,107.488,409119.8765905896
1112,8497.11905433863,107.27,397811.69606402726
1113,8507.11905433863,107.039,421148.1529831455
1114,8517.11905433863,106.798,438927.32012064825
1115,8527.11905433863,106.554,443903.80869342585
1116,8537.11905433863,106.309,445223.0094496108
1117,8547.11905433863,106.077,421146.91517414403
1118,8557.11905433863,105.837,435209.59854745865
1119,8567.11905433863,105.634,367774.53840863437
1120,8577.11905433863,105.401,421746.85047434556
1121,8587.11905433863,105.199,365306.34911442717
1122,8597.11905433863,105.002,356003.23540118866
1123,8607.11905433863,104.794,375593.74301779474
1124,8617.11905433863,104.649,261695.3135841804
1125,8627.11905433863,104.501,267045.5686318018
1126,8637.11905433863,104.337,295816.42172747786
1127,8647.11905433863,104.145,346131.58553984534
1128,8657.11905433863,104.063,147803.478413379
1131,8687.11905433863,103.977,155425.06933355366
1132,8697.11905433863,103.93,84985.02076782259
1133,8707.11905433863,103.836,170050.06995972467
1134,8717.11905433863,103.66,318343.051012636
1135,8727.11905433863,103.489,309136.19143279595
1136,8737.11905433863,103.303,336058.53616818436
1137,8747.11905433863,103.109,350269.00561936887
1138,8757.11905433863,102.944,297731.0576630858
1139,8768.11905433863,102.783,290418.0514194021
1140,8778.11905433863,102.629,277682.17264322366
1141,8788.11905433863,102.458,308198.25429702376
1142,8798.11905433863,102.238,396206.75114831596
1143,8808.11905433863,102.031,372439.7139199029
1144,8818.11905433863,101.776,458284.5694774536
1145,8828.11905433863,101.546,412838.68914421654
1146,8838.11905433863,101.33,387297.1241139035
1147,8848.11905433863,101.114,386909.7005886796
1148,8858.11905433863,100.909,366856.4760715008
1149,8868.11905433863,100.71,355808.27782774525
1150,8878.11905433863,100.506,364429.59914209996
1151,8888.11905433863,100.278,406886.9979350327
1152,8898.11905433863,100.043,418882.8251647786
1153,8908.11905433863,99.805,423704.2068716082
1154,8918.11905433863,99.59,382319.095000574
1155,8928.11905433863,99.373,385471.2812556155
1156,8938.11905433863,99.146,402785.7256364597
1157,8948.11905433863,98.94,365134.4048655361
1158,8958.11905433863,98.756,325861.112040237
1159,8968.11905433863,98.602,272569.2262102227
1160,8978.11905433863,98.444,279518.1866546333
1161,8988.11905433863,98.255,334143.31164532056
1162,8998.11905433863,98.091,289746.1281502829
1163,9008.11905433863,97.924,294876.31822482083
1164,9018.11905433863,97.795,227687.22437230582
1165,9028.11905433863,97.618,312265.4936915008
1166,9038.11905433863,97.41,366638.74684934446
1167,9048.11905433863,97.207,357466.31055764406
1168,9058.11905433863,97.1,188325.985482776
1170,9078.11905433863,96.991,192055.95138593522
1172,9098.11905433863,96.879,197551.46219922934
1173,9108.11905433863,96.83,86451.90706095882
1175,9128.11905433863,96.755,132530.01953506577
1177,9148.11905433863,96.679,134486.35184791565
1179,9168.11905433863,96.592,154158.0437843499
1180,9178.11905433863,96.466,223260.57285746434
1195,9328.11905433863,96.448,32391.445666477506
1197,9348.11905433863,96.397,91939.63897070845
1199,9368.11905433863,96.385,21672.05673040294
1200,9378.11905433863,96.319,119275.26958032443
1202,9398.11905433863,96.301,32584.78246044196
1203,9408.11905433863,96.275,47106.226310209415
1205,9428.11905433863,96.249,47193.61901327373
1206,9438.11905433863,96.221,50863.53368286428
1207,9448.11905433863,96.215,10908.949430044664
1209,9468.11905433863,96.122,169359.47415355901
1211,9488.11905433863,96.061,111230.76623740455
1212,9498.11905433863,95.882,326334.4463508023
1213,9508.11905433863,95.696,338807.63638774084
1214,9518.11905433863,95.685,20037.458570114322
1215,9528.11905433863,95.672,23702.539612463537
1216,9538.11905433863,95.498,317271.98621350346
1217,9549.11905433863,95.331,304315.55628340744
1218,9559.11905433863,95.166,300462.2779115785
1219,9569.11905433863,95.031,245702.39446501943
1220,9579.11905433863,94.982,89187.70029474226
1221,9589.11905433863,94.942,72848.15389105977
1223,9609.11905433863,94.929,23718.4095715459
1224,9619.11905433863,94.846,151513.87043857752
1226,9639.11905433863,94.779,122463.8026955038
1227,9649.11905433863,94.739,73147.26979759138
1229,9669.11905433863,94.728,20151.768778570266
1230,9679.11905433863,94.705,42171.52487586509
1232,9699.11905433863,94.688,31228.069335984535
1233,9709.11905433863,94.622,121310.19965967642
1235,9729.11905433863,94.574,88354.09961302661
1237,9749.11905433863,94.553,38720.25442718941
1238,9759.11905433863,94.448,193670.74234085812
1239,9769.11905433863,94.423,46127.58212278405
1240,9779.11905433863,94.382,75700.20949522473
1241,9789.11905433863,94.21,317537.7209997037
1242,9799.11905433863,94.007,374405.24058322137
1243,9809.11905433863,93.814,355575.20013167476
1244,9819.11905433863,93.625,347851.8268645347
1245,9829.11905433863,93.425,367707.34382281336
1246,9839.11905433863,93.215,385638.36786335846
1247,9849.11905433863,93.008,379665.4270148276
1248,9859.11905433863,92.82,344434.8706183765
1249,9869.11905433863,92.614,376994.4658807588
1250,9879.11905433863,92.396,398446.40794102184
1251,9889.11905433863,92.187,381500.9218430661
1252,9899.11905433863,91.986,366453.24117252434
1253,9909.11905433863,91.759,413310.4953051625
1254,9919.11905433863,91.571,341872.7540916017
1255,9929.11905433863,91.389,330626.9552370907
1256,9939.11905433863,91.179,381058.66837761254
1257,9949.11905433863,90.956,404094.4641685166
1258,9959.11905433863,90.726,416160.3136469879
1259,9969.11905433863,90.493,420936.35211661615
1260,9979.11905433863,90.26,420275.07959790854
1261,9989.11905433863,90.033,408819.7908577065
1262,9999.11905433863,89.811,399218.50792027137
1263,10009.11905433863,89.573,427323.2433615731
1264,10019.11905433863,89.348,403341.9300722872
1265,10029.11905433863,89.142,368760.0767618393
1266,10039.11905433863,88.951,341488.2944811714
1267,10049.11905433863,88.717,417785.2108902096
1268,10059.11905433863,88.538,319162.2174878497
1269,10069.11905433863,88.346,341964.6825230534
1270,10079.11905433863,88.143,361107.28948458284
1271,10089.11905433863,87.942,357085.0482653402
1272,10099.11905433863,87.775,296356.0127794715
1273,10109.11905433863,87.619,276600.2970770109
1274,10119.11905433863,87.42,352476.85555032006
1275,10129.11905433863,87.239,320214.6666890186
1276,10139.11905433863,87.04,351640.0704045419
1277,10149.11905433863,86.893,259494.2084983171
1278,10159.11905433863,86.8,164104.81152919348
1279,10169.11905433863,86.669,231087.52563405625
1280,10179.11905433863,86.485,324310.15325522656
1281,10189.11905433863,86.31,308110.0447240226
1282,10199.11905433863,86.161,262098.78710070642
1284,10219.11905433863,86.093,119699.32108384735
1286,10239.11905433863,86.041,91650.02700358715
1288,10259.11905433863,86.024,30009.00044143397
1289,10269.11905433863,85.954,123624.37897090646
1291,10289.11905433863,85.89,113159.89598550864
1293,10309.11905433863,85.867,40725.25731256208
1294,10319.11905433863,85.799,120458.04862757865
1296,10339.11905433863,85.721,138322.52461561785
1297,10349.11905433863,85.704,30159.661476147943
1298,10359.11905433863,85.7,7102.377769542881
1299,10369.11905433863,85.597,182948.4956250729
1301,10389.11905433863,85.52,136887.12616203402
1303,10409.11905433863,85.51,17802.716318619165
1304,10419.11905433863,85.441,122899.95868062343
1305,10429.11905433863,85.376,115795.60391781846
1308,10459.11905433863,85.298,139237.7754674602
1310,10479.11905433863,85.191,191163.4745446986
1311,10489.11905433863,85.117,132192.185705063
1314,10519.11905433863,85.1,30439.05909724821
1315,10530.11905433863,84.902,354447.97729617177
1316,10540.11905433863,84.693,373598.2616233027
1317,10550.11905433863,84.457,421154.422577773
1318,10560.11905433863,84.233,399030.5722538912
1319,10570.11905433863,84.002,410778.9791736539
1320,10580.11905433863,83.78,394084.08480884944
1321,10590.11905433863,83.537,430573.38880498183
1322,10600.11905433863,83.314,394406.8235468297
1323,10610.11905433863,83.119,344345.4191912825
1324,10620.11905433863,83.029,158806.03865762893
1326,10640.11905433863,82.942,153637.7543623902
1328,10660.11905433863,82.875,118431.14040261673
1329,10670.11905433863,82.811,113144.91812076516
1333,10710.11905433863,82.667,255209.62764584375
1334,10720.11905433863,82.606,108076.52042454269
1336,10740.11905433863,82.56,81599.5151715154
1337,10750.11905433863,82.388,304992.2296973031
1338,10760.11905433863,82.172,382468.0013817189
1339,10770.11905433863,81.968,360632.69768213364
1340,10780.11905433863,81.765,358307.4303241827
1341,10790.11905433863,81.586,315501.23603850685
1342,10800.11905433863,81.389,346749.4323675299
1343,10810.11905433863,81.207,319898.14543218614
1344,10820.11905433863,81.021,326490.6869541754
1345,10830.11905433863,80.832,331295.692008066
1346,10840.11905433863,80.624,364042.0705037551
1347,10850.11905433863,80.512,195814.6158012607
1348,10860.11905433863,80.49,38467.01953571555
1349,10870.11905433863,80.453,64730.37412559549
1350,10880.11905433863,80.344,190694.46489028877
1352,10900.11905433863,80.237,187287.6659115272
1355,10930.11905433863,80.094,250598.47928846802
1358,10960.11905433863,80.06,59680.43483895629
1359,10970.11905433863,79.902,277258.7450988805
1362,11000.11905433863,79.757,254658.86117400744
1363,11010.11905433863,79.572,324532.7828796171
1364,11020.11905433863,79.356,378303.5839106871
1365,11030.11905433863,79.151,358411.9715939379
1366,11040.11905433863,78.936,375239.34970277577
1367,11050.11905433863,78.731,357159.01979280554
1368,11060.11905433863,78.509,386078.67266312364
1369,11070.11905433863,78.277,402668.40716441924
1370,11080.11905433863,78.049,394921.23761377763
1371,11090.11905433863,77.818,399302.80851445557
1372,11100.11905433863,77.588,396755.7734044731
1373,11110.11905433863,77.369,377028.36730837985
1374,11120.11905433863,77.138,396889.47022232
1375,11130.11905433863,76.921,372088.8174721389
1376,11140.11905433863,76.701,376500.82126045635
1377,11151.11905433863,76.497,348499.14392484905
1378,11161.11905433863,76.287,358100.4868555847
1379,11171.11905433863,76.072,365934.41352000134
1380,11181.11905433863,75.855,368620.91078136343
1381,11191.11905433863,75.644,357738.5459243928
1382,11201.11905433863,75.432,358750.6955976973
1383,11211.11905433863,75.307,211244.10939149384
1385,11231.11905433863,75.27,62572.48391228085
1387,11251.11905433863,75.262,13549.22762789411
1388,11261.11905433863,75.227,59313.60908788703
1390,11281.11905433863,75.175,88228.54913656459
1391,11291.11905433863,75.05,212026.04499225257
1394,11321.11905433863,75.042,13593.675208822815
1397,11351.11905433863,74.969,124303.8685936214
1398,11361.11905433863,74.967,3406.8814930546932
1399,11371.11905433863,74.891,129508.04010261472
1401,11391.11905433863,74.831,102330.06762322517
1403,11411.11905433863,74.688,243983.6127136502
1404,11421.11905433863,74.572,197747.08268586715
1406,11441.11905433863,74.544,47769.50944939914
1407,11451.11905433863,74.537,11950.00995816328
1408,11461.11905433863,74.522,25625.7441768109
1409,11471.11905433863,74.457,111082.12996378086
1412,11501.11905433863,74.441,27399.897999231423
1413,11511.11905433863,74.406,59968.84382583413
1414,11521.11905433863,74.337,118244.32099346934
1416,11541.11905433863,74.252,145765.08382904908
1418,11561.11905433863,74.145,183572.9861208146
1419,11571.11905433863,74.031,195460.08361749066
1420,11581.11905433863,74.019,20575.01611193879
1421,11591.11905433863,73.907,192038.32225001015
1423,11611.11905433863,73.8,183509.66115103278
1426,11641.11905433863,73.703,166558.69843558478
1427,11651.11905433863,73.509,332745.80041610036
1428,11661.11905433863,73.303,352670.3953847512
1429,11671.11905433863,73.087,369043.5855667502
1430,11681.11905433863,72.862,383590.72009389
1431,11691.11905433863,72.662,340267.6818526956
1432,11701.11905433863,72.454,353188.07527941756
1433,11711.11905433863,72.221,394773.33276042365
1434,11721.11905433863,72.015,348265.10955185205
1435,11731.11905433863,71.812,342512.0870263625
1436,11741.11905433863,71.608,343517.9041337313
1437,11751.11905433863,71.389,368002.0749395181
1438,11761.11905433863,71.175,358816.40584862244
1439,11771.11905433863,70.957,364725.4871680201
1440,11781.11905433863,70.744,355581.42278830224
1441,11791.11905433863,70.52,373107.9838286349
1442,11801.11905433863,70.306,355647.53987650416
1443,11811.11905433863,70.087,363145.45778966235
1444,11821.11905433863,69.856,382139.34154273727
1445,11831.11905433863,69.626,379552.4740255531
1446,11841.11905433863,69.396,378620.4922296275
1447,11851.11905433863,69.168,374407.569027137
1448,11861.11905433863,68.944,366948.4839625571
1449,11871.11905433863,68.739,335062.51337549085
1450,11881.11905433863,68.522,353886.69930631167
1451,11891.11905433863,68.293,372556.31083302747
1452,11901.11905433863,68.075,353799.1330980527
1453,11911.11905433863,67.858,351347.7697717086
1454,11922.11905433863,67.626,374739.47968625836
1455,11932.11905433863,67.414,341598.4317047577
1456,11942.11905433863,67.161,406598.9999496183
1457,11952.11905433863,66.91,402210.5709873005
1458,11962.11905433863,66.663,394660.5837259577
1459,11972.11905433863,66.412,399890.62553216936
1460,11982.11905433863,66.2,336862.22767120355
1461,11992.11905433863,65.989,334482.7336172052
1462,12002.11905433863,65.774,340008.5707857219
1463,12012.11905433863,65.553,348630.9385498633
1464,12022.11905433863,65.334,344605.0621696739
1465,12032.11905433863,65.122,332768.3701507988
1466,12042.11905433863,64.882,375725.6749296494
1467,12052.11905433863,64.636,383997.72349725285
1468,12062.11905433863,64.395,375089.33537178807
1469,12072.11905433863,64.172,346112.97709238983
1470,12082.11905433863,63.98,297282.76244190824
1471,12092.11905433863,63.819,248803.07640708415
1472,12102.11905433863,63.647,265328.6976694228
1473,12112.11905433863,63.472,269444.08086197823
1474,12122.11905433863,63.311,247437.45783066264
1475,12132.11905433863,63.183,196433.95426041752
1477,12152.11905433863,63.171,18425.626211903535
1478,12162.11905433863,63.083,135125.42375961077
1481,12192.11905433863,63.047,55360.51114765642
1483,12212.11905433863,63.006,63114.34396941354
1485,12232.11905433863,62.921,130930.09477323586
1487,12252.11905433863,62.906,23124.710763754876
1488,12262.11905433863,62.783,189569.2582639507
1491,12292.11905433863,62.637,225084.92548209327
1492,12302.11905433863,62.626,16951.003730144108
1493,12312.11905433863,62.555,109428.27964921949
1494,12322.11905433863,62.489,101693.26563203134
1495,12332.11905433863,62.427,95509.6969950857
1497,12352.11905433863,62.363,98650.9399546188
1499,12372.11905433863,62.27,143403.6112112374
1504,12422.11905433863,62.213,88141.53083575377
1506,12442.11905433863,62.194,29409.84739866646
1507,12452.11905433863,62.097,150125.57395013387
1508,12462.11905433863,61.942,239597.2617340737
1509,12472.11905433863,61.806,209902.37126814065
1510,12482.11905433863,61.646,246550.80983938873
1511,12492.11905433863,61.492,236891.20164143044
1512,12502.11905433863,61.314,273289.67140050133
1513,12512.11905433863,61.133,277304.930974231
1514,12522.11905433863,60.942,291969.79755965597
1515,12533.11905433863,60.738,311106.1050125135
1516,12543.11905433863,60.528,319421.3138011212
1517,12553.11905433863,60.324,309482.18696680706
1518,12563.11905433863,60.114,317746.1558599528
1519,12573.11905433863,59.91,307851.5124411006
1520,12583.11905433863,59.699,317566.45455074986
1521,12593.11905433863,59.498,301713.4643959211
1522,12603.11905433863,59.29,311396.65569516725
1523,12613.11905433863,59.088,301609.39309772593
1524,12623.11905433863,58.891,293384.803693632
1525,12633.11905433863,58.699,285221.4661631387
1526,12643.11905433863,58.499,296349.6533860694
1527,12653.11905433863,58.306,285243.8812304179
1528,12663.11905433863,58.11,288941.1748946546
1529,12673.11905433863,57.913,289663.53853218554
1530,12683.11905433863,57.709,299155.3086253417
1531,12693.11905433863,57.517,280814.8485418031
1532,12703.11905433863,57.318,290293.77264439786
1533,12713.11905433863,57.122,285158.3115373855
1534,12723.11905433863,56.942,261224.97332653424
1535,12733.11905433863,56.755,270723.16074164957
1536,12743.11905433863,56.56,281577.37445026485
1537,12753.11905433863,56.361,286578.89639026695
1538,12763.11905433863,56.159,290093.44351082225
1539,12773.11905433863,55.962,282130.5716538195
1540,12783.11905433863,55.778,262822.97305625747
1541,12793.11905433863,55.617,229439.40902634824
1542,12803.11905433863,55.449,238894.5251093802
1543,12813.11905433863,55.387,88049.60153741053
1546,12843.11905433863,55.272,163438.77181491954
1547,12853.11905433863,55.136,192995.8549229869
1548,12863.11905433863,54.969,236521.05182082072
1549,12873.11905433863,54.78,267021.4572448814
1550,12883.11905433863,54.667,159332.11661884194
1551,12893.11905433863,54.492,246294.99699920233
1552,12903.11905433863,54.342,210644.70887398155
1553,12913.11905433863,54.21,185030.32674542387
1554,12923.11905433863,54.083,177734.38313244306
1555,12933.11905433863,53.928,216522.46393761787
1556,12943.11905433863,53.78,206323.46513149096
1557,12953.11905433863,53.618,225364.530992052
1558,12963.11905433863,53.449,234558.86325666332
1559,12973.11905433863,53.279,235381.15857333958
1560,12983.11905433863,53.127,209985.22844658676
1561,12993.11905433863,52.944,252209.34301193352
1562,13003.11905433863,52.799,199373.3786336291
1563,13013.11905433863,52.642,215422.25693473272
1564,13023.11905433863,52.477,225881.24655905724
1565,13033.11905433863,52.314,222617.83334817697
1566,13043.11905433863,52.163,205768.59836546524
1567,13053.11905433863,52.017,198541.5956898172
1568,13063.11905433863,51.858,215752.10719134676
1569,13073.11905433863,51.69,227420.81574889325
1570,13083.11905433863,51.521,228204.38432122703
1571,13093.11905433863,51.346,235698.7286084698
1572,13103.11905433863,51.181,221664.87540188798
1573,13113.11905433863,51.012,226471.65686288054
1574,13123.11905433863,50.834,237903.61861105097
1575,13133.11905433863,50.647,249226.5042388806
1576,13143.11905433863,50.451,260433.63783048053
1577,13153.11905433863,50.254,260943.21631033643
1578,13163.11905433863,50.074,237713.2935270631
1579,13173.11905433863,49.901,227837.9859001413
1580,13183.11905433863,49.761,183939.84156709028
