fixIdx,time,lat,lng,tickLead,tickRace,zoneIdx,legIdx,distance,area
1,,,,-710.36842915783,-13009.366050143495,1,0,195.587,0.0
54,,,,-26.36842915783,-12325.366050143495,42,1,195.57,0.0
55,,,,-16.36842915783,-12315.366050143495,43,1,195.379,0.0
56,,,,-6.36842915783,-12305.366050143495,44,1,195.353,0.0
65,,,,83.63157084217,-12215.366050143495,53,1,195.337,0.0
66,,,,93.63157084217,-12205.366050143495,54,1,195.163,0.0
67,,,,103.63157084217,-12195.366050143495,55,1,195.04,0.0
71,,,,143.63157084217,-12155.366050143495,59,1,195.01,0.0
72,,,,153.63157084217,-12145.366050143495,60,1,194.984,0.0
74,,,,173.63157084217,-12125.366050143495,62,1,194.919,0.0
75,,,,183.63157084217,-12115.366050143495,63,1,194.735,0.0
76,,,,193.63157084217,-12105.366050143495,64,1,194.677,0.0
80,,,,233.63157084217,-12065.366050143495,68,1,194.558,0.0
84,,,,273.63157084217,-12025.366050143495,72,1,194.551,0.0
85,,,,283.63157084217,-12015.366050143495,73,1,194.418,0.0
88,,,,313.63157084217,-11985.366050143495,76,1,194.413,0.0
89,,,,323.63157084217,-11975.366050143495,77,1,194.244,0.0
90,,,,333.63157084217,-11965.366050143495,78,1,194.174,0.0
95,,,,383.63157084217,-11915.366050143495,83,1,194.065,0.0
96,,,,393.63157084217,-11905.366050143495,84,1,193.891,0.0
99,,,,423.63157084217,-11875.366050143495,87,1,193.788,0.0
100,,,,433.63157084217,-11865.366050143495,88,1,193.595,0.0
101,,,,443.63157084217,-11855.366050143495,89,1,193.473,0.0
105,,,,483.63157084217,-11815.366050143495,93,1,193.309,0.0
106,,,,493.63157084217,-11805.366050143495,94,1,193.262,0.0
110,,,,533.63157084217,-11765.366050143495,98,1,193.221,0.0
111,,,,543.63157084217,-11755.366050143495,99,1,193.046,0.0
112,,,,553.63157084217,-11745.366050143495,100,1,192.876,0.0
113,,,,563.63157084217,-11735.366050143495,101,1,192.753,0.0
117,,,,603.63157084217,-11695.366050143495,105,1,192.678,0.0
122,,,,653.63157084217,-11645.366050143495,110,1,192.621,0.0
125,,,,683.63157084217,-11615.366050143495,113,1,192.574,0.0
126,,,,694.63157084217,-11604.366050143495,114,1,192.511,0.0
127,,,,704.63157084217,-11594.366050143495,115,1,192.502,0.0
129,,,,724.63157084217,-11574.366050143495,117,1,192.494,0.0
132,,,,754.63157084217,-11544.366050143495,120,1,192.453,0.0
133,,,,764.63157084217,-11534.366050143495,121,1,192.311,0.0
135,,,,784.63157084217,-11514.366050143495,123,1,192.304,0.0
136,,,,794.63157084217,-11504.366050143495,124,1,192.179,0.0
141,,,,844.63157084217,-11454.366050143495,129,1,192.016,0.0
142,,,,854.63157084217,-11444.366050143495,130,1,191.876,0.0
145,,,,884.63157084217,-11414.366050143495,133,1,191.684,0.0
146,,,,894.63157084217,-11404.366050143495,134,1,191.579,0.0
156,,,,994.63157084217,-11304.366050143495,144,1,191.519,0.0
157,,,,1004.63157084217,-11294.366050143495,145,1,191.335,0.0
158,,,,1014.63157084217,-11284.366050143495,146,1,191.139,0.0
159,,,,1024.63157084217,-11274.366050143495,147,1,190.963,0.0
160,,,,1034.63157084217,-11264.366050143495,148,1,190.947,0.0
164,,,,1074.63157084217,-11224.366050143495,152,1,190.868,0.0
165,,,,1084.63157084217,-11214.366050143495,153,1,190.7,0.0
166,,,,1094.63157084217,-11204.366050143495,154,1,190.552,0.0
167,,,,1104.63157084217,-11194.366050143495,155,1,190.42,0.0
168,,,,1114.63157084217,-11184.366050143495,156,1,190.268,0.0
169,,,,1124.63157084217,-11174.366050143495,157,1,190.069,0.0
170,,,,1134.63157084217,-11164.366050143495,158,1,189.851,0.0
171,,,,1144.63157084217,-11154.366050143495,159,1,189.637,0.0
172,,,,1154.63157084217,-11144.366050143495,160,1,189.42,0.0
173,,,,1164.63157084217,-11134.366050143495,161,1,189.213,0.0
174,,,,1174.63157084217,-11124.366050143495,162,1,189.011,0.0
175,,,,1184.63157084217,-11114.366050143495,163,1,188.812,0.0
176,,,,1194.63157084217,-11104.366050143495,164,1,188.607,0.0
177,,,,1204.63157084217,-11094.366050143495,165,1,188.42,0.0
178,,,,1214.63157084217,-11084.366050143495,166,1,188.235,0.0
179,,,,1224.63157084217,-11074.366050143495,167,1,188.054,0.0
180,,,,1234.63157084217,-11064.366050143495,168,1,187.997,0.0
183,,,,1264.63157084217,-11034.366050143495,171,1,187.934,0.0
184,,,,1274.63157084217,-11024.366050143495,172,1,187.824,0.0
185,,,,1284.63157084217,-11014.366050143495,173,1,187.625,0.0
186,,,,1294.63157084217,-11004.366050143495,174,1,187.444,0.0
189,,,,1324.63157084217,-10974.366050143495,177,1,187.427,0.0
190,,,,1334.63157084217,-10964.366050143495,178,1,187.238,0.0
193,,,,1364.63157084217,-10934.366050143495,181,1,187.141,0.0
194,,,,1374.63157084217,-10924.366050143495,182,1,186.931,0.0
195,,,,1384.63157084217,-10914.366050143495,183,1,186.889,0.0
199,,,,1424.63157084217,-10874.366050143495,187,1,186.773,0.0
201,,,,1444.63157084217,-10854.366050143495,189,1,186.715,0.0
202,,,,1454.63157084217,-10844.366050143495,190,1,186.491,0.0
203,,,,1464.63157084217,-10834.366050143495,191,1,186.271,0.0
212,,,,1555.63157084217,-10743.366050143495,200,1,186.251,0.0
215,,,,1585.63157084217,-10713.366050143495,203,1,186.121,0.0
216,,,,1595.63157084217,-10703.366050143495,204,1,186.031,0.0
219,,,,1625.63157084217,-10673.366050143495,207,1,185.985,0.0
220,,,,1635.63157084217,-10663.366050143495,208,1,185.837,0.0
222,,,,1655.63157084217,-10643.366050143495,210,1,185.834,0.0
223,,,,1665.63157084217,-10633.366050143495,211,1,185.647,0.0
224,,,,1675.63157084217,-10623.366050143495,212,1,185.615,0.0
226,,,,1695.63157084217,-10603.366050143495,1,2,185.55,5.963050723073021e-4
227,,,,1705.63157084217,-10593.366050143495,2,2,185.385,1.5216810081314263e-3
228,,,,1715.63157084217,-10583.366050143495,3,2,185.289,8.899057716067192e-4
232,,,,1755.63157084217,-10543.366050143495,7,2,185.265,2.275897850934717e-4
233,,,,1765.63157084217,-10533.366050143495,8,2,185.078,1.7823889000930203e-3
234,,,,1775.63157084217,-10523.366050143495,9,2,185.058,1.9160234387891376e-4
237,,,,1805.63157084217,-10493.366050143495,12,2,184.88,1.7331442975986407e-3
238,,,,1815.63157084217,-10483.366050143495,13,2,184.679,1.96591258485729e-3
239,,,,1825.63157084217,-10473.366050143495,14,2,184.635,4.3243239552380035e-4
242,,,,1855.63157084217,-10443.366050143495,17,2,184.549,8.587954035345494e-4
243,,,,1865.63157084217,-10433.366050143495,18,2,184.385,1.6454134663754787e-3
247,,,,1905.63157084217,-10393.366050143495,22,2,184.281,1.0650303936201456e-3
248,,,,1915.63157084217,-10383.366050143495,23,2,184.123,1.6253617910121259e-3
249,,,,1925.63157084217,-10373.366050143495,24,2,183.988,1.3948978272626065e-3
250,,,,1935.63157084217,-10363.366050143495,25,2,183.785,2.1064696861895498e-3
251,,,,1945.63157084217,-10353.366050143495,26,2,183.628,1.6359552213191084e-3
252,,,,1955.63157084217,-10343.366050143495,27,2,183.476,1.5906564126044961e-3
253,,,,1965.63157084217,-10333.366050143495,28,2,183.282,2.0386378395058297e-3
254,,,,1975.63157084217,-10323.366050143495,29,2,183.063,2.3104521431876013e-3
255,,,,1985.63157084217,-10313.366050143495,30,2,182.865,2.0970855027230965e-3
256,,,,1995.63157084217,-10303.366050143495,31,2,182.656,2.222263849671925e-3
257,,,,2005.63157084217,-10293.366050143495,32,2,182.438,2.3268531906414053e-3
258,,,,2015.63157084217,-10283.366050143495,33,2,182.241,2.110788745172052e-3
259,,,,2025.63157084217,-10273.366050143495,34,2,182.024,2.3339646388235214e-3
260,,,,2035.63157084217,-10263.366050143495,35,2,181.799,2.429005414325063e-3
261,,,,2045.63157084217,-10253.366050143495,36,2,181.573,2.448747200012368e-3
262,,,,2055.63157084217,-10243.366050143495,37,2,181.341,2.522862738208318e-3
263,,,,2065.63157084217,-10233.366050143495,38,2,181.124,2.3682923376242794e-3
264,,,,2075.63157084217,-10223.366050143495,39,2,180.901,2.442588620016904e-3
265,,,,2085.63157084217,-10213.366050143495,40,2,180.709,2.110745583820473e-3
266,,,,2095.63157084217,-10203.366050143495,41,2,180.508,2.2178685760534393e-3
267,,,,2105.63157084217,-10193.366050143495,42,2,180.315,2.137423313206023e-3
268,,,,2115.63157084217,-10183.366050143495,43,2,180.138,1.967517420778625e-3
269,,,,2125.63157084217,-10173.366050143495,44,2,179.953,2.06408996968862e-3
270,,,,2135.63157084217,-10163.366050143495,45,2,179.762,2.1388231892283623e-3
271,,,,2145.63157084217,-10153.366050143495,46,2,179.686,8.54400415518866e-4
275,,,,2185.63157084217,-10113.366050143495,50,2,179.651,4.0068545129839537e-4
276,,,,2195.63157084217,-10103.366050143495,51,2,179.492,1.8275978294648536e-3
277,,,,2205.63157084217,-10093.366050143495,52,2,179.329,1.880420869464677e-3
278,,,,2215.63157084217,-10083.366050143495,53,2,179.146,2.118674035611004e-3
279,,,,2225.63157084217,-10073.366050143495,54,2,178.983,1.893812610059282e-3
280,,,,2235.63157084217,-10063.366050143495,55,2,178.795,2.191938433039111e-3
281,,,,2245.63157084217,-10053.366050143495,56,2,178.612,2.140963609423407e-3
282,,,,2255.63157084217,-10043.366050143495,57,2,178.433,2.1013615795547553e-3
283,,,,2265.63157084217,-10033.366050143495,58,2,178.244,2.226295628138389e-3
284,,,,2275.63157084217,-10023.366050143495,59,2,178.071,2.044743306772001e-3
285,,,,2285.63157084217,-10013.366050143495,60,2,177.917,1.8264969106555114e-3
286,,,,2295.63157084217,-10003.366050143495,61,2,177.739,2.118404874979435e-3
287,,,,2305.63157084217,-9993.366050143495,62,2,177.539,2.388057929166588e-3
288,,,,2315.63157084217,-9983.366050143495,63,2,177.355,2.2041572676469957e-3
289,,,,2325.63157084217,-9973.366050143495,64,2,177.19,1.983137651547681e-3
290,,,,2335.63157084217,-9963.366050143495,65,2,177.007,2.2067693406061287e-3
291,,,,2345.63157084217,-9953.366050143495,66,2,176.813,2.3469321959182225e-3
292,,,,2355.63157084217,-9943.366050143495,67,2,176.625,2.281576803741793e-3
293,,,,2365.63157084217,-9933.366050143495,68,2,176.423,2.4591717934940396e-3
294,,,,2376.63157084217,-9922.366050143495,69,2,176.236,2.2846257978210334e-3
295,,,,2386.63157084217,-9912.366050143495,70,2,176.157,9.684927674262484e-4
296,,,,2396.63157084217,-9902.366050143495,71,2,175.986,2.1036480519786285e-3
297,,,,2406.63157084217,-9892.366050143495,72,2,175.812,2.1473797845965492e-3
298,,,,2416.63157084217,-9882.366050143495,73,2,175.631,2.240786882773573e-3
299,,,,2426.63157084217,-9872.366050143495,74,2,175.44,2.371858647811951e-3
300,,,,2436.63157084217,-9862.366050143495,75,2,175.232,2.5906630358946566e-3
301,,,,2446.63157084217,-9852.366050143495,76,2,175.073,1.9864089911576176e-3
303,,,,2466.63157084217,-9832.366050143495,78,2,174.945,1.6108728827875023e-3
305,,,,2486.63157084217,-9812.366050143495,80,2,174.896,6.213479436341832e-4
306,,,,2496.63157084217,-9802.366050143495,81,2,174.788,1.3743919767303097e-3
308,,,,2516.63157084217,-9782.366050143495,83,2,174.747,5.257155257074961e-4
309,,,,2526.63157084217,-9772.366050143495,84,2,174.633,1.4669031683999338e-3
312,,,,2556.63157084217,-9742.366050143495,87,2,174.495,1.7955129874262852e-3
313,,,,2566.63157084217,-9732.366050143495,88,2,174.357,1.8011109722148072e-3
315,,,,2586.63157084217,-9712.366050143495,90,2,174.344,1.7091798159148505e-4
316,,,,2596.63157084217,-9702.366050143495,91,2,174.167,2.334837855400143e-3
317,,,,2606.63157084217,-9692.366050143495,92,2,174.161,7.941013309794885e-5
320,,,,2636.63157084217,-9662.366050143495,95,2,173.987,2.3281943836732746e-3
323,,,,2666.63157084217,-9632.366050143495,98,2,173.924,8.519779647697602e-4
324,,,,2676.63157084217,-9622.366050143495,99,2,173.773,2.048439413115405e-3
325,,,,2686.63157084217,-9612.366050143495,100,2,173.722,6.940383783309347e-4
328,,,,2716.63157084217,-9582.366050143495,103,2,173.72,2.7516911799604487e-5
329,,,,2726.63157084217,-9572.366050143495,104,2,173.54,2.484336163870608e-3
330,,,,2736.63157084217,-9562.366050143495,105,2,173.398,1.965229090250569e-3
334,,,,2776.63157084217,-9522.366050143495,109,2,173.227,2.399003528221764e-3
335,,,,2786.63157084217,-9512.366050143495,110,2,173.191,5.065696194282467e-4
338,,,,2816.63157084217,-9482.366050143495,113,2,173.061,1.848086617247478e-3
339,,,,2826.63157084217,-9472.366050143495,114,2,172.987,1.0551006848929956e-3
342,,,,2856.63157084217,-9442.366050143495,117,2,172.975,1.728703507185206e-4
343,,,,2866.63157084217,-9432.366050143495,118,2,172.913,8.960983972392192e-4
344,,,,2876.63157084217,-9422.366050143495,119,2,172.779,1.9423836172900509e-3
348,,,,2916.63157084217,-9382.366050143495,123,2,172.66,1.7476583567284118e-3
349,,,,2926.63157084217,-9372.366050143495,124,2,172.514,2.1498869359735575e-3
350,,,,2936.63157084217,-9362.366050143495,125,2,172.51,5.907658697735263e-5
353,,,,2966.63157084217,-9332.366050143495,128,2,172.488,3.282158188955572e-4
354,,,,2976.63157084217,-9322.366050143495,129,2,172.36,1.9152232323224351e-3
358,,,,3016.63157084217,-9282.366050143495,133,2,172.198,2.4544617056493044e-3
359,,,,3026.63157084217,-9272.366050143495,134,2,172.004,2.9459903075136473e-3
360,,,,3036.63157084217,-9262.366050143495,135,2,171.87,2.039636983156573e-3
361,,,,3046.63157084217,-9252.366050143495,136,2,171.837,5.037080499478961e-4
362,,,,3056.63157084217,-9242.366050143495,137,2,171.834,4.593713144985544e-5
363,,,,3066.63157084217,-9232.366050143495,138,2,171.699,2.0731010387772097e-3
364,,,,3076.63157084217,-9222.366050143495,139,2,171.553,2.24749151472786e-3
365,,,,3086.63157084217,-9212.366050143495,140,2,171.473,1.2346914943752523e-3
366,,,,3096.63157084217,-9202.366050143495,141,2,171.404,1.0679074545987743e-3
367,,,,3106.63157084217,-9192.366050143495,142,2,171.291,1.7536083278062629e-3
368,,,,3116.63157084217,-9182.366050143495,143,2,171.151,2.177996424852075e-3
369,,,,3126.63157084217,-9172.366050143495,144,2,170.989,2.5261097247071635e-3
370,,,,3136.63157084217,-9162.366050143495,145,2,170.808,2.8285702361044475e-3
371,,,,3146.63157084217,-9152.366050143495,146,2,170.65,2.4745538619874714e-3
376,,,,3196.63157084217,-9102.366050143495,151,2,170.549,1.6057515286696372e-3
377,,,,3206.63157084217,-9092.366050143495,152,2,170.416,2.1196645785310987e-3
378,,,,3216.63157084217,-9082.366050143495,153,2,170.283,2.12461604214257e-3
382,,,,3256.63157084217,-9042.366050143495,157,2,170.272,1.7783007481311078e-4
383,,,,3266.63157084217,-9032.366050143495,158,2,170.114,2.560858414302057e-3
384,,,,3276.63157084217,-9022.366050143495,159,2,170.03,1.364665927670093e-3
388,,,,3316.63157084217,-8982.366050143495,163,2,170.002,4.6029015714122194e-4
389,,,,3326.63157084217,-8972.366050143495,164,2,169.802,3.295488676134285e-3
390,,,,3336.63157084217,-8962.366050143495,165,2,169.705,1.6017154264851032e-3
394,,,,3376.63157084217,-8922.366050143495,169,2,169.675,5.011270122111637e-4
395,,,,3386.63157084217,-8912.366050143495,170,2,169.491,3.0807376879638487e-3
396,,,,3396.63157084217,-8902.366050143495,171,2,169.472,3.188680265653461e-4
398,,,,3416.63157084217,-8882.366050143495,173,2,169.431,6.920126858403585e-4
399,,,,3426.63157084217,-8872.366050143495,174,2,169.248,3.0957323587264786e-3
400,,,,3436.63157084217,-8862.366050143495,175,2,169.087,2.728741618357097e-3
403,,,,3467.63157084217,-8831.366050143495,178,2,169.066,3.5894021953718273e-4
404,,,,3477.63157084217,-8821.366050143495,179,2,168.895,2.9295634124923368e-3
405,,,,3487.63157084217,-8811.366050143495,180,2,168.821,1.2704880752870224e-3
409,,,,3527.63157084217,-8771.366050143495,184,2,168.717,1.8050775676183523e-3
410,,,,3537.63157084217,-8761.366050143495,185,2,168.522,3.391108157387574e-3
411,,,,3547.63157084217,-8751.366050143495,186,2,168.333,3.292304151659533e-3
412,,,,3557.63157084217,-8741.366050143495,187,2,168.185,2.5827812285163657e-3
413,,,,3567.63157084217,-8731.366050143495,188,2,168.161,4.197919862240017e-4
416,,,,3597.63157084217,-8701.366050143495,191,2,168.032,2.274320672664003e-3
417,,,,3607.63157084217,-8691.366050143495,192,2,167.83,3.5677223944051454e-3
418,,,,3617.63157084217,-8681.366050143495,193,2,167.624,3.6440234797233506e-3
419,,,,3627.63157084217,-8671.366050143495,194,2,167.419,3.6319028160634067e-3
420,,,,3637.63157084217,-8661.366050143495,195,2,167.214,3.6374578937124437e-3
421,,,,3647.63157084217,-8651.366050143495,196,2,167.027,3.323295280509664e-3
422,,,,3657.63157084217,-8641.366050143495,197,2,166.873,2.7415346141248824e-3
423,,,,3667.63157084217,-8631.366050143495,198,2,166.705,2.996049752756148e-3
424,,,,3677.63157084217,-8621.366050143495,199,2,166.534,3.0547578412483106e-3
425,,,,3687.63157084217,-8611.366050143495,200,2,166.372,2.8989504873713407e-3
426,,,,3697.63157084217,-8601.366050143495,201,2,166.251,2.169291522777047e-3
427,,,,3707.63157084217,-8591.366050143495,202,2,166.063,3.3764451197365866e-3
428,,,,3717.63157084217,-8581.366050143495,203,2,165.872,3.4356538328878853e-3
429,,,,3727.63157084217,-8571.366050143495,204,2,165.726,2.6305973356153373e-3
430,,,,3737.63157084217,-8561.366050143495,205,2,165.53,3.537308604665861e-3
431,,,,3747.63157084217,-8551.366050143495,206,2,165.325,3.705143975059893e-3
432,,,,3757.63157084217,-8541.366050143495,207,2,165.144,3.276273382777049e-3
433,,,,3767.63157084217,-8531.366050143495,208,2,165.125,3.446247596119448e-4
436,,,,3797.63157084217,-8501.366050143495,211,2,165.004,2.2112533922893167e-3
437,,,,3807.63157084217,-8491.366050143495,212,2,164.854,2.7461852863194967e-3
438,,,,3817.63157084217,-8481.366050143495,213,2,164.687,3.062503376867204e-3
439,,,,3827.63157084217,-8471.366050143495,214,2,164.517,3.122488080729602e-3
440,,,,3837.63157084217,-8461.366050143495,215,2,164.316,3.6973568344535156e-3
441,,,,3847.63157084217,-8451.366050143495,216,2,164.16,2.8739443723402557e-3
443,,,,3867.63157084217,-8431.366050143495,218,2,164.141,3.516636986637921e-4
444,,,,3877.63157084217,-8421.366050143495,219,2,163.962,3.319605009909992e-3
445,,,,3887.63157084217,-8411.366050143495,220,2,163.755,3.8442449513292486e-3
446,,,,3897.63157084217,-8401.366050143495,221,2,163.625,2.4179811864787175e-3
451,,,,3947.63157084217,-8351.366050143495,226,2,163.543,1.5437533797527977e-3
452,,,,3957.63157084217,-8341.366050143495,227,2,163.509,6.41486800387233e-4
455,,,,3987.63157084217,-8311.366050143495,230,2,163.48,5.511918699100324e-4
456,,,,3997.63157084217,-8301.366050143495,231,2,163.35,2.475851935621207e-3
457,,,,4007.63157084217,-8291.366050143495,232,2,163.26,1.7171823367707279e-3
458,,,,4017.63157084217,-8281.366050143495,233,2,163.222,7.265568192411932e-4
462,,,,4057.63157084217,-8241.366050143495,237,2,163.193,5.598830930861823e-4
463,,,,4067.63157084217,-8231.366050143495,238,2,163.019,3.3654832001172516e-3
464,,,,4077.63157084217,-8221.366050143495,239,2,162.886,2.5763643664475345e-3
465,,,,4087.63157084217,-8211.366050143495,240,2,162.806,1.5524780165747222e-3
466,,,,4097.63157084217,-8201.366050143495,241,2,162.787,3.6950319998743197e-4
472,,,,4157.63157084217,-8141.366050143495,247,2,162.671,2.2879976733522957e-3
473,,,,4168.63157084217,-8130.366050143495,248,2,162.622,9.685475512482162e-4
478,,,,4218.63157084217,-8080.366050143495,253,2,162.481,2.8188263629438616e-3
479,,,,4228.63157084217,-8070.366050143495,254,2,162.3,3.6234783749835944e-3
480,,,,4238.63157084217,-8060.366050143495,255,2,162.127,3.46773098244008e-3
481,,,,4248.63157084217,-8050.366050143495,256,2,161.943,3.692855893016824e-3
482,,,,4258.63157084217,-8040.366050143495,257,2,161.816,2.5524208090914255e-3
488,,,,4318.63157084217,-7980.366050143495,263,2,161.727,1.8126952903197901e-3
489,,,,4328.63157084217,-7970.366050143495,264,2,161.545,3.7123313855118435e-3
490,,,,4338.63157084217,-7960.366050143495,265,2,161.365,3.6758976299790585e-3
491,,,,4348.63157084217,-7950.366050143495,266,2,161.182,3.7415654573426578e-3
492,,,,4358.63157084217,-7940.366050143495,267,2,160.971,4.318684041783467e-3
493,,,,4368.63157084217,-7930.366050143495,268,2,160.766,4.200073837062293e-3
494,,,,4378.63157084217,-7920.366050143495,269,2,160.597,3.4663915554484625e-3
495,,,,4388.63157084217,-7910.366050143495,270,2,160.534,1.2942212923379407e-3
498,,,,4418.63157084217,-7880.366050143495,273,2,160.504,6.203290554661387e-4
499,,,,4428.63157084217,-7870.366050143495,274,2,160.341,3.376051540561138e-3
500,,,,4438.63157084217,-7860.366050143495,275,2,160.201,2.903479153569956e-3
501,,,,4448.63157084217,-7850.366050143495,276,2,160.038,3.3848926614059673e-3
502,,,,4458.63157084217,-7840.366050143495,277,2,159.968,1.4558424699184325e-3
505,,,,4488.63157084217,-7810.366050143495,280,2,159.879,1.862528317333197e-3
506,,,,4498.63157084217,-7800.366050143495,281,2,159.806,1.5303197469935118e-3
512,,,,4558.63157084217,-7740.366050143495,287,2,159.773,7.007825895738543e-4
513,,,,4568.63157084217,-7730.366050143495,288,2,159.592,3.8495384940422823e-3
514,,,,4578.63157084217,-7720.366050143495,289,2,159.506,1.8315335070884116e-3
524,,,,4678.63157084217,-7620.366050143495,299,2,159.409,2.109707098819279e-3
525,,,,4688.63157084217,-7610.366050143495,300,2,159.229,3.919880400484216e-3
526,,,,4698.63157084217,-7600.366050143495,301,2,159.032,4.294154619292548e-3
527,,,,4708.63157084217,-7590.366050143495,302,2,158.84,4.188946846835561e-3
528,,,,4718.63157084217,-7580.366050143495,303,2,158.646,4.236420048063875e-3
529,,,,4728.63157084217,-7570.366050143495,304,2,158.47,3.847006644580042e-3
530,,,,4738.63157084217,-7560.366050143495,305,2,158.427,9.412308717741026e-4
533,,,,4768.63157084217,-7530.366050143495,308,2,158.346,1.7835429925963987e-3
534,,,,4778.63157084217,-7520.366050143495,309,2,158.156,4.188805971632092e-3
535,,,,4788.63157084217,-7510.366050143495,310,2,157.944,4.67765748002314e-3
536,,,,4798.63157084217,-7500.366050143495,311,2,157.762,4.0190949559573775e-3
541,,,,4848.63157084217,-7450.366050143495,316,2,157.692,1.5606657516851043e-3
542,,,,4858.63157084217,-7440.366050143495,317,2,157.629,1.4069026538133759e-3
544,,,,4878.63157084217,-7420.366050143495,319,2,157.473,3.4956699105588894e-3
545,,,,4888.63157084217,-7410.366050143495,320,2,157.418,1.2341469721682795e-3
547,,,,4908.63157084217,-7390.366050143495,322,2,157.288,2.927287969913148e-3
548,,,,4919.63157084217,-7379.366050143495,323,2,157.184,2.345333128995682e-3
550,,,,4939.63157084217,-7359.366050143495,325,2,157.167,3.847821895980289e-4
551,,,,4949.63157084217,-7349.366050143495,326,2,156.97,4.46493177897911e-3
552,,,,4959.63157084217,-7339.366050143495,327,2,156.924,1.0438711579688138e-3
556,,,,4999.63157084217,-7299.366050143495,331,2,156.84,1.9207774000298623e-3
561,,,,5049.63157084217,-7249.366050143495,336,2,156.664,4.061365571828464e-3
562,,,,5059.63157084217,-7239.366050143495,337,2,156.444,5.080335283530385e-3
563,,,,5069.63157084217,-7229.366050143495,338,2,156.236,4.806140618282313e-3
564,,,,5079.63157084217,-7219.366050143495,339,2,156.017,5.063369072000835e-3
565,,,,5089.63157084217,-7209.366050143495,340,2,155.793,5.181804688475025e-3
566,,,,5099.63157084217,-7199.366050143495,341,2,155.579,4.953233106648243e-3
567,,,,5109.63157084217,-7189.366050143495,342,2,155.375,4.724681509786575e-3
568,,,,5119.63157084217,-7179.366050143495,343,2,155.159,5.005624337553952e-3
569,,,,5129.63157084217,-7169.366050143495,344,2,154.958,4.6608426500787045e-3
570,,,,5139.63157084217,-7159.366050143495,345,2,154.769,4.385604811593075e-3
571,,,,5149.63157084217,-7149.366050143495,346,2,154.56,4.8528818583574084e-3
572,,,,5159.63157084217,-7139.366050143495,347,2,154.347,4.94860376256025e-3
573,,,,5169.63157084217,-7129.366050143495,348,2,154.112,5.462375327694028e-3
574,,,,5179.63157084217,-7119.366050143495,349,2,153.879,5.418130392983158e-3
575,,,,5189.63157084217,-7109.366050143495,350,2,153.658,5.141416778647308e-3
576,,,,5199.63157084217,-7099.366050143495,351,2,153.46,4.608925302892665e-3
577,,,,5209.63157084217,-7089.366050143495,352,2,153.23,5.356623208310897e-3
578,,,,5219.63157084217,-7079.366050143495,353,2,153.035,4.543896864849965e-3
579,,,,5229.63157084217,-7069.366050143495,354,2,153.03,1.1665716102945694e-4
581,,,,5249.63157084217,-7049.366050143495,356,2,152.918,2.622111181000094e-3
582,,,,5259.63157084217,-7039.366050143495,357,2,152.711,4.850392300206249e-3
583,,,,5269.63157084217,-7029.366050143495,358,2,152.649,1.454255533972452e-3
586,,,,5299.63157084217,-6999.366050143495,361,2,152.487,3.8186581204840337e-3
587,,,,5309.63157084217,-6989.366050143495,362,2,152.29,4.6469654048510835e-3
588,,,,5319.63157084217,-6979.366050143495,363,2,152.213,1.8181114086642859e-3
592,,,,5359.63157084217,-6939.366050143495,367,2,152.133,1.9021692566635478e-3
593,,,,5369.63157084217,-6929.366050143495,368,2,151.995,3.285009402573828e-3
594,,,,5379.63157084217,-6919.366050143495,369,2,151.959,8.580637079515965e-4
596,,,,5399.63157084217,-6899.366050143495,371,2,151.901,1.3871463751909917e-3
597,,,,5409.63157084217,-6889.366050143495,372,2,151.685,5.170824709679515e-3
598,,,,5419.63157084217,-6879.366050143495,373,2,151.508,4.239540973986339e-3
599,,,,5429.63157084217,-6869.366050143495,374,2,151.329,4.290312868585713e-3
600,,,,5439.63157084217,-6859.366050143495,375,2,151.125,4.892328629584489e-3
601,,,,5449.63157084217,-6849.366050143495,376,2,150.939,4.463090485892535e-3
607,,,,5509.63157084217,-6789.366050143495,382,2,150.793,3.5379641028116774e-3
608,,,,5519.63157084217,-6779.366050143495,383,2,150.596,4.777056194092501e-3
609,,,,5529.63157084217,-6769.366050143495,384,2,150.471,3.033374282490719e-3
610,,,,5539.63157084217,-6759.366050143495,385,2,150.334,3.327692102631106e-3
611,,,,5549.63157084217,-6749.366050143495,386,2,150.144,4.618352410147444e-3
612,,,,5559.63157084217,-6739.366050143495,387,2,150.008,3.3081317591396177e-3
613,,,,5569.63157084217,-6729.366050143495,388,2,149.882,3.067719404112553e-3
614,,,,5579.63157084217,-6719.366050143495,389,2,149.698,4.483248364648362e-3
615,,,,5589.63157084217,-6709.366050143495,390,2,149.555,3.486698299128611e-3
616,,,,5599.63157084217,-6699.366050143495,391,2,149.403,3.7091112291490645e-3
617,,,,5609.63157084217,-6689.366050143495,392,2,149.259,3.516684733528782e-3
618,,,,5619.63157084217,-6679.366050143495,393,2,149.208,1.2468981382214768e-3
621,,,,5649.63157084217,-6649.366050143495,396,2,149.148,1.4742216670662603e-3
622,,,,5659.63157084217,-6639.366050143495,397,2,149.073,1.8452035539906612e-3
627,,,,5709.63157084217,-6589.366050143495,402,2,149.012,1.513333614597275e-3
628,,,,5720.63157084217,-6578.366050143495,403,2,149.001,2.733559361818332e-4
632,,,,5760.63157084217,-6538.366050143495,407,2,148.841,4.0015906414964456e-3
633,,,,5770.63157084217,-6528.366050143495,408,2,148.691,3.7540921115950753e-3
634,,,,5780.63157084217,-6518.366050143495,409,2,148.536,3.881967391628905e-3
635,,,,5790.63157084217,-6508.366050143495,410,2,148.382,3.859577958385241e-3
636,,,,5800.63157084217,-6498.366050143495,411,2,148.257,3.13523558495682e-3
637,,,,5810.63157084217,-6488.366050143495,412,2,148.169,2.2094233605510416e-3
639,,,,5830.63157084217,-6468.366050143495,414,2,148.11,1.4856794560741322e-3
640,,,,5840.63157084217,-6458.366050143495,415,2,147.968,3.5794057451356298e-3
641,,,,5850.63157084217,-6448.366050143495,416,2,147.817,3.8090132205257344e-3
642,,,,5860.63157084217,-6438.366050143495,417,2,147.754,1.5907554763174823e-3
643,,,,5870.63157084217,-6428.366050143495,418,2,147.722,8.091213326290415e-4
645,,,,5890.63157084217,-6408.366050143495,420,2,147.644,1.9782155041523676e-3
646,,,,5900.63157084217,-6398.366050143495,421,2,147.469,4.442030381724765e-3
647,,,,5910.63157084217,-6388.366050143495,422,2,147.376,2.362475108895017e-3
650,,,,5940.63157084217,-6358.366050143495,425,2,147.328,1.224944813416582e-3
651,,,,5950.63157084217,-6348.366050143495,426,2,147.236,2.350645803840331e-3
652,,,,5960.63157084217,-6338.366050143495,427,2,147.201,8.953840288391559e-4
653,,,,5970.63157084217,-6328.366050143495,428,2,147.16,1.0503669200279103e-3
654,,,,5980.63157084217,-6318.366050143495,429,2,147.155,1.282880153662599e-4
656,,,,6000.63157084217,-6298.366050143495,431,2,147.118,9.523700728866811e-4
657,,,,6010.63157084217,-6288.366050143495,432,2,146.952,4.276963599813324e-3
658,,,,6020.63157084217,-6278.366050143495,433,2,146.777,4.511111518717775e-3
659,,,,6030.63157084217,-6268.366050143495,434,2,146.591,4.796728278985143e-3
660,,,,6040.63157084217,-6258.366050143495,435,2,146.394,5.082186484573359e-3
661,,,,6050.63157084217,-6248.366050143495,436,2,146.188,5.315843296817811e-3
662,,,,6060.63157084217,-6238.366050143495,437,2,146.004,4.749639681056231e-3
663,,,,6070.63157084217,-6228.366050143495,438,2,145.837,4.312740115010268e-3
664,,,,6080.63157084217,-6218.366050143495,439,2,145.621,5.580011037135305e-3
665,,,,6090.63157084217,-6208.366050143495,440,2,145.458,4.212282058989373e-3
666,,,,6100.63157084217,-6198.366050143495,441,2,145.297,4.162789995249899e-3
667,,,,6110.63157084217,-6188.366050143495,442,2,145.106,4.9405716461981075e-3
668,,,,6120.63157084217,-6178.366050143495,443,2,144.908,5.123149484710043e-3
669,,,,6130.63157084217,-6168.366050143495,444,2,144.714,5.021056772139643e-3
670,,,,6140.63157084217,-6158.366050143495,445,2,144.527,4.84140192303513e-3
671,,,,6150.63157084217,-6148.366050143495,446,2,144.349,4.610073118930291e-3
672,,,,6160.63157084217,-6138.366050143495,447,2,144.199,3.886791112092119e-3
673,,,,6170.63157084217,-6128.366050143495,448,2,144.05,3.863138964962951e-3
674,,,,6180.63157084217,-6118.366050143495,449,2,143.875,4.5394884609278475e-3
675,,,,6190.63157084217,-6108.366050143495,450,2,143.714,4.17820496921334e-3
676,,,,6200.63157084217,-6098.366050143495,451,2,143.552,4.206218268090949e-3
677,,,,6210.63157084217,-6088.366050143495,452,2,143.377,4.545743186148638e-3
678,,,,6220.63157084217,-6078.366050143495,453,2,143.216,4.183912285848528e-3
679,,,,6230.63157084217,-6068.366050143495,454,2,143.077,3.614217108649657e-3
680,,,,6240.63157084217,-6058.366050143495,455,2,142.939,3.5904972233977445e-3
681,,,,6250.63157084217,-6048.366050143495,456,2,142.805,3.4886906058774368e-3
682,,,,6260.63157084217,-6038.366050143495,457,2,142.661,3.751385237512868e-3
683,,,,6270.63157084217,-6028.366050143495,458,2,142.497,4.2746181863325995e-3
684,,,,6280.63157084217,-6018.366050143495,459,2,142.326,4.458934791326415e-3
685,,,,6290.63157084217,-6008.366050143495,460,2,142.151,4.564950731249296e-3
686,,,,6301.63157084217,-5997.366050143495,461,2,141.985,4.332554105196501e-3
687,,,,6311.63157084217,-5987.366050143495,462,2,141.798,4.882320196095203e-3
688,,,,6321.63157084217,-5977.366050143495,463,2,141.567,6.031759328741152e-3
689,,,,6331.63157084217,-5967.366050143495,464,2,141.485,2.1421622045549376e-3
691,,,,6351.63157084217,-5947.366050143495,466,2,141.383,2.6713200672836444e-3
692,,,,6361.63157084217,-5937.366050143495,467,2,141.208,4.585867737496594e-3
693,,,,6371.63157084217,-5927.366050143495,468,2,141.17,9.966019816074112e-4
695,,,,6391.63157084217,-5907.366050143495,470,2,141.157,3.419512024555298e-4
696,,,,6401.63157084217,-5897.366050143495,471,2,141.1,1.5012979415605326e-3
697,,,,6411.63157084217,-5887.366050143495,472,2,140.99,2.9000505699991767e-3
701,,,,6451.63157084217,-5847.366050143495,476,2,140.911,2.0943530933979805e-3
702,,,,6461.63157084217,-5837.366050143495,477,2,140.841,1.8576499306745143e-3
703,,,,6471.63157084217,-5827.366050143495,478,2,140.706,3.5855443105655485e-3
704,,,,6481.63157084217,-5817.366050143495,479,2,140.505,5.340345310858455e-3
705,,,,6491.63157084217,-5807.366050143495,480,2,140.341,4.358354889574284e-3
706,,,,6501.63157084217,-5797.366050143495,481,2,140.174,4.439678813088239e-3
707,,,,6511.63157084217,-5787.366050143495,482,2,139.994,4.7867141294067606e-3
708,,,,6522.63157084217,-5776.366050143495,483,2,139.781,5.6658880914738155e-3
709,,,,6532.63157084217,-5766.366050143495,484,2,139.624,4.177136119806147e-3
710,,,,6542.63157084217,-5756.366050143495,485,2,139.446,4.737424001333445e-3
711,,,,6552.63157084217,-5746.366050143495,486,2,139.283,4.339524527203554e-3
712,,,,6562.63157084217,-5736.366050143495,487,2,139.126,4.181360214309379e-3
713,,,,6572.63157084217,-5726.366050143495,488,2,138.947,4.76878538898064e-3
714,,,,6582.63157084217,-5716.366050143495,489,2,138.753,5.1693244867695425e-3
715,,,,6592.63157084217,-5706.366050143495,490,2,138.592,4.291031069086308e-3
716,,,,6602.63157084217,-5696.366050143495,491,2,138.432,4.265904011308838e-3
717,,,,6612.63157084217,-5686.366050143495,492,2,138.253,4.773859233212892e-3
718,,,,6622.63157084217,-5676.366050143495,493,2,138.097,4.16170506206251e-3
723,,,,6672.63157084217,-5626.366050143495,498,2,138.035,1.6651839270391624e-3
724,,,,6682.63157084217,-5616.366050143495,499,2,137.875,4.300228946971593e-3
725,,,,6692.63157084217,-5606.366050143495,500,2,137.685,5.107675890444899e-3
726,,,,6702.63157084217,-5596.366050143495,501,2,137.484,5.4037786006086224e-3
727,,,,6712.63157084217,-5586.366050143495,502,2,137.306,4.785974429179968e-3
728,,,,6722.63157084217,-5576.366050143495,503,2,137.184,3.281574776861126e-3
732,,,,6762.63157084217,-5536.366050143495,507,2,137.121,1.703517649105363e-3
733,,,,6772.63157084217,-5526.366050143495,508,2,136.984,3.707247764038704e-3
734,,,,6782.63157084217,-5516.366050143495,509,2,136.923,1.6519155056211139e-3
737,,,,6812.63157084217,-5486.366050143495,512,2,136.809,3.098860034756097e-3
738,,,,6822.63157084217,-5476.366050143495,513,2,136.711,2.665776403285757e-3
742,,,,6862.63157084217,-5436.366050143495,517,2,136.686,6.837243918153987e-4
743,,,,6872.63157084217,-5426.366050143495,518,2,136.507,4.898941995966092e-3
744,,,,6882.63157084217,-5416.366050143495,519,2,136.39,3.203286487870639e-3
748,,,,6922.63157084217,-5376.366050143495,523,2,136.346,1.2109410403584068e-3
749,,,,6932.63157084217,-5366.366050143495,524,2,136.191,4.2688601381693425e-3
754,,,,6982.63157084217,-5316.366050143495,529,2,136.112,2.1895520886796773e-3
755,,,,6992.63157084217,-5306.366050143495,530,2,135.988,3.439121426701664e-3
756,,,,7002.63157084217,-5296.366050143495,531,2,135.982,1.6656746085317767e-4
759,,,,7033.63157084217,-5265.366050143495,534,2,135.95,8.92167805299418e-4
760,,,,7043.63157084217,-5255.366050143495,535,2,135.766,5.133177752457642e-3
761,,,,7053.63157084217,-5245.366050143495,536,2,135.597,4.715271939234809e-3
768,,,,7123.63157084217,-5175.366050143495,543,2,135.588,2.534348061088834e-4
769,,,,7133.63157084217,-5165.366050143495,544,2,135.412,4.959629913032398e-3
770,,,,7143.63157084217,-5155.366050143495,545,2,135.276,3.8333952107911765e-3
776,,,,7203.63157084217,-5095.366050143495,551,2,135.24,1.0225948164530201e-3
777,,,,7213.63157084217,-5085.366050143495,552,2,135.156,2.3883069505223056e-3
782,,,,7263.63157084217,-5035.366050143495,557,2,135.146,2.8619345859640804e-4
783,,,,7273.63157084217,-5025.366050143495,558,2,134.981,4.725631742200571e-3
784,,,,7283.63157084217,-5015.366050143495,559,2,134.806,5.012607199902266e-3
785,,,,7293.63157084217,-5005.366050143495,560,2,134.673,3.810456657427811e-3
790,,,,7343.63157084217,-4955.366050143495,565,2,134.591,2.3635220702758093e-3
791,,,,7353.63157084217,-4945.366050143495,566,2,134.413,5.132597921226322e-3
792,,,,7363.63157084217,-4935.366050143495,567,2,134.238,5.046324773198396e-3
793,,,,7373.63157084217,-4925.366050143495,568,2,134.065,4.988956326681068e-3
794,,,,7383.63157084217,-4915.366050143495,569,2,133.878,5.392754831253377e-3
795,,,,7393.63157084217,-4905.366050143495,570,2,133.677,5.795935859916305e-3
796,,,,7403.63157084217,-4895.366050143495,571,2,133.468,6.025523315855251e-3
797,,,,7413.63157084217,-4885.366050143495,572,2,133.306,4.670314757397503e-3
801,,,,7453.63157084217,-4845.366050143495,576,2,133.189,3.3876574185338904e-3
802,,,,7463.63157084217,-4835.366050143495,577,2,133.099,2.6073596160677915e-3
806,,,,7503.63157084217,-4795.366050143495,581,2,133.06,1.1353608157295074e-3
807,,,,7513.63157084217,-4785.366050143495,582,2,132.877,5.330112640733414e-3
808,,,,7523.63157084217,-4775.366050143495,583,2,132.676,5.853713004111282e-3
809,,,,7533.63157084217,-4765.366050143495,584,2,132.472,5.939905514628862e-3
810,,,,7543.63157084217,-4755.366050143495,585,2,132.307,4.804017575338873e-3
811,,,,7553.63157084217,-4745.366050143495,586,2,132.115,5.589992807128699e-3
812,,,,7563.63157084217,-4735.366050143495,587,2,131.951,4.774669740925749e-3
813,,,,7573.63157084217,-4725.366050143495,588,2,131.786,4.8041417910283804e-3
814,,,,7583.63157084217,-4715.366050143495,589,2,131.637,4.338841865925966e-3
819,,,,7633.63157084217,-4665.366050143495,594,2,131.539,2.86985655114732e-3
820,,,,7643.63157084217,-4655.366050143495,595,2,131.4,4.072172709313178e-3
821,,,,7653.63157084217,-4645.366050143495,596,2,131.233,4.893166056952738e-3
822,,,,7663.63157084217,-4635.366050143495,597,2,131.05,5.3618231618788054e-3
823,,,,7673.63157084217,-4625.366050143495,598,2,130.888,4.746473952661951e-3
824,,,,7683.63157084217,-4615.366050143495,599,2,130.722,4.863910752609073e-3
825,,,,7693.63157084217,-4605.366050143495,600,2,130.532,5.566786572540018e-3
826,,,,7703.63157084217,-4595.366050143495,601,2,130.358,5.097518630338424e-3
827,,,,7713.63157084217,-4585.366050143495,602,2,130.143,6.297430492526645e-3
828,,,,7723.63157084217,-4575.366050143495,603,2,129.934,6.119647662534857e-3
829,,,,7733.63157084217,-4565.366050143495,604,2,129.726,6.088474655874698e-3
830,,,,7743.63157084217,-4555.366050143495,605,2,129.493,6.817483100100413e-3
831,,,,7753.63157084217,-4545.366050143495,606,2,129.319,5.089738318109581e-3
832,,,,7763.63157084217,-4535.366050143495,607,2,129.1,6.404571968069317e-3
833,,,,7773.63157084217,-4525.366050143495,608,2,128.938,4.73673699607304e-3
834,,,,7783.63157084217,-4515.366050143495,609,2,128.759,5.2336093294051075e-3
835,,,,7793.63157084217,-4505.366050143495,610,2,128.574,5.408336677576015e-3
836,,,,7803.63157084217,-4495.366050143495,611,2,128.41,4.794058465844104e-3
838,,,,7823.63157084217,-4475.366050143495,613,2,128.319,2.6642891021199273e-3
839,,,,7833.63157084217,-4465.366050143495,614,2,128.113,6.031970631535058e-3
840,,,,7843.63157084217,-4455.366050143495,615,2,127.914,5.825224481569011e-3
841,,,,7853.63157084217,-4445.366050143495,616,2,127.9,4.0999589114685354e-4
844,,,,7883.63157084217,-4415.366050143495,619,2,127.753,4.318681581571931e-3
845,,,,7893.63157084217,-4405.366050143495,620,2,127.567,5.4642589023634995e-3
846,,,,7904.63157084217,-4394.366050143495,621,2,127.374,5.66937602656882e-3
847,,,,7914.63157084217,-4384.366050143495,622,2,127.18,5.697298776004104e-3
848,,,,7924.63157084217,-4374.366050143495,623,2,127.005,5.138350007546361e-3
849,,,,7934.63157084217,-4364.366050143495,624,2,126.821,5.401785455133222e-3
850,,,,7944.63157084217,-4354.366050143495,625,2,126.615,6.045969109907919e-3
851,,,,7954.63157084217,-4344.366050143495,626,2,126.419,5.750580113823935e-3
852,,,,7964.63157084217,-4334.366050143495,627,2,126.227,5.631654234695431e-3
853,,,,7974.63157084217,-4324.366050143495,628,2,126.039,5.512947215579759e-3
854,,,,7984.63157084217,-4314.366050143495,629,2,125.843,5.745988101433451e-3
855,,,,7994.63157084217,-4304.366050143495,630,2,125.643,5.861366793226043e-3
856,,,,8004.63157084217,-4294.366050143495,631,2,125.465,5.215290869873334e-3
857,,,,8014.63157084217,-4284.366050143495,632,2,125.302,4.775272812245019e-3
858,,,,8024.63157084217,-4274.366050143495,633,2,125.114,5.506829899820046e-3
859,,,,8034.63157084217,-4264.366050143495,634,2,124.946,4.920124720193019e-3
860,,,,8044.63157084217,-4254.366050143495,635,2,124.792,4.5099128082189315e-3
861,,,,8054.63157084217,-4244.366050143495,636,2,124.601,5.592679644023302e-3
862,,,,8064.63157084217,-4234.366050143495,637,2,124.422,5.240028628759014e-3
863,,,,8074.63157084217,-4224.366050143495,638,2,124.247,5.121993799447461e-3
864,,,,8084.63157084217,-4214.366050143495,639,2,124.057,5.559736209799816e-3
865,,,,8094.63157084217,-4204.366050143495,640,2,123.861,5.733474085933655e-3
866,,,,8104.63157084217,-4194.366050143495,641,2,123.658,5.936008211238e-3
867,,,,8114.63157084217,-4184.366050143495,642,2,123.462,5.7291396609154294e-3
868,,,,8124.63157084217,-4174.366050143495,643,2,123.258,5.960666671910607e-3
869,,,,8134.63157084217,-4164.366050143495,644,2,123.055,5.92895147557498e-3
870,,,,8144.63157084217,-4154.366050143495,645,2,123.013,1.2269659469857027e-3
872,,,,8164.63157084217,-4134.366050143495,647,2,122.961,1.522249273933987e-3
873,,,,8174.63157084217,-4124.366050143495,648,2,122.8,4.714804247100711e-3
874,,,,8184.63157084217,-4114.366050143495,649,2,122.619,5.299593123646657e-3
875,,,,8194.63157084217,-4104.366050143495,650,2,122.437,5.327491889275064e-3
876,,,,8204.63157084217,-4094.366050143495,651,2,122.259,5.2090987743637985e-3
877,,,,8214.63157084217,-4084.366050143495,652,2,122.062,5.763306940489541e-3
878,,,,8224.63157084217,-4074.366050143495,653,2,121.873,5.527248757322508e-3
879,,,,8234.63157084217,-4064.366050143495,654,2,121.686,5.466968834683265e-3
880,,,,8244.63157084217,-4054.366050143495,655,2,121.503,5.3483880034747595e-3
881,,,,8254.63157084217,-4044.366050143495,656,2,121.406,2.8351084139489864e-3
883,,,,8274.63157084217,-4024.366050143495,658,2,121.298,3.1615932207718542e-3
884,,,,8284.63157084217,-4014.366050143495,659,2,121.117,5.2986825354884625e-3
885,,,,8294.63157084217,-4004.366050143495,660,2,120.981,3.980923635868721e-3
888,,,,8324.63157084217,-3974.366050143495,663,2,120.853,3.756202409994642e-3
889,,,,8334.63157084217,-3964.366050143495,664,2,120.826,7.927672898658991e-4
893,,,,8374.63157084217,-3924.366050143495,668,2,120.699,3.744451054470369e-3
894,,,,8384.63157084217,-3914.366050143495,669,2,120.694,1.4751469878904902e-4
897,,,,8414.63157084217,-3884.366050143495,672,2,120.54,4.556705706623498e-3
898,,,,8424.63157084217,-3874.366050143495,673,2,120.359,5.354527157999927e-3
899,,,,8434.63157084217,-3864.366050143495,674,2,120.184,5.175514447396706e-3
900,,,,8444.63157084217,-3854.366050143495,675,2,120.016,4.967291281260712e-3
901,,,,8454.63157084217,-3844.366050143495,676,2,119.827,5.586504787721465e-3
902,,,,8464.63157084217,-3834.366050143495,677,2,119.641,5.495726702183183e-3
903,,,,8474.63157084217,-3824.366050143495,678,2,119.598,1.2708020213928056e-3
904,,,,8484.63157084217,-3814.366050143495,679,2,119.523,2.218036081235239e-3
905,,,,8494.63157084217,-3804.366050143495,680,2,119.367,4.614490460791754e-3
906,,,,8504.63157084217,-3794.366050143495,681,2,119.193,5.1458724240129325e-3
907,,,,8514.63157084217,-3784.366050143495,682,2,119.09,3.0461604913895007e-3
910,,,,8544.63157084217,-3754.366050143495,685,2,118.971,3.5284599536738264e-3
911,,,,8554.63157084217,-3744.366050143495,686,2,118.824,4.358910982294946e-3
914,,,,8584.63157084217,-3714.366050143495,689,2,118.706,3.5073473112537776e-3
915,,,,8594.63157084217,-3704.366050143495,690,2,118.548,4.696285930962162e-3
919,,,,8634.63157084217,-3664.366050143495,694,2,118.486,1.8497063296957941e-3
920,,,,8644.63157084217,-3654.366050143495,695,2,118.315,5.102497110180341e-3
921,,,,8654.63157084217,-3644.366050143495,696,2,118.136,5.33948544519989e-3
922,,,,8665.63157084217,-3633.366050143495,697,2,118.103,9.84741843716728e-4
926,,,,8705.63157084217,-3593.366050143495,701,2,118.042,1.8279550386299044e-3
930,,,,8745.63157084217,-3553.366050143495,705,2,118.017,7.523300098205751e-4
931,,,,8755.63157084217,-3543.366050143495,706,2,117.817,6.019778724588791e-3
932,,,,8765.63157084217,-3533.366050143495,707,2,117.62,5.9262612200043675e-3
933,,,,8775.63157084217,-3523.366050143495,708,2,117.43,5.712798087754345e-3
934,,,,8785.63157084217,-3513.366050143495,709,2,117.414,4.812038295506629e-4
936,,,,8805.63157084217,-3493.366050143495,711,2,117.244,5.12037104585817e-3
937,,,,8815.63157084217,-3483.366050143495,712,2,117.036,6.261935907723416e-3
938,,,,8825.63157084217,-3473.366050143495,713,2,116.814,6.678712962153447e-3
939,,,,8835.63157084217,-3463.366050143495,714,2,116.626,5.652328036575779e-3
940,,,,8845.63157084217,-3453.366050143495,715,2,116.622,1.2029938381395438e-4
943,,,,8875.63157084217,-3423.366050143495,718,2,116.468,4.644086126764008e-3
944,,,,8885.63157084217,-3413.366050143495,719,2,116.247,6.661339820517322e-3
945,,,,8895.63157084217,-3403.366050143495,720,2,116.034,6.415443939985709e-3
946,,,,8905.63157084217,-3393.366050143495,721,2,115.952,2.4694315338810785e-3
948,,,,8925.63157084217,-3373.366050143495,723,2,115.895,1.719380230584342e-3
949,,,,8935.63157084217,-3363.366050143495,724,2,115.684,6.364488700220424e-3
950,,,,8945.63157084217,-3353.366050143495,725,2,115.455,6.902022271178433e-3
951,,,,8955.63157084217,-3343.366050143495,726,2,115.232,6.715538438902184e-3
952,,,,8965.63157084217,-3333.366050143495,727,2,115.027,6.1689038294659975e-3
953,,,,8975.63157084217,-3323.366050143495,728,2,114.823,6.134742372755432e-3
954,,,,8985.63157084217,-3313.366050143495,729,2,114.665,4.74922026236373e-3
956,,,,9005.63157084217,-3293.366050143495,731,2,114.642,6.923344789949845e-4
957,,,,9015.63157084217,-3283.366050143495,732,2,114.443,5.991044175207196e-3
958,,,,9025.63157084217,-3273.366050143495,733,2,114.272,5.145469360477637e-3
961,,,,9055.63157084217,-3243.366050143495,736,2,114.222,1.508065435157595e-3
962,,,,9065.63157084217,-3233.366050143495,737,2,114.039,5.519980034296458e-3
963,,,,9075.63157084217,-3223.366050143495,738,2,113.816,6.721975413962749e-3
964,,,,9085.63157084217,-3213.366050143495,739,2,113.64,5.301781476845351e-3
969,,,,9135.63157084217,-3163.366050143495,744,2,113.621,5.750077885652132e-4
970,,,,9145.63157084217,-3153.366050143495,745,2,113.57,1.5446555085698425e-3
972,,,,9165.63157084217,-3133.366050143495,747,2,113.445,3.79126026749266e-3
973,,,,9175.63157084217,-3123.366050143495,748,2,113.224,6.700033986259078e-3
974,,,,9185.63157084217,-3113.366050143495,749,2,113.002,6.724517832452597e-3
975,,,,9195.63157084217,-3103.366050143495,750,2,112.991,3.332160190101375e-4
980,,,,9245.63157084217,-3053.366050143495,755,2,112.926,1.9790441758529846e-3
981,,,,9255.63157084217,-3043.366050143495,756,2,112.711,6.545027443361643e-3
982,,,,9265.63157084217,-3033.366050143495,757,2,112.491,6.69154784683869e-3
983,,,,9275.63157084217,-3023.366050143495,758,2,112.269,6.746400574452631e-3
984,,,,9285.63157084217,-3013.366050143495,759,2,112.119,4.555740425123196e-3
985,,,,9295.63157084217,-3003.366050143495,760,2,112.044,2.2780367826898563e-3
986,,,,9305.63157084217,-2993.366050143495,761,2,112.036,2.4316192513458186e-4
990,,,,9345.63157084217,-2953.366050143495,765,2,111.987,1.4953883095708263e-3
991,,,,9355.63157084217,-2943.366050143495,766,2,111.786,6.133854765827417e-3
992,,,,9365.63157084217,-2933.366050143495,767,2,111.57,6.58635416635941e-3
993,,,,9375.63157084217,-2923.366050143495,768,2,111.351,6.671942065636919e-3
994,,,,9385.63157084217,-2913.366050143495,769,2,111.127,6.817972238838404e-3
995,,,,9396.63157084217,-2902.366050143495,770,2,111.006,3.681521047660866e-3
999,,,,9436.63157084217,-2862.366050143495,774,2,110.875,3.998204890128373e-3
1000,,,,9446.63157084217,-2852.366050143495,775,2,110.662,6.497697483328466e-3
1001,,,,9456.63157084217,-2842.366050143495,776,2,110.587,2.2873661271511766e-3
1002,,,,9466.63157084217,-2832.366050143495,777,2,110.576,3.357045821499079e-4
1006,,,,9506.63157084217,-2792.366050143495,781,2,110.465,3.400001549627253e-3
1007,,,,9516.63157084217,-2782.366050143495,782,2,110.243,6.796900970192344e-3
1008,,,,9526.63157084217,-2772.366050143495,783,2,110.014,7.004243054385696e-3
1009,,,,9536.63157084217,-2762.366050143495,784,2,109.79,6.844397925353708e-3
1010,,,,9546.63157084217,-2752.366050143495,785,2,109.561,6.990076032449822e-3
1011,,,,9556.63157084217,-2742.366050143495,786,2,109.33,7.043708342039176e-3
1012,,,,9566.63157084217,-2732.366050143495,787,2,109.1,7.005768896926802e-3
1013,,,,9576.63157084217,-2722.366050143495,788,2,108.879,6.724753128050419e-3
1014,,,,9586.63157084217,-2712.366050143495,789,2,108.672,6.292947416192223e-3
1015,,,,9596.63157084217,-2702.366050143495,790,2,108.46,6.439248001317758e-3
1016,,,,9606.63157084217,-2692.366050143495,791,2,108.275,5.614725774953884e-3
1017,,,,9616.63157084217,-2682.366050143495,792,2,108.093,5.5200629811525135e-3
1018,,,,9626.63157084217,-2672.366050143495,793,2,107.918,5.304505491361501e-3
1019,,,,9636.63157084217,-2662.366050143495,794,2,107.737,5.483022124389111e-3
1020,,,,9646.63157084217,-2652.366050143495,795,2,107.578,4.813973983646154e-3
1021,,,,9656.63157084217,-2642.366050143495,796,2,107.373,6.202626487135978e-3
1022,,,,9666.63157084217,-2632.366050143495,797,2,107.172,6.076398640326346e-3
1023,,,,9676.63157084217,-2622.366050143495,798,2,106.971,6.0712872672434815e-3
1024,,,,9686.63157084217,-2612.366050143495,799,2,106.775,5.915391400204098e-3
1025,,,,9696.63157084217,-2602.366050143495,800,2,106.572,6.121531791181306e-3
1026,,,,9706.63157084217,-2592.366050143495,801,2,106.373,5.995780227514431e-3
1027,,,,9716.63157084217,-2582.366050143495,802,2,106.191,5.47940591282124e-3
1028,,,,9726.63157084217,-2572.366050143495,803,2,106.013,5.35540932503712e-3
1029,,,,9736.63157084217,-2562.366050143495,804,2,105.836,5.3218797573031315e-3
1030,,,,9746.63157084217,-2552.366050143495,805,2,105.64,5.888820881648633e-3
1031,,,,9756.63157084217,-2542.366050143495,806,2,105.448,5.763964742838007e-3
1032,,,,9766.63157084217,-2532.366050143495,807,2,105.254,5.819314505007351e-3
1033,,,,9776.63157084217,-2522.366050143495,808,2,105.059,5.8444899390237386e-3
1034,,,,9786.63157084217,-2512.366050143495,809,2,104.86,5.9592924761824855e-3
1035,,,,9796.63157084217,-2502.366050143495,810,2,104.653,6.193194691339714e-3
1036,,,,9806.63157084217,-2492.366050143495,811,2,104.454,5.9483723134953845e-3
1037,,,,9816.63157084217,-2482.366050143495,812,2,104.243,6.301120566611581e-3
1038,,,,9826.63157084217,-2472.366050143495,813,2,104.033,6.26498207565155e-3
1039,,,,9836.63157084217,-2462.366050143495,814,2,103.821,6.3182570285511734e-3
1040,,,,9846.63157084217,-2452.366050143495,815,2,103.605,6.430744697773002e-3
1041,,,,9856.63157084217,-2442.366050143495,816,2,103.391,6.364450108355719e-3
1042,,,,9866.63157084217,-2432.366050143495,817,2,103.184,6.1499793109769975e-3
1043,,,,9876.63157084217,-2422.366050143495,818,2,102.962,6.588603560404521e-3
1044,,,,9886.63157084217,-2412.366050143495,819,2,102.729,6.906789136576272e-3
1045,,,,9896.63157084217,-2402.366050143495,820,2,102.531,5.8629144069777825e-3
1048,,,,9926.63157084217,-2372.366050143495,823,2,102.474,1.6908218394031042e-3
1049,,,,9936.63157084217,-2362.366050143495,824,2,102.273,5.960866950424887e-3
1050,,,,9946.63157084217,-2352.366050143495,825,2,102.228,1.3342604652182726e-3
1055,,,,9996.63157084217,-2302.366050143495,830,2,102.206,6.553693546447796e-4
1056,,,,10006.63157084217,-2292.366050143495,831,2,102.013,5.749075348214832e-3
1057,,,,10016.63157084217,-2282.366050143495,832,2,101.823,5.6547424000269325e-3
1058,,,,10026.63157084217,-2272.366050143495,833,2,101.618,6.095425623621454e-3
1059,,,,10036.63157084217,-2262.366050143495,834,2,101.417,5.970512140095685e-3
1060,,,,10046.63157084217,-2252.366050143495,835,2,101.252,4.897206094869529e-3
1063,,,,10077.63157084217,-2221.366050143495,838,2,101.244,2.3796963749823032e-4
1064,,,,10087.63157084217,-2211.366050143495,839,2,101.092,4.5223336073946865e-3
1065,,,,10097.63157084217,-2201.366050143495,840,2,100.898,5.767767640585999e-3
1066,,,,10107.63157084217,-2191.366050143495,841,2,100.704,5.762389438084626e-3
1067,,,,10117.63157084217,-2181.366050143495,842,2,100.516,5.579104434516133e-3
1068,,,,10127.63157084217,-2171.366050143495,843,2,100.334,5.396444989964635e-3
1069,,,,10137.63157084217,-2161.366050143495,844,2,100.176,4.681513326728748e-3
1070,,,,10147.63157084217,-2151.366050143495,845,2,100.14,1.0666930549501762e-3
1073,,,,10177.63157084217,-2121.366050143495,848,2,100.09,1.4852600969930574e-3
1074,,,,10187.63157084217,-2111.366050143495,849,2,99.911,5.316368364691818e-3
1075,,,,10197.63157084217,-2101.366050143495,850,2,99.721,5.6381900701802275e-3
1076,,,,10207.63157084217,-2091.366050143495,851,2,99.708,3.857565302089728e-4
1077,,,,10217.63157084217,-2081.366050143495,852,2,99.596,3.3246115764990277e-3
1078,,,,10227.63157084217,-2071.366050143495,853,2,99.554,1.2469852388689144e-3
1080,,,,10247.63157084217,-2051.366050143495,855,2,99.404,4.457925485935644e-3
1081,,,,10257.63157084217,-2041.366050143495,856,2,99.296,3.2086722265216618e-3
1084,,,,10287.63157084217,-2011.366050143495,859,2,99.203,2.7683010067054456e-3
1085,,,,10297.63157084217,-2001.366050143495,860,2,99.017,5.5341942899088305e-3
1086,,,,10307.63157084217,-1991.366050143495,861,2,98.825,5.707359718697574e-3
1091,,,,10357.63157084217,-1941.366050143495,866,2,98.711,3.399916113077152e-3
1092,,,,10367.63157084217,-1931.366050143495,867,2,98.52,5.693046561567433e-3
1093,,,,10377.63157084217,-1921.366050143495,868,2,98.34,5.360247839212663e-3
1094,,,,10387.63157084217,-1911.366050143495,869,2,98.174,4.939406372949316e-3
1095,,,,10397.63157084217,-1901.366050143495,870,2,98.016,4.698129840923901e-3
1096,,,,10407.63157084217,-1891.366050143495,871,2,97.848,4.9919755260264135e-3
1097,,,,10417.63157084217,-1881.366050143495,872,2,97.678,5.047531844907581e-3
1098,,,,10427.63157084217,-1871.366050143495,873,2,97.499,5.310360246270835e-3
1099,,,,10437.63157084217,-1861.366050143495,874,2,97.306,5.720263147076777e-3
1100,,,,10447.63157084217,-1851.366050143495,875,2,97.122,5.448175855385979e-3
1101,,,,10457.63157084217,-1841.366050143495,876,2,97.079,1.2729457373349652e-3
1104,,,,10487.63157084217,-1811.366050143495,879,2,97.067,3.5615885938971355e-4
1105,,,,10497.63157084217,-1801.366050143495,880,2,96.877,5.6386860191724305e-3
1106,,,,10507.63157084217,-1791.366050143495,881,2,96.693,5.455283766429674e-3
1107,,,,10517.63157084217,-1781.366050143495,882,2,96.527,4.917391154904049e-3
1108,,,,10527.63157084217,-1771.366050143495,883,2,96.333,5.741577171769315e-3
1109,,,,10537.63157084217,-1761.366050143495,884,2,96.146,5.528720139195537e-3
1110,,,,10547.63157084217,-1751.366050143495,885,2,95.988,4.667377186465329e-3
1111,,,,10557.63157084217,-1741.366050143495,886,2,95.81,5.253965482377508e-3
1112,,,,10567.63157084217,-1731.366050143495,887,2,95.628,5.367027696119816e-3
1113,,,,10577.63157084217,-1721.366050143495,888,2,95.432,5.773922059366818e-3
1114,,,,10587.63157084217,-1711.366050143495,889,2,95.221,6.208426662938686e-3
1115,,,,10597.63157084217,-1701.366050143495,890,2,95.004,6.37665293455082e-3
1116,,,,10607.63157084217,-1691.366050143495,891,2,94.796,6.104282253806322e-3
1117,,,,10617.63157084217,-1681.366050143495,892,2,94.619,5.188859631814393e-3
1119,,,,10637.63157084217,-1661.366050143495,894,2,94.592,7.921578425479046e-4
1120,,,,10647.63157084217,-1651.366050143495,895,2,94.425,4.899220527663529e-3
1122,,,,10667.63157084217,-1631.366050143495,897,2,94.318,3.140358834400707e-3
1123,,,,10677.63157084217,-1621.366050143495,898,2,94.164,4.517749746482179e-3
1125,,,,10697.63157084217,-1601.366050143495,900,2,94.107,1.6734107631604447e-3
1126,,,,10707.63157084217,-1591.366050143495,901,2,93.937,4.9895164409878194e-3
1127,,,,10717.63157084217,-1581.366050143495,902,2,93.829,3.1680802205237184e-3
1130,,,,10747.63157084217,-1551.366050143495,905,2,93.697,3.8779734194378935e-3
1131,,,,10757.63157084217,-1541.366050143495,906,2,93.508,5.54820565824932e-3
1132,,,,10767.63157084217,-1531.366050143495,907,2,93.452,1.6432874931104464e-3
1136,,,,10807.63157084217,-1491.366050143495,911,2,93.397,1.6189768360466983e-3
1137,,,,10817.63157084217,-1481.366050143495,912,2,93.207,5.590663748316894e-3
1138,,,,10827.63157084217,-1471.366050143495,913,2,93.019,5.525712313134615e-3
1139,,,,10837.63157084217,-1461.366050143495,914,2,92.835,5.402325588854356e-3
1140,,,,10847.63157084217,-1451.366050143495,915,2,92.662,5.074281496746504e-3
1141,,,,10857.63157084217,-1441.366050143495,916,2,92.503,4.659590604926005e-3
1142,,,,10867.63157084217,-1431.366050143495,917,2,92.352,4.421806078438835e-3
1143,,,,10877.63157084217,-1421.366050143495,918,2,92.237,3.3658490788813686e-3
1144,,,,10887.63157084217,-1411.366050143495,919,2,92.065,5.030933162208455e-3
1145,,,,10897.63157084217,-1401.366050143495,920,2,91.887,5.201316408837453e-3
1146,,,,10907.63157084217,-1391.366050143495,921,2,91.859,8.180183040270443e-4
1148,,,,10927.63157084217,-1371.366050143495,923,2,91.805,1.5797940685087532e-3
1149,,,,10937.63157084217,-1361.366050143495,924,2,91.639,4.855025622867727e-3
1150,,,,10947.63157084217,-1351.366050143495,925,2,91.588,1.4912019285413431e-3
1156,,,,11008.63157084217,-1290.366050143495,931,2,91.538,1.4692983376796908e-3
1157,,,,11018.63157084217,-1280.366050143495,932,2,91.52,5.292312938651009e-4
1159,,,,11038.63157084217,-1260.366050143495,934,2,91.444,2.237438534016241e-3
1160,,,,11048.63157084217,-1250.366050143495,935,2,91.355,2.6201668660444867e-3
1164,,,,11088.63157084217,-1210.366050143495,939,2,91.293,1.8303797431513285e-3
1168,,,,11128.63157084217,-1170.366050143495,943,2,91.133,4.734837944088384e-3
1169,,,,11138.63157084217,-1160.366050143495,944,2,91.046,2.573392565630981e-3
1172,,,,11168.63157084217,-1130.366050143495,947,2,90.985,1.8077226143127494e-3
1173,,,,11178.63157084217,-1120.366050143495,948,2,90.808,5.243191283175604e-3
1174,,,,11188.63157084217,-1110.366050143495,949,2,90.64,4.971587379710505e-3
1175,,,,11198.63157084217,-1100.366050143495,950,2,90.478,4.789588711218019e-3
1176,,,,11208.63157084217,-1090.366050143495,951,2,90.315,4.8148021540147e-3
1177,,,,11218.63157084217,-1080.366050143495,952,2,90.153,4.780922920594457e-3
1178,,,,11228.63157084217,-1070.366050143495,953,2,90.002,4.452528784986988e-3
1179,,,,11238.63157084217,-1060.366050143495,954,2,89.865,4.036845506070877e-3
1180,,,,11248.63157084217,-1050.366050143495,955,2,89.71,4.563876692562697e-3
1181,,,,11258.63157084217,-1040.366050143495,956,2,89.558,4.471864184256857e-3
1182,,,,11268.63157084217,-1030.366050143495,957,2,89.407,4.4388745183364135e-3
1183,,,,11278.63157084217,-1020.366050143495,958,2,89.256,4.435316498088039e-3
1184,,,,11288.63157084217,-1010.366050143495,959,2,89.089,4.900894399340072e-3
1185,,,,11298.63157084217,-1000.366050143495,960,2,88.919,4.983918429394138e-3
1186,,,,11308.63157084217,-990.366050143495,961,2,88.76,4.656932222028414e-3
1187,,,,11318.63157084217,-980.366050143495,962,2,88.588,5.032749356723396e-3
1188,,,,11328.63157084217,-970.366050143495,963,2,88.418,4.969022904421527e-3
1189,,,,11338.63157084217,-960.366050143495,964,2,88.35,1.9866887895384623e-3
1190,,,,11348.63157084217,-950.366050143495,965,2,88.285,1.8992855001273557e-3
1191,,,,11358.63157084217,-940.366050143495,966,2,88.226,1.72427462233274e-3
1192,,,,11368.63157084217,-930.366050143495,967,2,88.179,1.3739583796269082e-3
1193,,,,11378.63157084217,-920.366050143495,968,2,88.014,4.821911846820193e-3
1194,,,,11388.63157084217,-910.366050143495,969,2,87.884,3.796054453032607e-3
1195,,,,11398.63157084217,-900.366050143495,970,2,87.786,2.8604412338175235e-3
1196,,,,11408.63157084217,-890.366050143495,971,2,87.595,5.570652924878725e-3
1197,,,,11418.63157084217,-880.366050143495,972,2,87.458,3.991726910491293e-3
1198,,,,11428.63157084217,-870.366050143495,973,2,87.308,4.367159704915149e-3
1199,,,,11438.63157084217,-860.366050143495,974,2,87.132,5.119050973442406e-3
1200,,,,11448.63157084217,-850.366050143495,975,2,87.017,3.3421738835990923e-3
1202,,,,11468.63157084217,-830.366050143495,977,2,86.914,2.9949008991967557e-3
1205,,,,11498.63157084217,-800.366050143495,980,2,86.757,4.570142613304922e-3
1206,,,,11508.63157084217,-790.366050143495,981,2,86.712,1.3095277686738485e-3
1208,,,,11528.63157084217,-770.366050143495,983,2,86.64,2.0974699605063574e-3
1209,,,,11538.63157084217,-760.366050143495,984,2,86.481,4.6297529730070786e-3
1212,,,,11568.63157084217,-730.366050143495,987,2,86.45,9.040098723003525e-4
1213,,,,11578.63157084217,-720.366050143495,988,2,86.325,3.6450608772967447e-3
1219,,,,11638.63157084217,-660.366050143495,994,2,86.188,4.0095990980566374e-3
1220,,,,11648.63157084217,-650.366050143495,995,2,86.035,4.474186948419526e-3
1221,,,,11658.63157084217,-640.366050143495,996,2,85.957,2.2798541464896104e-3
1225,,,,11698.63157084217,-600.366050143495,1000,2,85.886,2.080567905133727e-3
1227,,,,11718.63157084217,-580.366050143495,1002,2,85.872,4.107509219037892e-4
1227,,,,11718.63157084217,-580.366050143495,1002,2,85.872,47.7945413745327
