fixIdx,time,lat,lng,alt,tickLead,tickRace,zoneIdx,legIdx,togo
27,,,,213.0,-2427.892331816792,-10336.66759380786,1,1,142.739
31,,,,213.0,-2406.892331816792,-10315.66759380786,5,1,142.736
32,,,,213.0,-2401.892331816792,-10310.66759380786,6,1,142.711
34,,,,213.0,-2391.892331816792,-10300.66759380786,8,1,142.691
35,,,,213.0,-2386.892331816792,-10295.66759380786,9,1,142.655
36,,,,213.0,-2381.892331816792,-10290.66759380786,10,1,142.623
37,,,,213.0,-2376.892331816792,-10285.66759380786,11,1,142.602
38,,,,213.0,-2371.892331816792,-10280.66759380786,12,1,142.533
39,,,,213.0,-2366.892331816792,-10275.66759380786,13,1,142.47
40,,,,213.0,-2361.892331816792,-10270.66759380786,14,1,142.388
41,,,,213.0,-2356.892331816792,-10265.66759380786,15,1,142.304
42,,,,213.0,-2351.892331816792,-10260.66759380786,16,1,142.173
43,,,,213.0,-2346.892331816792,-10255.66759380786,17,1,142.026
44,,,,213.0,-2341.892331816792,-10250.66759380786,18,1,141.919
45,,,,213.0,-2336.892331816792,-10245.66759380786,19,1,141.782
46,,,,213.0,-2331.892331816792,-10240.66759380786,20,1,141.684
47,,,,213.0,-2326.892331816792,-10235.66759380786,21,1,141.615
48,,,,213.0,-2321.892331816792,-10230.66759380786,22,1,141.552
49,,,,213.0,-2316.892331816792,-10225.66759380786,23,1,141.514
50,,,,213.0,-2311.892331816792,-10220.66759380786,24,1,141.469
51,,,,213.0,-2306.892331816792,-10215.66759380786,25,1,141.371
52,,,,213.0,-2301.892331816792,-10210.66759380786,26,1,141.354
53,,,,213.0,-2296.892331816792,-10205.66759380786,27,1,141.311
54,,,,213.0,-2291.892331816792,-10200.66759380786,28,1,141.274
55,,,,213.0,-2286.892331816792,-10195.66759380786,29,1,141.236
56,,,,213.0,-2281.892331816792,-10190.66759380786,30,1,141.185
57,,,,213.0,-2276.892331816792,-10185.66759380786,31,1,141.157
74,,,,213.0,-2190.892331816792,-10099.66759380786,48,1,141.136
75,,,,213.0,-2185.892331816792,-10094.66759380786,49,1,141.029
76,,,,213.0,-2180.892331816792,-10089.66759380786,50,1,140.948
77,,,,213.0,-2175.892331816792,-10084.66759380786,51,1,140.857
78,,,,213.0,-2170.892331816792,-10079.66759380786,52,1,140.788
79,,,,213.0,-2164.892331816792,-10073.66759380786,53,1,140.705
80,,,,213.0,-2159.892331816792,-10068.66759380786,54,1,140.655
81,,,,213.0,-2154.892331816792,-10063.66759380786,55,1,140.598
82,,,,213.0,-2149.892331816792,-10058.66759380786,56,1,140.595
84,,,,213.0,-2139.892331816792,-10048.66759380786,58,1,140.55
118,,,,213.0,-1969.892331816792,-9878.66759380786,92,1,140.429
119,,,,213.0,-1964.892331816792,-9873.66759380786,93,1,140.423
120,,,,213.0,-1959.892331816792,-9868.66759380786,94,1,140.319
121,,,,213.0,-1953.892331816792,-9862.66759380786,95,1,140.239
123,,,,213.0,-1943.892331816792,-9852.66759380786,97,1,140.156
124,,,,213.0,-1938.892331816792,-9847.66759380786,98,1,140.067
125,,,,213.0,-1933.892331816792,-9842.66759380786,99,1,140.05
126,,,,213.0,-1928.892331816792,-9837.66759380786,100,1,140.049
127,,,,213.0,-1923.892331816792,-9832.66759380786,101,1,139.952
128,,,,213.0,-1918.892331816792,-9827.66759380786,102,1,139.822
129,,,,213.0,-1913.892331816792,-9822.66759380786,103,1,139.734
134,,,,213.0,-1888.892331816792,-9797.66759380786,108,1,139.63
135,,,,213.0,-1883.892331816792,-9792.66759380786,109,1,139.613
137,,,,213.0,-1873.892331816792,-9782.66759380786,111,1,139.536
138,,,,213.0,-1868.892331816792,-9777.66759380786,112,1,139.511
143,,,,213.0,-1843.892331816792,-9752.66759380786,117,1,139.391
144,,,,213.0,-1838.892331816792,-9747.66759380786,118,1,139.286
146,,,,213.0,-1828.892331816792,-9737.66759380786,120,1,139.247
147,,,,213.0,-1823.892331816792,-9732.66759380786,121,1,139.115
148,,,,213.0,-1818.892331816792,-9727.66759380786,122,1,139.104
149,,,,213.0,-1813.892331816792,-9722.66759380786,123,1,139.103
150,,,,213.0,-1808.892331816792,-9717.66759380786,124,1,139.009
151,,,,213.0,-1803.892331816792,-9712.66759380786,125,1,138.909
153,,,,213.0,-1793.892331816792,-9702.66759380786,127,1,138.859
154,,,,213.0,-1788.892331816792,-9697.66759380786,128,1,138.746
156,,,,213.0,-1778.892331816792,-9687.66759380786,130,1,138.724
157,,,,213.0,-1773.892331816792,-9682.66759380786,131,1,138.607
158,,,,213.0,-1768.892331816792,-9677.66759380786,132,1,138.594
160,,,,213.0,-1758.892331816792,-9667.66759380786,134,1,138.506
161,,,,213.0,-1753.892331816792,-9662.66759380786,135,1,138.411
162,,,,213.0,-1748.892331816792,-9657.66759380786,136,1,138.375
165,,,,213.0,-1733.892331816792,-9642.66759380786,139,1,138.293
166,,,,213.0,-1728.892331816792,-9637.66759380786,140,1,138.238
168,,,,213.0,-1717.892331816792,-9626.66759380786,142,1,138.235
169,,,,213.0,-1712.892331816792,-9621.66759380786,143,1,138.082
170,,,,213.0,-1707.892331816792,-9616.66759380786,144,1,138.016
172,,,,213.0,-1697.892331816792,-9606.66759380786,146,1,137.918
173,,,,213.0,-1692.892331816792,-9601.66759380786,147,1,137.803
174,,,,213.0,-1687.892331816792,-9596.66759380786,148,1,137.764
175,,,,213.0,-1682.892331816792,-9591.66759380786,149,1,137.761
176,,,,213.0,-1677.892331816792,-9586.66759380786,150,1,137.617
177,,,,213.0,-1672.892331816792,-9581.66759380786,151,1,137.584
178,,,,213.0,-1667.892331816792,-9576.66759380786,152,1,137.557
179,,,,213.0,-1662.892331816792,-9571.66759380786,153,1,137.404
180,,,,213.0,-1657.892331816792,-9566.66759380786,154,1,137.367
181,,,,213.0,-1652.892331816792,-9561.66759380786,155,1,137.358
182,,,,213.0,-1647.892331816792,-9556.66759380786,156,1,137.217
183,,,,213.0,-1642.892331816792,-9551.66759380786,157,1,137.114
186,,,,213.0,-1627.892331816792,-9536.66759380786,160,1,136.998
187,,,,213.0,-1622.892331816792,-9531.66759380786,161,1,136.902
188,,,,213.0,-1617.892331816792,-9526.66759380786,162,1,136.891
189,,,,213.0,-1612.892331816792,-9521.66759380786,163,1,136.886
190,,,,213.0,-1607.892331816792,-9516.66759380786,164,1,136.775
191,,,,213.0,-1602.892331816792,-9511.66759380786,165,1,136.693
193,,,,213.0,-1592.892331816792,-9501.66759380786,167,1,136.667
194,,,,213.0,-1587.892331816792,-9496.66759380786,168,1,136.544
195,,,,213.0,-1582.892331816792,-9491.66759380786,169,1,136.428
196,,,,213.0,-1577.892331816792,-9486.66759380786,170,1,136.385
199,,,,213.0,-1562.892331816792,-9471.66759380786,173,1,136.266
200,,,,213.0,-1557.892331816792,-9466.66759380786,174,1,136.239
202,,,,213.0,-1547.892331816792,-9456.66759380786,176,1,136.161
203,,,,213.0,-1542.892331816792,-9451.66759380786,177,1,136.109
205,,,,213.0,-1532.892331816792,-9441.66759380786,179,1,136.069
206,,,,213.0,-1527.892331816792,-9436.66759380786,180,1,135.974
207,,,,213.0,-1522.892331816792,-9431.66759380786,181,1,135.946
235,,,,213.0,-1381.892331816792,-9290.66759380786,209,1,135.917
236,,,,213.0,-1376.892331816792,-9285.66759380786,210,1,135.882
237,,,,213.0,-1371.892331816792,-9280.66759380786,211,1,135.873
238,,,,213.0,-1366.892331816792,-9275.66759380786,212,1,135.863
239,,,,213.0,-1361.892331816792,-9270.66759380786,213,1,135.853
240,,,,213.0,-1356.892331816792,-9265.66759380786,214,1,135.825
241,,,,213.0,-1351.892331816792,-9260.66759380786,215,1,135.792
242,,,,213.0,-1346.892331816792,-9255.66759380786,216,1,135.779
243,,,,213.0,-1341.892331816792,-9250.66759380786,217,1,135.775
244,,,,213.0,-1336.892331816792,-9245.66759380786,218,1,135.731
246,,,,213.0,-1326.892331816792,-9235.66759380786,220,1,135.715
247,,,,213.0,-1321.892331816792,-9230.66759380786,221,1,135.665
248,,,,213.0,-1316.892331816792,-9225.66759380786,222,1,135.651
249,,,,213.0,-1311.892331816792,-9220.66759380786,223,1,135.609
250,,,,213.0,-1306.892331816792,-9215.66759380786,224,1,135.578
251,,,,213.0,-1301.892331816792,-9210.66759380786,225,1,135.543
252,,,,213.0,-1296.892331816792,-9205.66759380786,226,1,135.495
253,,,,213.0,-1291.892331816792,-9200.66759380786,227,1,135.459
254,,,,213.0,-1286.892331816792,-9195.66759380786,228,1,135.424
255,,,,213.0,-1281.892331816792,-9190.66759380786,229,1,135.367
256,,,,213.0,-1276.892331816792,-9185.66759380786,230,1,135.298
257,,,,213.0,-1271.892331816792,-9180.66759380786,231,1,135.217
258,,,,213.0,-1266.892331816792,-9175.66759380786,232,1,135.176
262,,,,213.0,-1246.892331816792,-9155.66759380786,236,1,135.114
263,,,,213.0,-1241.892331816792,-9150.66759380786,237,1,135.099
264,,,,213.0,-1236.892331816792,-9145.66759380786,238,1,135.095
265,,,,213.0,-1231.892331816792,-9140.66759380786,239,1,135.046
266,,,,213.0,-1226.892331816792,-9135.66759380786,240,1,135.026
267,,,,213.0,-1221.892331816792,-9130.66759380786,241,1,134.991
268,,,,213.0,-1216.892331816792,-9125.66759380786,242,1,134.958
269,,,,213.0,-1211.892331816792,-9120.66759380786,243,1,134.919
270,,,,213.0,-1206.892331816792,-9115.66759380786,244,1,134.89
272,,,,213.0,-1196.892331816792,-9105.66759380786,246,1,134.883
325,,,,213.0,-930.892331816792,-8839.66759380786,299,1,134.818
326,,,,213.0,-925.892331816792,-8834.66759380786,300,1,134.725
328,,,,213.0,-915.892331816792,-8824.66759380786,302,1,134.621
329,,,,213.0,-910.892331816792,-8819.66759380786,303,1,134.523
330,,,,213.0,-905.892331816792,-8814.66759380786,304,1,134.479
331,,,,213.0,-900.892331816792,-8809.66759380786,305,1,134.478
332,,,,213.0,-895.892331816792,-8804.66759380786,306,1,134.396
333,,,,213.0,-890.892331816792,-8799.66759380786,307,1,134.317
335,,,,213.0,-880.892331816792,-8789.66759380786,309,1,134.301
336,,,,213.0,-875.892331816792,-8784.66759380786,310,1,134.228
337,,,,213.0,-870.892331816792,-8779.66759380786,311,1,134.104
338,,,,213.0,-864.892331816792,-8773.66759380786,312,1,134.051
339,,,,213.0,-859.892331816792,-8768.66759380786,313,1,134.031
340,,,,213.0,-854.892331816792,-8763.66759380786,314,1,133.909
341,,,,213.0,-849.892331816792,-8758.66759380786,315,1,133.877
342,,,,213.0,-844.892331816792,-8753.66759380786,316,1,133.866
343,,,,213.0,-839.892331816792,-8748.66759380786,317,1,133.771
344,,,,213.0,-834.892331816792,-8743.66759380786,318,1,133.677
345,,,,213.0,-829.892331816792,-8738.66759380786,319,1,133.646
346,,,,213.0,-824.892331816792,-8733.66759380786,320,1,133.645
347,,,,213.0,-819.892331816792,-8728.66759380786,321,1,133.549
348,,,,213.0,-814.892331816792,-8723.66759380786,322,1,133.441
349,,,,213.0,-809.892331816792,-8718.66759380786,323,1,133.428
350,,,,213.0,-804.892331816792,-8713.66759380786,324,1,133.37
351,,,,213.0,-799.892331816792,-8708.66759380786,325,1,133.239
352,,,,213.0,-794.892331816792,-8703.66759380786,326,1,133.216
353,,,,213.0,-789.892331816792,-8698.66759380786,327,1,133.089
354,,,,213.0,-784.892331816792,-8693.66759380786,328,1,132.986
355,,,,213.0,-779.892331816792,-8688.66759380786,329,1,132.944
356,,,,213.0,-774.892331816792,-8683.66759380786,330,1,132.907
357,,,,213.0,-769.892331816792,-8678.66759380786,331,1,132.782
358,,,,213.0,-764.892331816792,-8673.66759380786,332,1,132.741
359,,,,213.0,-759.892331816792,-8668.66759380786,333,1,132.706
360,,,,213.0,-754.892331816792,-8663.66759380786,334,1,132.557
361,,,,213.0,-749.892331816792,-8658.66759380786,335,1,132.519
362,,,,213.0,-744.892331816792,-8653.66759380786,336,1,132.503
363,,,,213.0,-739.892331816792,-8648.66759380786,337,1,132.47
364,,,,213.0,-734.892331816792,-8643.66759380786,338,1,132.349
365,,,,213.0,-729.892331816792,-8638.66759380786,339,1,132.248
366,,,,213.0,-724.892331816792,-8633.66759380786,340,1,132.211
372,,,,213.0,-694.892331816792,-8603.66759380786,346,1,132.186
373,,,,213.0,-689.892331816792,-8598.66759380786,347,1,132.089
374,,,,213.0,-684.892331816792,-8593.66759380786,348,1,132.07
431,,,,213.0,-398.892331816792,-8307.66759380786,405,1,132.018
433,,,,213.0,-388.892331816792,-8297.66759380786,407,1,132.007
434,,,,213.0,-383.892331816792,-8292.66759380786,408,1,131.997
435,,,,213.0,-378.892331816792,-8287.66759380786,409,1,131.961
436,,,,213.0,-373.892331816792,-8282.66759380786,410,1,131.843
437,,,,213.0,-368.892331816792,-8277.66759380786,411,1,131.691
438,,,,213.0,-363.892331816792,-8272.66759380786,412,1,131.673
439,,,,213.0,-357.892331816792,-8266.66759380786,413,1,131.564
440,,,,213.0,-352.892331816792,-8261.66759380786,414,1,131.406
441,,,,213.0,-347.892331816792,-8256.66759380786,415,1,131.354
442,,,,213.0,-342.892331816792,-8251.66759380786,416,1,131.278
443,,,,213.0,-337.892331816792,-8246.66759380786,417,1,131.094
444,,,,213.0,-332.892331816792,-8241.66759380786,418,1,131.047
445,,,,213.0,-327.892331816792,-8236.66759380786,419,1,130.998
446,,,,213.0,-322.892331816792,-8231.66759380786,420,1,130.83
447,,,,213.0,-317.892331816792,-8226.66759380786,421,1,130.732
448,,,,213.0,-312.892331816792,-8221.66759380786,422,1,130.704
450,,,,213.0,-302.892331816792,-8211.66759380786,424,1,130.611
451,,,,213.0,-297.892331816792,-8206.66759380786,425,1,130.485
452,,,,213.0,-292.892331816792,-8201.66759380786,426,1,130.322
453,,,,213.0,-287.892331816792,-8196.66759380786,427,1,130.142
454,,,,213.0,-282.892331816792,-8191.66759380786,428,1,130.083
455,,,,213.0,-277.892331816792,-8186.66759380786,429,1,129.998
456,,,,213.0,-272.892331816792,-8181.66759380786,430,1,129.849
457,,,,213.0,-267.892331816792,-8176.66759380786,431,1,129.726
458,,,,213.0,-262.892331816792,-8171.66759380786,432,1,129.708
459,,,,213.0,-257.892331816792,-8166.66759380786,433,1,129.644
460,,,,213.0,-252.892331816792,-8161.66759380786,434,1,129.462
461,,,,213.0,-247.892331816792,-8156.66759380786,435,1,129.419
463,,,,213.0,-237.892331816792,-8146.66759380786,437,1,129.354
464,,,,213.0,-232.892331816792,-8141.66759380786,438,1,129.256
465,,,,213.0,-227.892331816792,-8136.66759380786,439,1,129.242
477,,,,213.0,-167.892331816792,-8076.66759380786,451,1,129.154
478,,,,213.0,-162.892331816792,-8071.66759380786,452,1,129.135
483,,,,213.0,-137.892331816792,-8046.66759380786,457,1,129.105
484,,,,213.0,-132.892331816792,-8041.66759380786,458,1,129.063
485,,,,213.0,-127.892331816792,-8036.66759380786,459,1,129.052
487,,,,213.0,-117.892331816792,-8026.66759380786,461,1,129.005
488,,,,213.0,-112.892331816792,-8021.66759380786,462,1,128.984
489,,,,213.0,-107.892331816792,-8016.66759380786,463,1,128.961
490,,,,213.0,-102.892331816792,-8011.66759380786,464,1,128.931
492,,,,213.0,-92.892331816792,-8001.66759380786,466,1,128.909
494,,,,213.0,-82.892331816792,-7991.66759380786,468,1,128.903
495,,,,213.0,-77.892331816792,-7986.66759380786,469,1,128.896
496,,,,213.0,-72.892331816792,-7981.66759380786,470,1,128.889
497,,,,213.0,-67.892331816792,-7976.66759380786,471,1,128.882
523,,,,213.0,58.107668183208,-7850.66759380786,497,1,128.846
524,,,,213.0,63.107668183208,-7845.66759380786,498,1,128.732
525,,,,213.0,68.107668183208,-7840.66759380786,499,1,128.647
526,,,,213.0,73.107668183208,-7835.66759380786,500,1,128.555
527,,,,213.0,78.107668183208,-7830.66759380786,501,1,128.428
528,,,,213.0,83.107668183208,-7825.66759380786,502,1,128.377
529,,,,213.0,88.107668183208,-7820.66759380786,503,1,128.32
530,,,,213.0,93.107668183208,-7815.66759380786,504,1,128.241
531,,,,213.0,98.107668183208,-7810.66759380786,505,1,128.219
532,,,,213.0,103.107668183208,-7805.66759380786,506,1,128.153
533,,,,213.0,108.107668183208,-7800.66759380786,507,1,128.066
534,,,,213.0,113.107668183208,-7795.66759380786,508,1,127.966
535,,,,213.0,118.107668183208,-7790.66759380786,509,1,127.837
536,,,,213.0,123.107668183208,-7785.66759380786,510,1,127.721
537,,,,213.0,128.107668183208,-7780.66759380786,511,1,127.65
538,,,,213.0,133.107668183208,-7775.66759380786,512,1,127.612
539,,,,213.0,138.107668183208,-7770.66759380786,513,1,127.44
540,,,,213.0,143.107668183208,-7765.66759380786,514,1,127.269
541,,,,213.0,148.107668183208,-7760.66759380786,515,1,127.224
542,,,,213.0,153.107668183208,-7755.66759380786,516,1,127.09
543,,,,213.0,158.107668183208,-7750.66759380786,517,1,126.988
544,,,,213.0,163.107668183208,-7745.66759380786,518,1,126.922
545,,,,213.0,168.107668183208,-7740.66759380786,519,1,126.762
546,,,,213.0,173.107668183208,-7735.66759380786,520,1,126.726
547,,,,213.0,178.107668183208,-7730.66759380786,521,1,126.586
548,,,,213.0,183.107668183208,-7725.66759380786,522,1,126.427
549,,,,213.0,188.107668183208,-7720.66759380786,523,1,126.332
550,,,,213.0,193.107668183208,-7715.66759380786,524,1,126.312
551,,,,213.0,199.107668183208,-7709.66759380786,525,1,126.192
552,,,,213.0,204.107668183208,-7704.66759380786,526,1,126.057
553,,,,213.0,209.107668183208,-7699.66759380786,527,1,125.995
554,,,,213.0,214.107668183208,-7694.66759380786,528,1,125.973
555,,,,213.0,219.107668183208,-7689.66759380786,529,1,125.874
556,,,,213.0,224.107668183208,-7684.66759380786,530,1,125.687
557,,,,213.0,229.107668183208,-7679.66759380786,531,1,125.596
558,,,,213.0,234.107668183208,-7674.66759380786,532,1,125.543
559,,,,213.0,239.107668183208,-7669.66759380786,533,1,125.512
560,,,,213.0,244.107668183208,-7664.66759380786,534,1,125.398
561,,,,213.0,249.107668183208,-7659.66759380786,535,1,125.264
562,,,,213.0,254.107668183208,-7654.66759380786,536,1,125.153
563,,,,213.0,259.107668183208,-7649.66759380786,537,1,125.089
564,,,,213.0,264.107668183208,-7644.66759380786,538,1,125.079
565,,,,213.0,269.107668183208,-7639.66759380786,539,1,125.073
566,,,,213.0,274.107668183208,-7634.66759380786,540,1,124.989
567,,,,213.0,279.107668183208,-7629.66759380786,541,1,124.904
568,,,,213.0,284.107668183208,-7624.66759380786,542,1,124.846
569,,,,213.0,289.107668183208,-7619.66759380786,543,1,124.828
570,,,,213.0,294.107668183208,-7614.66759380786,544,1,124.787
571,,,,213.0,299.107668183208,-7609.66759380786,545,1,124.753
583,,,,213.0,359.107668183208,-7549.66759380786,557,1,124.686
584,,,,213.0,364.107668183208,-7544.66759380786,558,1,124.584
585,,,,213.0,369.107668183208,-7539.66759380786,559,1,124.5
587,,,,213.0,379.107668183208,-7529.66759380786,561,1,124.467
588,,,,213.0,384.107668183208,-7524.66759380786,562,1,124.409
589,,,,213.0,389.107668183208,-7519.66759380786,563,1,124.336
590,,,,213.0,394.107668183208,-7514.66759380786,564,1,124.221
591,,,,213.0,399.107668183208,-7509.66759380786,565,1,124.136
593,,,,213.0,409.107668183208,-7499.66759380786,567,1,124.11
594,,,,213.0,414.107668183208,-7494.66759380786,568,1,124.097
737,,,,213.0,1132.107668183208,-6776.66759380786,30,2,124.03
738,,,,213.0,1137.107668183208,-6771.66759380786,31,2,123.989
739,,,,213.0,1142.107668183208,-6766.66759380786,32,2,123.918
740,,,,213.0,1147.107668183208,-6761.66759380786,33,2,123.816
741,,,,213.0,1152.107668183208,-6756.66759380786,34,2,123.725
742,,,,213.0,1157.107668183208,-6751.66759380786,35,2,123.589
743,,,,213.0,1162.107668183208,-6746.66759380786,36,2,123.385
744,,,,213.0,1167.107668183208,-6741.66759380786,37,2,123.335
746,,,,213.0,1177.107668183208,-6731.66759380786,39,2,123.245
747,,,,213.0,1182.107668183208,-6726.66759380786,40,2,123.109
748,,,,213.0,1187.107668183208,-6721.66759380786,41,2,122.977
749,,,,213.0,1192.107668183208,-6716.66759380786,42,2,122.864
750,,,,213.0,1197.107668183208,-6711.66759380786,43,2,122.815
751,,,,213.0,1202.107668183208,-6706.66759380786,44,2,122.807
752,,,,213.0,1207.107668183208,-6701.66759380786,45,2,122.683
753,,,,213.0,1212.107668183208,-6696.66759380786,46,2,122.512
754,,,,213.0,1217.107668183208,-6691.66759380786,47,2,122.386
755,,,,213.0,1222.107668183208,-6686.66759380786,48,2,122.374
756,,,,213.0,1227.107668183208,-6681.66759380786,49,2,122.338
757,,,,213.0,1232.107668183208,-6676.66759380786,50,2,122.232
758,,,,213.0,1237.107668183208,-6671.66759380786,51,2,122.083
759,,,,213.0,1242.107668183208,-6666.66759380786,52,2,121.944
760,,,,213.0,1247.107668183208,-6661.66759380786,53,2,121.922
761,,,,213.0,1252.107668183208,-6656.66759380786,54,2,121.903
762,,,,213.0,1257.107668183208,-6651.66759380786,55,2,121.78
763,,,,213.0,1263.107668183208,-6645.66759380786,56,2,121.652
764,,,,213.0,1268.107668183208,-6640.66759380786,57,2,121.539
765,,,,213.0,1273.107668183208,-6635.66759380786,58,2,121.52
766,,,,213.0,1278.107668183208,-6630.66759380786,59,2,121.431
767,,,,213.0,1283.107668183208,-6625.66759380786,60,2,121.282
768,,,,213.0,1288.107668183208,-6620.66759380786,61,2,121.25
769,,,,213.0,1293.107668183208,-6615.66759380786,62,2,121.231
770,,,,213.0,1298.107668183208,-6610.66759380786,63,2,121.12
771,,,,213.0,1303.107668183208,-6605.66759380786,64,2,120.986
772,,,,213.0,1308.107668183208,-6600.66759380786,65,2,120.807
773,,,,213.0,1313.107668183208,-6595.66759380786,66,2,120.781
774,,,,213.0,1318.107668183208,-6590.66759380786,67,2,120.678
775,,,,213.0,1323.107668183208,-6585.66759380786,68,2,120.485
776,,,,213.0,1328.107668183208,-6580.66759380786,69,2,120.351
777,,,,213.0,1333.107668183208,-6575.66759380786,70,2,120.334
778,,,,213.0,1338.107668183208,-6570.66759380786,71,2,120.274
779,,,,213.0,1343.107668183208,-6565.66759380786,72,2,120.155
780,,,,213.0,1348.107668183208,-6560.66759380786,73,2,120.047
781,,,,213.0,1353.107668183208,-6555.66759380786,74,2,119.962
782,,,,213.0,1358.107668183208,-6550.66759380786,75,2,119.876
783,,,,213.0,1363.107668183208,-6545.66759380786,76,2,119.765
784,,,,213.0,1368.107668183208,-6540.66759380786,77,2,119.646
785,,,,213.0,1373.107668183208,-6535.66759380786,78,2,119.577
786,,,,213.0,1378.107668183208,-6530.66759380786,79,2,119.476
787,,,,213.0,1383.107668183208,-6525.66759380786,80,2,119.354
788,,,,213.0,1388.107668183208,-6520.66759380786,81,2,119.255
789,,,,213.0,1393.107668183208,-6515.66759380786,82,2,119.078
790,,,,213.0,1398.107668183208,-6510.66759380786,83,2,118.981
791,,,,213.0,1403.107668183208,-6505.66759380786,84,2,118.859
792,,,,213.0,1408.107668183208,-6500.66759380786,85,2,118.782
793,,,,213.0,1413.107668183208,-6495.66759380786,86,2,118.687
794,,,,213.0,1418.107668183208,-6490.66759380786,87,2,118.646
795,,,,213.0,1423.107668183208,-6485.66759380786,88,2,118.572
799,,,,213.0,1443.107668183208,-6465.66759380786,92,2,118.562
800,,,,213.0,1448.107668183208,-6460.66759380786,93,2,118.542
801,,,,213.0,1453.107668183208,-6455.66759380786,94,2,118.509
802,,,,213.0,1458.107668183208,-6450.66759380786,95,2,118.424
847,,,,213.0,1684.107668183208,-6224.66759380786,140,2,118.291
848,,,,213.0,1689.107668183208,-6219.66759380786,141,2,118.201
849,,,,213.0,1694.107668183208,-6214.66759380786,142,2,118.164
850,,,,213.0,1699.107668183208,-6209.66759380786,143,2,118.008
851,,,,213.0,1704.107668183208,-6204.66759380786,144,2,117.952
853,,,,213.0,1714.107668183208,-6194.66759380786,146,2,117.912
854,,,,213.0,1719.107668183208,-6189.66759380786,147,2,117.809
855,,,,213.0,1725.107668183208,-6183.66759380786,148,2,117.673
856,,,,213.0,1730.107668183208,-6178.66759380786,149,2,117.574
857,,,,213.0,1735.107668183208,-6173.66759380786,150,2,117.535
859,,,,213.0,1745.107668183208,-6163.66759380786,152,2,117.424
860,,,,213.0,1750.107668183208,-6158.66759380786,153,2,117.3
861,,,,213.0,1755.107668183208,-6153.66759380786,154,2,117.269
863,,,,213.0,1765.107668183208,-6143.66759380786,156,2,117.206
864,,,,213.0,1770.107668183208,-6138.66759380786,157,2,117.061
865,,,,213.0,1775.107668183208,-6133.66759380786,158,2,116.921
866,,,,213.0,1780.107668183208,-6128.66759380786,159,2,116.852
871,,,,213.0,1805.107668183208,-6103.66759380786,164,2,116.798
872,,,,213.0,1810.107668183208,-6098.66759380786,165,2,116.729
873,,,,213.0,1815.107668183208,-6093.66759380786,166,2,116.674
874,,,,213.0,1820.107668183208,-6088.66759380786,167,2,116.48
875,,,,213.0,1825.107668183208,-6083.66759380786,168,2,116.337
876,,,,213.0,1830.107668183208,-6078.66759380786,169,2,116.198
877,,,,213.0,1835.107668183208,-6073.66759380786,170,2,116.094
878,,,,213.0,1840.107668183208,-6068.66759380786,171,2,115.98
879,,,,213.0,1845.107668183208,-6063.66759380786,172,2,115.944
880,,,,213.0,1850.107668183208,-6058.66759380786,173,2,115.939
881,,,,213.0,1855.107668183208,-6053.66759380786,174,2,115.92
882,,,,213.0,1860.107668183208,-6048.66759380786,175,2,115.872
883,,,,213.0,1865.107668183208,-6043.66759380786,176,2,115.825
884,,,,213.0,1870.107668183208,-6038.66759380786,177,2,115.754
885,,,,213.0,1875.107668183208,-6033.66759380786,178,2,115.688
886,,,,213.0,1880.107668183208,-6028.66759380786,179,2,115.623
887,,,,213.0,1885.107668183208,-6023.66759380786,180,2,115.559
888,,,,213.0,1890.107668183208,-6018.66759380786,181,2,115.536
889,,,,213.0,1895.107668183208,-6013.66759380786,182,2,115.503
945,,,,213.0,2177.107668183208,-5731.66759380786,238,2,115.438
946,,,,213.0,2182.107668183208,-5726.66759380786,239,2,115.416
947,,,,213.0,2187.107668183208,-5721.66759380786,240,2,115.32
948,,,,213.0,2192.107668183208,-5716.66759380786,241,2,115.179
949,,,,213.0,2197.107668183208,-5711.66759380786,242,2,115.161
950,,,,213.0,2202.107668183208,-5706.66759380786,243,2,115.087
951,,,,213.0,2207.107668183208,-5701.66759380786,244,2,114.969
952,,,,213.0,2212.107668183208,-5696.66759380786,245,2,114.942
953,,,,213.0,2217.107668183208,-5691.66759380786,246,2,114.825
954,,,,213.0,2222.107668183208,-5686.66759380786,247,2,114.737
955,,,,213.0,2227.107668183208,-5681.66759380786,248,2,114.707
956,,,,213.0,2232.107668183208,-5676.66759380786,249,2,114.604
957,,,,213.0,2237.107668183208,-5671.66759380786,250,2,114.492
958,,,,213.0,2242.107668183208,-5666.66759380786,251,2,114.482
959,,,,213.0,2247.107668183208,-5661.66759380786,252,2,114.461
960,,,,213.0,2252.107668183208,-5656.66759380786,253,2,114.346
961,,,,213.0,2257.107668183208,-5651.66759380786,254,2,114.291
964,,,,213.0,2272.107668183208,-5636.66759380786,257,2,114.192
965,,,,213.0,2277.107668183208,-5631.66759380786,258,2,114.073
966,,,,213.0,2282.107668183208,-5626.66759380786,259,2,113.962
967,,,,213.0,2287.107668183208,-5621.66759380786,260,2,113.862
969,,,,213.0,2297.107668183208,-5611.66759380786,262,2,113.796
970,,,,213.0,2302.107668183208,-5606.66759380786,263,2,113.71
971,,,,213.0,2307.107668183208,-5601.66759380786,264,2,113.655
977,,,,213.0,2337.107668183208,-5571.66759380786,270,2,113.536
978,,,,213.0,2342.107668183208,-5566.66759380786,271,2,113.463
983,,,,213.0,2368.107668183208,-5540.66759380786,276,2,113.413
984,,,,213.0,2373.107668183208,-5535.66759380786,277,2,113.28
985,,,,213.0,2378.107668183208,-5530.66759380786,278,2,113.201
986,,,,213.0,2383.107668183208,-5525.66759380786,279,2,113.14
988,,,,213.0,2393.107668183208,-5515.66759380786,281,2,113.122
989,,,,213.0,2398.107668183208,-5510.66759380786,282,2,113.089
990,,,,213.0,2403.107668183208,-5505.66759380786,283,2,113.076
991,,,,213.0,2408.107668183208,-5500.66759380786,284,2,113.034
992,,,,213.0,2413.107668183208,-5495.66759380786,285,2,113.01
1001,,,,213.0,2458.107668183208,-5450.66759380786,294,2,112.977
1002,,,,213.0,2463.107668183208,-5445.66759380786,295,2,112.94
1003,,,,213.0,2468.107668183208,-5440.66759380786,296,2,112.91
1004,,,,213.0,2473.107668183208,-5435.66759380786,297,2,112.847
1005,,,,213.0,2478.107668183208,-5430.66759380786,298,2,112.75
1006,,,,213.0,2483.107668183208,-5425.66759380786,299,2,112.66
1007,,,,213.0,2488.107668183208,-5420.66759380786,300,2,112.648
1009,,,,213.0,2498.107668183208,-5410.66759380786,302,2,112.636
1010,,,,213.0,2503.107668183208,-5405.66759380786,303,2,112.524
1011,,,,213.0,2508.107668183208,-5400.66759380786,304,2,112.413
1012,,,,213.0,2513.107668183208,-5395.66759380786,305,2,112.286
1013,,,,213.0,2518.107668183208,-5390.66759380786,306,2,112.231
1016,,,,213.0,2534.107668183208,-5374.66759380786,309,2,112.172
1017,,,,213.0,2539.107668183208,-5369.66759380786,310,2,112.057
1018,,,,213.0,2544.107668183208,-5364.66759380786,311,2,111.928
1019,,,,213.0,2549.107668183208,-5359.66759380786,312,2,111.826
1020,,,,213.0,2554.107668183208,-5354.66759380786,313,2,111.791
1023,,,,213.0,2569.107668183208,-5339.66759380786,316,2,111.75
1024,,,,213.0,2574.107668183208,-5334.66759380786,317,2,111.693
1025,,,,213.0,2579.107668183208,-5329.66759380786,318,2,111.625
1026,,,,213.0,2584.107668183208,-5324.66759380786,319,2,111.572
1027,,,,213.0,2589.107668183208,-5319.66759380786,320,2,111.498
1028,,,,213.0,2594.107668183208,-5314.66759380786,321,2,111.423
1029,,,,213.0,2599.107668183208,-5309.66759380786,322,2,111.402
1030,,,,213.0,2604.107668183208,-5304.66759380786,323,2,111.378
1031,,,,213.0,2609.107668183208,-5299.66759380786,324,2,111.314
1032,,,,213.0,2614.107668183208,-5294.66759380786,325,2,111.299
1033,,,,213.0,2619.107668183208,-5289.66759380786,326,2,111.247
1034,,,,213.0,2624.107668183208,-5284.66759380786,327,2,111.23
1035,,,,213.0,2629.107668183208,-5279.66759380786,328,2,111.197
1036,,,,213.0,2634.107668183208,-5274.66759380786,329,2,111.189
1047,,,,213.0,2689.107668183208,-5219.66759380786,340,2,111.153
1048,,,,213.0,2694.107668183208,-5214.66759380786,341,2,111.045
1049,,,,213.0,2699.107668183208,-5209.66759380786,342,2,111.016
1051,,,,213.0,2709.107668183208,-5199.66759380786,344,2,110.992
1052,,,,213.0,2714.107668183208,-5194.66759380786,345,2,110.955
1053,,,,213.0,2719.107668183208,-5189.66759380786,346,2,110.939
1054,,,,213.0,2724.107668183208,-5184.66759380786,347,2,110.858
1055,,,,213.0,2729.107668183208,-5179.66759380786,348,2,110.764
1056,,,,213.0,2734.107668183208,-5174.66759380786,349,2,110.696
1066,,,,213.0,2785.107668183208,-5123.66759380786,359,2,110.693
1067,,,,213.0,2790.107668183208,-5118.66759380786,360,2,110.603
1068,,,,213.0,2795.107668183208,-5113.66759380786,361,2,110.569
1069,,,,213.0,2800.107668183208,-5108.66759380786,362,2,110.492
1075,,,,213.0,2830.107668183208,-5078.66759380786,368,2,110.481
1076,,,,213.0,2835.107668183208,-5073.66759380786,369,2,110.465
1077,,,,213.0,2840.107668183208,-5068.66759380786,370,2,110.432
1078,,,,213.0,2845.107668183208,-5063.66759380786,371,2,110.409
1080,,,,213.0,2855.107668183208,-5053.66759380786,373,2,110.394
1092,,,,213.0,2915.107668183208,-4993.66759380786,385,2,110.383
1102,,,,213.0,2965.107668183208,-4943.66759380786,395,2,110.379
1103,,,,213.0,2970.107668183208,-4938.66759380786,396,2,110.347
1104,,,,213.0,2975.107668183208,-4933.66759380786,397,2,110.25
1105,,,,213.0,2980.107668183208,-4928.66759380786,398,2,110.246
1106,,,,213.0,2985.107668183208,-4923.66759380786,399,2,110.2
1107,,,,213.0,2991.107668183208,-4917.66759380786,400,2,110.131
1108,,,,213.0,2996.107668183208,-4912.66759380786,401,2,110.059
1109,,,,213.0,3001.107668183208,-4907.66759380786,402,2,109.969
1110,,,,213.0,3006.107668183208,-4902.66759380786,403,2,109.917
1111,,,,213.0,3011.107668183208,-4897.66759380786,404,2,109.845
1112,,,,213.0,3016.107668183208,-4892.66759380786,405,2,109.75
1114,,,,213.0,3026.107668183208,-4882.66759380786,407,2,109.707
1115,,,,213.0,3031.107668183208,-4877.66759380786,408,2,109.653
1116,,,,213.0,3036.107668183208,-4872.66759380786,409,2,109.599
1117,,,,213.0,3041.107668183208,-4867.66759380786,410,2,109.58
1118,,,,213.0,3046.107668183208,-4862.66759380786,411,2,109.516
1119,,,,213.0,3051.107668183208,-4857.66759380786,412,2,109.46
1120,,,,213.0,3056.107668183208,-4852.66759380786,413,2,109.436
1121,,,,213.0,3061.107668183208,-4847.66759380786,414,2,109.384
1122,,,,213.0,3066.107668183208,-4842.66759380786,415,2,109.345
1123,,,,213.0,3071.107668183208,-4837.66759380786,416,2,109.262
1124,,,,213.0,3076.107668183208,-4832.66759380786,417,2,109.154
1125,,,,213.0,3081.107668183208,-4827.66759380786,418,2,109.064
1126,,,,213.0,3086.107668183208,-4822.66759380786,419,2,108.971
1127,,,,213.0,3091.107668183208,-4817.66759380786,420,2,108.916
1128,,,,213.0,3096.107668183208,-4812.66759380786,421,2,108.914
1129,,,,213.0,3101.107668183208,-4807.66759380786,422,2,108.902
1130,,,,213.0,3106.107668183208,-4802.66759380786,423,2,108.883
1131,,,,213.0,3111.107668183208,-4797.66759380786,424,2,108.869
1132,,,,213.0,3116.107668183208,-4792.66759380786,425,2,108.844
1133,,,,213.0,3121.107668183208,-4787.66759380786,426,2,108.795
1134,,,,213.0,3126.107668183208,-4782.66759380786,427,2,108.722
1135,,,,213.0,3131.107668183208,-4777.66759380786,428,2,108.579
1136,,,,213.0,3136.107668183208,-4772.66759380786,429,2,108.454
1137,,,,213.0,3141.107668183208,-4767.66759380786,430,2,108.366
1138,,,,213.0,3146.107668183208,-4762.66759380786,431,2,108.356
1150,,,,213.0,3206.107668183208,-4702.66759380786,443,2,108.278
1151,,,,213.0,3211.107668183208,-4697.66759380786,444,2,108.191
1152,,,,213.0,3216.107668183208,-4692.66759380786,445,2,108.139
1153,,,,213.0,3221.107668183208,-4687.66759380786,446,2,107.991
1154,,,,213.0,3226.107668183208,-4682.66759380786,447,2,107.904
1155,,,,213.0,3231.107668183208,-4677.66759380786,448,2,107.87
1156,,,,213.0,3236.107668183208,-4672.66759380786,449,2,107.764
1157,,,,213.0,3241.107668183208,-4667.66759380786,450,2,107.71
1160,,,,213.0,3257.107668183208,-4651.66759380786,453,2,107.658
1161,,,,213.0,3262.107668183208,-4646.66759380786,454,2,107.599
1162,,,,213.0,3267.107668183208,-4641.66759380786,455,2,107.593
1163,,,,213.0,3272.107668183208,-4636.66759380786,456,2,107.523
1164,,,,213.0,3277.107668183208,-4631.66759380786,457,2,107.491
1165,,,,213.0,3282.107668183208,-4626.66759380786,458,2,107.458
1166,,,,213.0,3287.107668183208,-4621.66759380786,459,2,107.4
1168,,,,213.0,3297.107668183208,-4611.66759380786,461,2,107.355
1169,,,,213.0,3302.107668183208,-4606.66759380786,462,2,107.323
1170,,,,213.0,3307.107668183208,-4601.66759380786,463,2,107.171
1171,,,,213.0,3312.107668183208,-4596.66759380786,464,2,107.119
1172,,,,213.0,3317.107668183208,-4591.66759380786,465,2,106.955
1173,,,,213.0,3322.107668183208,-4586.66759380786,466,2,106.837
1175,,,,213.0,3332.107668183208,-4576.66759380786,468,2,106.832
1176,,,,213.0,3337.107668183208,-4571.66759380786,469,2,106.703
1177,,,,213.0,3342.107668183208,-4566.66759380786,470,2,106.617
1179,,,,213.0,3352.107668183208,-4556.66759380786,472,2,106.453
1180,,,,213.0,3357.107668183208,-4551.66759380786,473,2,106.358
1181,,,,213.0,3362.107668183208,-4546.66759380786,474,2,106.296
1182,,,,213.0,3367.107668183208,-4541.66759380786,475,2,106.158
1183,,,,213.0,3372.107668183208,-4536.66759380786,476,2,106.106
1184,,,,213.0,3377.107668183208,-4531.66759380786,477,2,105.999
1185,,,,213.0,3382.107668183208,-4526.66759380786,478,2,105.902
1186,,,,213.0,3387.107668183208,-4521.66759380786,479,2,105.86
1187,,,,213.0,3392.107668183208,-4516.66759380786,480,2,105.725
1188,,,,213.0,3397.107668183208,-4511.66759380786,481,2,105.663
1189,,,,213.0,3402.107668183208,-4506.66759380786,482,2,105.556
1190,,,,213.0,3407.107668183208,-4501.66759380786,483,2,105.431
1191,,,,213.0,3412.107668183208,-4496.66759380786,484,2,105.367
1192,,,,213.0,3417.107668183208,-4491.66759380786,485,2,105.223
1193,,,,213.0,3422.107668183208,-4486.66759380786,486,2,105.161
1194,,,,213.0,3427.107668183208,-4481.66759380786,487,2,105.062
1195,,,,213.0,3432.107668183208,-4476.66759380786,488,2,104.915
1196,,,,213.0,3437.107668183208,-4471.66759380786,489,2,104.864
1197,,,,213.0,3442.107668183208,-4466.66759380786,490,2,104.751
1198,,,,213.0,3447.107668183208,-4461.66759380786,491,2,104.596
1199,,,,213.0,3452.107668183208,-4456.66759380786,492,2,104.593
1200,,,,213.0,3457.107668183208,-4451.66759380786,493,2,104.464
1201,,,,213.0,3462.107668183208,-4446.66759380786,494,2,104.319
1202,,,,213.0,3467.107668183208,-4441.66759380786,495,2,104.301
1203,,,,213.0,3472.107668183208,-4436.66759380786,496,2,104.16
1204,,,,213.0,3478.107668183208,-4430.66759380786,497,2,104.064
1205,,,,213.0,3483.107668183208,-4425.66759380786,498,2,104.0
1206,,,,213.0,3488.107668183208,-4420.66759380786,499,2,103.85
1207,,,,213.0,3493.107668183208,-4415.66759380786,500,2,103.812
1208,,,,213.0,3498.107668183208,-4410.66759380786,501,2,103.757
1209,,,,213.0,3503.107668183208,-4405.66759380786,502,2,103.602
1210,,,,213.0,3508.107668183208,-4400.66759380786,503,2,103.548
1211,,,,213.0,3513.107668183208,-4395.66759380786,504,2,103.51
1212,,,,213.0,3518.107668183208,-4390.66759380786,505,2,103.405
1213,,,,213.0,3523.107668183208,-4385.66759380786,506,2,103.255
1214,,,,213.0,3528.107668183208,-4380.66759380786,507,2,103.23
1215,,,,213.0,3533.107668183208,-4375.66759380786,508,2,103.2
1216,,,,213.0,3538.107668183208,-4370.66759380786,509,2,103.131
1217,,,,213.0,3543.107668183208,-4365.66759380786,510,2,103.006
1218,,,,213.0,3548.107668183208,-4360.66759380786,511,2,102.991
1219,,,,213.0,3553.107668183208,-4355.66759380786,512,2,102.884
1220,,,,213.0,3558.107668183208,-4350.66759380786,513,2,102.784
1222,,,,213.0,3568.107668183208,-4340.66759380786,515,2,102.689
1223,,,,213.0,3573.107668183208,-4335.66759380786,516,2,102.577
1225,,,,213.0,3583.107668183208,-4325.66759380786,518,2,102.545
1226,,,,213.0,3588.107668183208,-4320.66759380786,519,2,102.446
1227,,,,213.0,3593.107668183208,-4315.66759380786,520,2,102.362
1228,,,,213.0,3598.107668183208,-4310.66759380786,521,2,102.347
1230,,,,213.0,3608.107668183208,-4300.66759380786,523,2,102.225
1231,,,,213.0,3613.107668183208,-4295.66759380786,524,2,102.121
1232,,,,213.0,3618.107668183208,-4290.66759380786,525,2,102.112
1233,,,,213.0,3623.107668183208,-4285.66759380786,526,2,102.003
1234,,,,213.0,3628.107668183208,-4280.66759380786,527,2,101.924
1235,,,,213.0,3633.107668183208,-4275.66759380786,528,2,101.923
1236,,,,213.0,3638.107668183208,-4270.66759380786,529,2,101.899
1237,,,,213.0,3643.107668183208,-4265.66759380786,530,2,101.731
1238,,,,213.0,3648.107668183208,-4260.66759380786,531,2,101.69
1240,,,,213.0,3658.107668183208,-4250.66759380786,533,2,101.689
1241,,,,213.0,3663.107668183208,-4245.66759380786,534,2,101.535
1242,,,,213.0,3668.107668183208,-4240.66759380786,535,2,101.396
1249,,,,213.0,3703.107668183208,-4205.66759380786,542,2,101.278
1250,,,,213.0,3708.107668183208,-4200.66759380786,543,2,101.155
1251,,,,213.0,3713.107668183208,-4195.66759380786,544,2,101.0
1252,,,,213.0,3718.107668183208,-4190.66759380786,545,2,100.979
1253,,,,213.0,3723.107668183208,-4185.66759380786,546,2,100.956
1254,,,,213.0,3728.107668183208,-4180.66759380786,547,2,100.811
1255,,,,213.0,3733.107668183208,-4175.66759380786,548,2,100.732
1256,,,,213.0,3738.107668183208,-4170.66759380786,549,2,100.695
1257,,,,213.0,3743.107668183208,-4165.66759380786,550,2,100.557
1258,,,,213.0,3748.107668183208,-4160.66759380786,551,2,100.527
1259,,,,213.0,3753.107668183208,-4155.66759380786,552,2,100.503
1260,,,,213.0,3758.107668183208,-4150.66759380786,553,2,100.366
1261,,,,213.0,3763.107668183208,-4145.66759380786,554,2,100.277
1262,,,,213.0,3768.107668183208,-4140.66759380786,555,2,100.27
1263,,,,213.0,3773.107668183208,-4135.66759380786,556,2,100.151
1264,,,,213.0,3778.107668183208,-4130.66759380786,557,2,100.011
1265,,,,213.0,3784.107668183208,-4124.66759380786,558,2,99.992
1266,,,,213.0,3789.107668183208,-4119.66759380786,559,2,99.954
1267,,,,213.0,3794.107668183208,-4114.66759380786,560,2,99.806
1268,,,,213.0,3799.107668183208,-4109.66759380786,561,2,99.709
1269,,,,213.0,3804.107668183208,-4104.66759380786,562,2,99.701
1270,,,,213.0,3809.107668183208,-4099.66759380786,563,2,99.626
1271,,,,213.0,3814.107668183208,-4094.66759380786,564,2,99.498
1272,,,,213.0,3819.107668183208,-4089.66759380786,565,2,99.45
1273,,,,213.0,3824.107668183208,-4084.66759380786,566,2,99.417
1274,,,,213.0,3829.107668183208,-4079.66759380786,567,2,99.314
1275,,,,213.0,3834.107668183208,-4074.66759380786,568,2,99.251
1276,,,,213.0,3839.107668183208,-4069.66759380786,569,2,99.243
1277,,,,213.0,3844.107668183208,-4064.66759380786,570,2,99.159
1278,,,,213.0,3849.107668183208,-4059.66759380786,571,2,99.035
1279,,,,213.0,3854.107668183208,-4054.66759380786,572,2,98.92
1280,,,,213.0,3859.107668183208,-4049.66759380786,573,2,98.854
1281,,,,213.0,3864.107668183208,-4044.66759380786,574,2,98.846
1282,,,,213.0,3869.107668183208,-4039.66759380786,575,2,98.651
1283,,,,213.0,3874.107668183208,-4034.66759380786,576,2,98.572
1284,,,,213.0,3879.107668183208,-4029.66759380786,577,2,98.47
1285,,,,213.0,3884.107668183208,-4024.66759380786,578,2,98.377
1286,,,,213.0,3889.107668183208,-4019.66759380786,579,2,98.311
1287,,,,213.0,3894.107668183208,-4014.66759380786,580,2,98.188
1288,,,,213.0,3899.107668183208,-4009.66759380786,581,2,98.101
1289,,,,213.0,3904.107668183208,-4004.66759380786,582,2,98.019
1290,,,,213.0,3909.107668183208,-3999.66759380786,583,2,97.915
1291,,,,213.0,3914.107668183208,-3994.66759380786,584,2,97.796
1292,,,,213.0,3919.107668183208,-3989.66759380786,585,2,97.722
1293,,,,213.0,3924.107668183208,-3984.66759380786,586,2,97.599
1294,,,,213.0,3929.107668183208,-3979.66759380786,587,2,97.455
1295,,,,213.0,3934.107668183208,-3974.66759380786,588,2,97.349
1296,,,,213.0,3939.107668183208,-3969.66759380786,589,2,97.268
1297,,,,213.0,3944.107668183208,-3964.66759380786,590,2,97.179
1298,,,,213.0,3949.107668183208,-3959.66759380786,591,2,97.091
1299,,,,213.0,3954.107668183208,-3954.66759380786,592,2,96.999
1300,,,,213.0,3959.107668183208,-3949.66759380786,593,2,96.913
1301,,,,213.0,3964.107668183208,-3944.66759380786,594,2,96.807
1302,,,,213.0,3969.107668183208,-3939.66759380786,595,2,96.675
1303,,,,213.0,3974.107668183208,-3934.66759380786,596,2,96.616
1304,,,,213.0,3979.107668183208,-3929.66759380786,597,2,96.509
1305,,,,213.0,3984.107668183208,-3924.66759380786,598,2,96.39
1306,,,,213.0,3989.107668183208,-3919.66759380786,599,2,96.301
1307,,,,213.0,3995.107668183208,-3913.66759380786,600,2,96.223
1308,,,,213.0,4000.107668183208,-3908.66759380786,601,2,96.114
1309,,,,213.0,4005.107668183208,-3903.66759380786,602,2,96.046
1310,,,,213.0,4010.107668183208,-3898.66759380786,603,2,95.959
1311,,,,213.0,4015.107668183208,-3893.66759380786,604,2,95.869
1312,,,,213.0,4020.107668183208,-3888.66759380786,605,2,95.781
1313,,,,213.0,4025.107668183208,-3883.66759380786,606,2,95.683
1314,,,,213.0,4030.107668183208,-3878.66759380786,607,2,95.577
1315,,,,213.0,4035.107668183208,-3873.66759380786,608,2,95.477
1316,,,,213.0,4040.107668183208,-3868.66759380786,609,2,95.415
1317,,,,213.0,4045.107668183208,-3863.66759380786,610,2,95.348
1318,,,,213.0,4050.107668183208,-3858.66759380786,611,2,95.301
1319,,,,213.0,4055.107668183208,-3853.66759380786,612,2,95.237
1320,,,,213.0,4060.107668183208,-3848.66759380786,613,2,95.138
1321,,,,213.0,4065.107668183208,-3843.66759380786,614,2,95.056
1322,,,,213.0,4070.107668183208,-3838.66759380786,615,2,94.96
1323,,,,213.0,4075.107668183208,-3833.66759380786,616,2,94.9
1324,,,,213.0,4080.107668183208,-3828.66759380786,617,2,94.821
1325,,,,213.0,4085.107668183208,-3823.66759380786,618,2,94.731
1326,,,,213.0,4090.107668183208,-3818.66759380786,619,2,94.637
1327,,,,213.0,4095.107668183208,-3813.66759380786,620,2,94.569
1328,,,,213.0,4100.107668183208,-3808.66759380786,621,2,94.506
1329,,,,213.0,4105.107668183208,-3803.66759380786,622,2,94.443
1330,,,,213.0,4110.107668183208,-3798.66759380786,623,2,94.351
1331,,,,213.0,4115.107668183208,-3793.66759380786,624,2,94.26
1332,,,,213.0,4120.107668183208,-3788.66759380786,625,2,94.181
1333,,,,213.0,4125.107668183208,-3783.66759380786,626,2,94.121
1334,,,,213.0,4130.107668183208,-3778.66759380786,627,2,94.039
1335,,,,213.0,4135.107668183208,-3773.66759380786,628,2,93.947
1336,,,,213.0,4140.107668183208,-3768.66759380786,629,2,93.871
1337,,,,213.0,4145.107668183208,-3763.66759380786,630,2,93.782
1338,,,,213.0,4150.107668183208,-3758.66759380786,631,2,93.664
1339,,,,213.0,4155.107668183208,-3753.66759380786,632,2,93.629
1340,,,,213.0,4160.107668183208,-3748.66759380786,633,2,93.597
1341,,,,213.0,4165.107668183208,-3743.66759380786,634,2,93.504
1342,,,,213.0,4170.107668183208,-3738.66759380786,635,2,93.429
1343,,,,213.0,4175.107668183208,-3733.66759380786,636,2,93.351
1344,,,,213.0,4180.107668183208,-3728.66759380786,637,2,93.297
1345,,,,213.0,4185.107668183208,-3723.66759380786,638,2,93.218
1346,,,,213.0,4190.107668183208,-3718.66759380786,639,2,93.101
1347,,,,213.0,4195.107668183208,-3713.66759380786,640,2,93.025
1348,,,,213.0,4200.107668183208,-3708.66759380786,641,2,92.964
1349,,,,213.0,4205.107668183208,-3703.66759380786,642,2,92.908
1350,,,,213.0,4210.107668183208,-3698.66759380786,643,2,92.808
1351,,,,213.0,4215.107668183208,-3693.66759380786,644,2,92.711
1352,,,,213.0,4220.107668183208,-3688.66759380786,645,2,92.643
1353,,,,213.0,4225.107668183208,-3683.66759380786,646,2,92.581
1354,,,,213.0,4230.107668183208,-3678.66759380786,647,2,92.507
1355,,,,213.0,4235.107668183208,-3673.66759380786,648,2,92.443
1356,,,,213.0,4240.107668183208,-3668.66759380786,649,2,92.38
1357,,,,213.0,4245.107668183208,-3663.66759380786,650,2,92.344
1358,,,,213.0,4251.107668183208,-3657.66759380786,651,2,92.267
1359,,,,213.0,4256.107668183208,-3652.66759380786,652,2,92.168
1360,,,,213.0,4261.107668183208,-3647.66759380786,653,2,92.034
1361,,,,213.0,4266.107668183208,-3642.66759380786,654,2,91.922
1363,,,,213.0,4276.107668183208,-3632.66759380786,656,2,91.789
1364,,,,213.0,4281.107668183208,-3627.66759380786,657,2,91.749
1366,,,,213.0,4291.107668183208,-3617.66759380786,659,2,91.709
1367,,,,213.0,4296.107668183208,-3612.66759380786,660,2,91.615
1368,,,,213.0,4301.107668183208,-3607.66759380786,661,2,91.508
1369,,,,213.0,4306.107668183208,-3602.66759380786,662,2,91.381
1370,,,,213.0,4311.107668183208,-3597.66759380786,663,2,91.3
1371,,,,213.0,4316.107668183208,-3592.66759380786,664,2,91.264
1372,,,,213.0,4321.107668183208,-3587.66759380786,665,2,91.217
1373,,,,213.0,4326.107668183208,-3582.66759380786,666,2,91.184
1374,,,,213.0,4331.107668183208,-3577.66759380786,667,2,91.129
1375,,,,213.0,4336.107668183208,-3572.66759380786,668,2,91.091
1376,,,,213.0,4341.107668183208,-3567.66759380786,669,2,91.054
1377,,,,213.0,4346.107668183208,-3562.66759380786,670,2,91.026
1378,,,,213.0,4351.107668183208,-3557.66759380786,671,2,91.02
1379,,,,213.0,4356.107668183208,-3552.66759380786,672,2,90.961
1380,,,,213.0,4361.107668183208,-3547.66759380786,673,2,90.901
1381,,,,213.0,4366.107668183208,-3542.66759380786,674,2,90.855
1382,,,,213.0,4371.107668183208,-3537.66759380786,675,2,90.806
1384,,,,213.0,4381.107668183208,-3527.66759380786,677,2,90.713
1385,,,,213.0,4386.107668183208,-3522.66759380786,678,2,90.637
1386,,,,213.0,4391.107668183208,-3517.66759380786,679,2,90.6
1387,,,,213.0,4396.107668183208,-3512.66759380786,680,2,90.597
1388,,,,213.0,4401.107668183208,-3507.66759380786,681,2,90.558
1389,,,,213.0,4406.107668183208,-3502.66759380786,682,2,90.511
1390,,,,213.0,4411.107668183208,-3497.66759380786,683,2,90.398
1391,,,,213.0,4416.107668183208,-3492.66759380786,684,2,90.26
1392,,,,213.0,4421.107668183208,-3487.66759380786,685,2,90.16
1393,,,,213.0,4426.107668183208,-3482.66759380786,686,2,90.104
1394,,,,213.0,4431.107668183208,-3477.66759380786,687,2,90.049
1395,,,,213.0,4436.107668183208,-3472.66759380786,688,2,89.934
1396,,,,213.0,4441.107668183208,-3467.66759380786,689,2,89.814
1397,,,,213.0,4446.107668183208,-3462.66759380786,690,2,89.747
1398,,,,213.0,4452.107668183208,-3456.66759380786,691,2,89.725
1417,,,,213.0,4547.107668183208,-3361.66759380786,710,2,89.668
1418,,,,213.0,4552.107668183208,-3356.66759380786,711,2,89.618
1419,,,,213.0,4557.107668183208,-3351.66759380786,712,2,89.566
1420,,,,213.0,4562.107668183208,-3346.66759380786,713,2,89.488
1421,,,,213.0,4567.107668183208,-3341.66759380786,714,2,89.418
1438,,,,213.0,4652.107668183208,-3256.66759380786,731,2,89.358
1439,,,,213.0,4657.107668183208,-3251.66759380786,732,2,89.296
1440,,,,213.0,4662.107668183208,-3246.66759380786,733,2,89.216
1443,,,,213.0,4677.107668183208,-3231.66759380786,736,2,89.111
1444,,,,213.0,4683.107668183208,-3225.66759380786,737,2,88.991
1445,,,,213.0,4688.107668183208,-3220.66759380786,738,2,88.907
1455,,,,213.0,4738.107668183208,-3170.66759380786,748,2,88.905
1457,,,,213.0,4748.107668183208,-3160.66759380786,750,2,88.9
1477,,,,213.0,4848.107668183208,-3060.66759380786,770,2,88.851
1478,,,,213.0,4853.107668183208,-3055.66759380786,771,2,88.837
1479,,,,213.0,4858.107668183208,-3050.66759380786,772,2,88.779
1480,,,,213.0,4863.107668183208,-3045.66759380786,773,2,88.675
1481,,,,213.0,4868.107668183208,-3040.66759380786,774,2,88.589
1482,,,,213.0,4873.107668183208,-3035.66759380786,775,2,88.567
1483,,,,213.0,4878.107668183208,-3030.66759380786,776,2,88.422
1484,,,,213.0,4883.107668183208,-3025.66759380786,777,2,88.369
1485,,,,213.0,4888.107668183208,-3020.66759380786,778,2,88.341
1486,,,,213.0,4893.107668183208,-3015.66759380786,779,2,88.197
1487,,,,213.0,4898.107668183208,-3010.66759380786,780,2,88.152
1488,,,,213.0,4903.107668183208,-3005.66759380786,781,2,88.111
1489,,,,213.0,4908.107668183208,-3000.66759380786,782,2,88.013
1490,,,,213.0,4913.107668183208,-2995.66759380786,783,2,87.981
1491,,,,213.0,4918.107668183208,-2990.66759380786,784,2,87.952
1492,,,,213.0,4924.107668183208,-2984.66759380786,785,2,87.851
1493,,,,213.0,4929.107668183208,-2979.66759380786,786,2,87.796
1494,,,,213.0,4934.107668183208,-2974.66759380786,787,2,87.792
1501,,,,213.0,4969.107668183208,-2939.66759380786,794,2,87.753
1502,,,,213.0,4974.107668183208,-2934.66759380786,795,2,87.657
1503,,,,213.0,4979.107668183208,-2929.66759380786,796,2,87.611
1504,,,,213.0,4984.107668183208,-2924.66759380786,797,2,87.585
1512,,,,213.0,5024.107668183208,-2884.66759380786,805,2,87.483
1513,,,,213.0,5029.107668183208,-2879.66759380786,806,2,87.349
1514,,,,213.0,5034.107668183208,-2874.66759380786,807,2,87.32
1515,,,,213.0,5039.107668183208,-2869.66759380786,808,2,87.313
1516,,,,213.0,5044.107668183208,-2864.66759380786,809,2,87.213
1517,,,,213.0,5049.107668183208,-2859.66759380786,810,2,87.105
1519,,,,213.0,5059.107668183208,-2849.66759380786,812,2,87.067
1520,,,,213.0,5064.107668183208,-2844.66759380786,813,2,87.006
1521,,,,213.0,5069.107668183208,-2839.66759380786,814,2,86.909
1522,,,,213.0,5074.107668183208,-2834.66759380786,815,2,86.817
1523,,,,213.0,5079.107668183208,-2829.66759380786,816,2,86.712
1524,,,,213.0,5084.107668183208,-2824.66759380786,817,2,86.588
1526,,,,213.0,5094.107668183208,-2814.66759380786,819,2,86.555
1527,,,,213.0,5099.107668183208,-2809.66759380786,820,2,86.435
1528,,,,213.0,5105.107668183208,-2803.66759380786,821,2,86.377
1529,,,,213.0,5110.107668183208,-2798.66759380786,822,2,86.346
1530,,,,213.0,5115.107668183208,-2793.66759380786,823,2,86.241
1531,,,,213.0,5120.107668183208,-2788.66759380786,824,2,86.176
1532,,,,213.0,5125.107668183208,-2783.66759380786,825,2,86.168
1533,,,,213.0,5130.107668183208,-2778.66759380786,826,2,86.074
1534,,,,213.0,5135.107668183208,-2773.66759380786,827,2,86.018
1535,,,,213.0,5140.107668183208,-2768.66759380786,828,2,85.999
1536,,,,213.0,5145.107668183208,-2763.66759380786,829,2,85.943
1537,,,,213.0,5150.107668183208,-2758.66759380786,830,2,85.828
1538,,,,213.0,5155.107668183208,-2753.66759380786,831,2,85.811
1539,,,,213.0,5160.107668183208,-2748.66759380786,832,2,85.712
1540,,,,213.0,5165.107668183208,-2743.66759380786,833,2,85.648
1541,,,,213.0,5170.107668183208,-2738.66759380786,834,2,85.627
1542,,,,213.0,5175.107668183208,-2733.66759380786,835,2,85.608
1543,,,,213.0,5180.107668183208,-2728.66759380786,836,2,85.508
1544,,,,213.0,5185.107668183208,-2723.66759380786,837,2,85.435
1545,,,,213.0,5190.107668183208,-2718.66759380786,838,2,85.412
1546,,,,213.0,5195.107668183208,-2713.66759380786,839,2,85.382
1548,,,,213.0,5205.107668183208,-2703.66759380786,841,2,85.291
1549,,,,213.0,5210.107668183208,-2698.66759380786,842,2,85.209
1551,,,,213.0,5220.107668183208,-2688.66759380786,844,2,85.181
1552,,,,213.0,5225.107668183208,-2683.66759380786,845,2,85.09
1553,,,,213.0,5230.107668183208,-2678.66759380786,846,2,85.012
1554,,,,213.0,5235.107668183208,-2673.66759380786,847,2,84.938
1555,,,,213.0,5240.107668183208,-2668.66759380786,848,2,84.856
1556,,,,213.0,5245.107668183208,-2663.66759380786,849,2,84.84
1557,,,,213.0,5250.107668183208,-2658.66759380786,850,2,84.659
1558,,,,213.0,5255.107668183208,-2653.66759380786,851,2,84.65
1559,,,,213.0,5260.107668183208,-2648.66759380786,852,2,84.526
1560,,,,213.0,5265.107668183208,-2643.66759380786,853,2,84.459
1561,,,,213.0,5270.107668183208,-2638.66759380786,854,2,84.423
1562,,,,213.0,5275.107668183208,-2633.66759380786,855,2,84.28
1563,,,,213.0,5280.107668183208,-2628.66759380786,856,2,84.228
1564,,,,213.0,5285.107668183208,-2623.66759380786,857,2,84.223
1565,,,,213.0,5290.107668183208,-2618.66759380786,858,2,84.116
1566,,,,213.0,5295.107668183208,-2613.66759380786,859,2,83.99
1567,,,,213.0,5300.107668183208,-2608.66759380786,860,2,83.962
1569,,,,213.0,5310.107668183208,-2598.66759380786,862,2,83.849
1570,,,,213.0,5315.107668183208,-2593.66759380786,863,2,83.764
1571,,,,213.0,5320.107668183208,-2588.66759380786,864,2,83.763
1572,,,,213.0,5325.107668183208,-2583.66759380786,865,2,83.676
1573,,,,213.0,5330.107668183208,-2578.66759380786,866,2,83.603
1574,,,,213.0,5335.107668183208,-2573.66759380786,867,2,83.589
1575,,,,213.0,5340.107668183208,-2568.66759380786,868,2,83.546
1576,,,,213.0,5346.107668183208,-2562.66759380786,869,2,83.456
1577,,,,213.0,5351.107668183208,-2557.66759380786,870,2,83.409
1579,,,,213.0,5361.107668183208,-2547.66759380786,872,2,83.397
1580,,,,213.0,5366.107668183208,-2542.66759380786,873,2,83.311
1581,,,,213.0,5371.107668183208,-2537.66759380786,874,2,83.263
1582,,,,213.0,5376.107668183208,-2532.66759380786,875,2,83.232
1584,,,,213.0,5386.107668183208,-2522.66759380786,877,2,83.153
1585,,,,213.0,5391.107668183208,-2517.66759380786,878,2,83.135
1586,,,,213.0,5396.107668183208,-2512.66759380786,879,2,83.134
1588,,,,213.0,5406.107668183208,-2502.66759380786,881,2,83.084
1589,,,,213.0,5411.107668183208,-2497.66759380786,882,2,83.025
1590,,,,213.0,5416.107668183208,-2492.66759380786,883,2,82.996
1592,,,,213.0,5426.107668183208,-2482.66759380786,885,2,82.952
1593,,,,213.0,5431.107668183208,-2477.66759380786,886,2,82.948
1594,,,,213.0,5436.107668183208,-2472.66759380786,887,2,82.856
1595,,,,213.0,5441.107668183208,-2467.66759380786,888,2,82.743
1597,,,,213.0,5451.107668183208,-2457.66759380786,890,2,82.686
1598,,,,213.0,5456.107668183208,-2452.66759380786,891,2,82.586
1600,,,,213.0,5466.107668183208,-2442.66759380786,893,2,82.543
1601,,,,213.0,5471.107668183208,-2437.66759380786,894,2,82.429
1602,,,,213.0,5476.107668183208,-2432.66759380786,895,2,82.395
1604,,,,213.0,5486.107668183208,-2422.66759380786,897,2,82.357
1605,,,,213.0,5491.107668183208,-2417.66759380786,898,2,82.306
1606,,,,213.0,5496.107668183208,-2412.66759380786,899,2,82.227
1607,,,,213.0,5501.107668183208,-2407.66759380786,900,2,82.156
1608,,,,213.0,5506.107668183208,-2402.66759380786,901,2,82.106
1609,,,,213.0,5511.107668183208,-2397.66759380786,902,2,82.079
1611,,,,213.0,5521.107668183208,-2387.66759380786,904,2,82.051
1612,,,,213.0,5526.107668183208,-2382.66759380786,905,2,81.996
1613,,,,213.0,5531.107668183208,-2377.66759380786,906,2,81.907
1614,,,,213.0,5536.107668183208,-2372.66759380786,907,2,81.885
1615,,,,213.0,5541.107668183208,-2367.66759380786,908,2,81.8
1616,,,,213.0,5546.107668183208,-2362.66759380786,909,2,81.639
1617,,,,213.0,5551.107668183208,-2357.66759380786,910,2,81.562
1618,,,,213.0,5556.107668183208,-2352.66759380786,911,2,81.554
1619,,,,213.0,5561.107668183208,-2347.66759380786,912,2,81.498
1620,,,,213.0,5566.107668183208,-2342.66759380786,913,2,81.376
1621,,,,213.0,5571.107668183208,-2337.66759380786,914,2,81.354
1622,,,,213.0,5576.107668183208,-2332.66759380786,915,2,81.342
1623,,,,213.0,5581.107668183208,-2327.66759380786,916,2,81.234
1624,,,,213.0,5586.107668183208,-2322.66759380786,917,2,81.151
1626,,,,213.0,5596.107668183208,-2312.66759380786,919,2,81.032
1627,,,,213.0,5601.107668183208,-2307.66759380786,920,2,80.984
1629,,,,213.0,5611.107668183208,-2297.66759380786,922,2,80.887
1630,,,,213.0,5616.107668183208,-2292.66759380786,923,2,80.856
1631,,,,213.0,5621.107668183208,-2287.66759380786,924,2,80.846
1632,,,,213.0,5626.107668183208,-2282.66759380786,925,2,80.726
1633,,,,213.0,5632.107668183208,-2276.66759380786,926,2,80.7
1635,,,,213.0,5642.107668183208,-2266.66759380786,928,2,80.649
1636,,,,213.0,5647.107668183208,-2261.66759380786,929,2,80.542
1637,,,,213.0,5652.107668183208,-2256.66759380786,930,2,80.506
1638,,,,213.0,5657.107668183208,-2251.66759380786,931,2,80.485
1639,,,,213.0,5662.107668183208,-2246.66759380786,932,2,80.471
1640,,,,213.0,5667.107668183208,-2241.66759380786,933,2,80.364
1641,,,,213.0,5672.107668183208,-2236.66759380786,934,2,80.309
1642,,,,213.0,5677.107668183208,-2231.66759380786,935,2,80.28
1643,,,,213.0,5682.107668183208,-2226.66759380786,936,2,80.246
1644,,,,213.0,5687.107668183208,-2221.66759380786,937,2,80.15
1645,,,,213.0,5692.107668183208,-2216.66759380786,938,2,80.065
1648,,,,213.0,5707.107668183208,-2201.66759380786,941,2,79.955
1649,,,,213.0,5712.107668183208,-2196.66759380786,942,2,79.937
1651,,,,213.0,5722.107668183208,-2186.66759380786,944,2,79.863
1652,,,,213.0,5727.107668183208,-2181.66759380786,945,2,79.736
1653,,,,213.0,5732.107668183208,-2176.66759380786,946,2,79.698
1655,,,,213.0,5742.107668183208,-2166.66759380786,948,2,79.673
1656,,,,213.0,5747.107668183208,-2161.66759380786,949,2,79.562
1657,,,,213.0,5752.107668183208,-2156.66759380786,950,2,79.477
1661,,,,213.0,5772.107668183208,-2136.66759380786,954,2,79.354
1662,,,,213.0,5777.107668183208,-2131.66759380786,955,2,79.244
1666,,,,213.0,5798.107668183208,-2110.66759380786,959,2,79.12
1667,,,,213.0,5803.107668183208,-2105.66759380786,960,2,79.03
1668,,,,213.0,5808.107668183208,-2100.66759380786,961,2,78.99
1669,,,,213.0,5813.107668183208,-2095.66759380786,962,2,78.96
1670,,,,213.0,5818.107668183208,-2090.66759380786,963,2,78.923
1673,,,,213.0,5833.107668183208,-2075.66759380786,966,2,78.848
1674,,,,213.0,5838.107668183208,-2070.66759380786,967,2,78.744
1675,,,,213.0,5843.107668183208,-2065.66759380786,968,2,78.663
1676,,,,213.0,5848.107668183208,-2060.66759380786,969,2,78.567
1677,,,,213.0,5853.107668183208,-2055.66759380786,970,2,78.566
1678,,,,213.0,5858.107668183208,-2050.66759380786,971,2,78.517
1679,,,,213.0,5863.107668183208,-2045.66759380786,972,2,78.402
1680,,,,213.0,5868.107668183208,-2040.66759380786,973,2,78.324
1682,,,,213.0,5878.107668183208,-2030.66759380786,975,2,78.278
1683,,,,213.0,5883.107668183208,-2025.66759380786,976,2,78.199
1684,,,,213.0,5888.107668183208,-2020.66759380786,977,2,78.119
1685,,,,213.0,5893.107668183208,-2015.66759380786,978,2,78.026
1686,,,,213.0,5898.107668183208,-2010.66759380786,979,2,77.949
1687,,,,213.0,5903.107668183208,-2005.66759380786,980,2,77.883
1688,,,,213.0,5908.107668183208,-2000.66759380786,981,2,77.809
1689,,,,213.0,5913.107668183208,-1995.66759380786,982,2,77.66
1690,,,,213.0,5918.107668183208,-1990.66759380786,983,2,77.555
1692,,,,213.0,5928.107668183208,-1980.66759380786,985,2,77.508
1693,,,,213.0,5933.107668183208,-1975.66759380786,986,2,77.359
1694,,,,213.0,5938.107668183208,-1970.66759380786,987,2,77.291
1696,,,,213.0,5948.107668183208,-1960.66759380786,989,2,77.233
1697,,,,213.0,5953.107668183208,-1955.66759380786,990,2,77.088
1698,,,,213.0,5958.107668183208,-1950.66759380786,991,2,77.01
1701,,,,213.0,5974.107668183208,-1934.66759380786,994,2,76.897
1702,,,,213.0,5979.107668183208,-1929.66759380786,995,2,76.78
1703,,,,213.0,5984.107668183208,-1924.66759380786,996,2,76.711
1706,,,,213.0,5999.107668183208,-1909.66759380786,999,2,76.673
1707,,,,213.0,6004.107668183208,-1904.66759380786,1000,2,76.556
1708,,,,213.0,6009.107668183208,-1899.66759380786,1001,2,76.448
1712,,,,213.0,6029.107668183208,-1879.66759380786,1005,2,76.299
1713,,,,213.0,6034.107668183208,-1874.66759380786,1006,2,76.14
1715,,,,213.0,6044.107668183208,-1864.66759380786,1008,2,76.131
1716,,,,213.0,6049.107668183208,-1859.66759380786,1009,2,75.981
1717,,,,213.0,6054.107668183208,-1854.66759380786,1010,2,75.867
1718,,,,213.0,6059.107668183208,-1849.66759380786,1011,2,75.752
1719,,,,213.0,6064.107668183208,-1844.66759380786,1012,2,75.629
1720,,,,213.0,6069.107668183208,-1839.66759380786,1013,2,75.559
1721,,,,213.0,6074.107668183208,-1834.66759380786,1014,2,75.522
1722,,,,213.0,6079.107668183208,-1829.66759380786,1015,2,75.501
1723,,,,213.0,6084.107668183208,-1824.66759380786,1016,2,75.451
1724,,,,213.0,6089.107668183208,-1819.66759380786,1017,2,75.437
1725,,,,213.0,6094.107668183208,-1814.66759380786,1018,2,75.412
1726,,,,213.0,6099.107668183208,-1809.66759380786,1019,2,75.408
1727,,,,213.0,6104.107668183208,-1804.66759380786,1020,2,75.349
1728,,,,213.0,6109.107668183208,-1799.66759380786,1021,2,75.328
1729,,,,213.0,6114.107668183208,-1794.66759380786,1022,2,75.273
1730,,,,213.0,6119.107668183208,-1789.66759380786,1023,2,75.225
1731,,,,213.0,6124.107668183208,-1784.66759380786,1024,2,75.206
1732,,,,213.0,6129.107668183208,-1779.66759380786,1025,2,75.145
1733,,,,213.0,6134.107668183208,-1774.66759380786,1026,2,75.125
1734,,,,213.0,6139.107668183208,-1769.66759380786,1027,2,75.078
1735,,,,213.0,6145.107668183208,-1763.66759380786,1028,2,75.06
1736,,,,213.0,6150.107668183208,-1758.66759380786,1029,2,75.042
1737,,,,213.0,6155.107668183208,-1753.66759380786,1030,2,75.016
1738,,,,213.0,6160.107668183208,-1748.66759380786,1031,2,74.998
1739,,,,213.0,6165.107668183208,-1743.66759380786,1032,2,74.992
1740,,,,213.0,6170.107668183208,-1738.66759380786,1033,2,74.94
1741,,,,213.0,6175.107668183208,-1733.66759380786,1034,2,74.92
1742,,,,213.0,6180.107668183208,-1728.66759380786,1035,2,74.861
1743,,,,213.0,6185.107668183208,-1723.66759380786,1036,2,74.819
1744,,,,213.0,6190.107668183208,-1718.66759380786,1037,2,74.781
1745,,,,213.0,6195.107668183208,-1713.66759380786,1038,2,74.775
1746,,,,213.0,6200.107668183208,-1708.66759380786,1039,2,74.768
1747,,,,213.0,6205.107668183208,-1703.66759380786,1040,2,74.723
1748,,,,213.0,6210.107668183208,-1698.66759380786,1041,2,74.692
1749,,,,213.0,6215.107668183208,-1693.66759380786,1042,2,74.663
1751,,,,213.0,6225.107668183208,-1683.66759380786,1044,2,74.657
1752,,,,213.0,6230.107668183208,-1678.66759380786,1045,2,74.635
1753,,,,213.0,6235.107668183208,-1673.66759380786,1046,2,74.601
1755,,,,213.0,6245.107668183208,-1663.66759380786,1048,2,74.597
1756,,,,213.0,6250.107668183208,-1658.66759380786,1049,2,74.574
1757,,,,213.0,6255.107668183208,-1653.66759380786,1050,2,74.566
1758,,,,213.0,6260.107668183208,-1648.66759380786,1051,2,74.544
1759,,,,213.0,6265.107668183208,-1643.66759380786,1052,2,74.541
1760,,,,213.0,6270.107668183208,-1638.66759380786,1053,2,74.523
1761,,,,213.0,6275.107668183208,-1633.66759380786,1054,2,74.482
1762,,,,213.0,6280.107668183208,-1628.66759380786,1055,2,74.477
1763,,,,213.0,6285.107668183208,-1623.66759380786,1056,2,74.46
1764,,,,213.0,6290.107668183208,-1618.66759380786,1057,2,74.45
1765,,,,213.0,6295.107668183208,-1613.66759380786,1058,2,74.425
1767,,,,213.0,6306.107668183208,-1602.66759380786,1060,2,74.422
1768,,,,213.0,6311.107668183208,-1597.66759380786,1061,2,74.412
1769,,,,213.0,6316.107668183208,-1592.66759380786,1062,2,74.376
1770,,,,213.0,6321.107668183208,-1587.66759380786,1063,2,74.349
1771,,,,213.0,6326.107668183208,-1582.66759380786,1064,2,74.299
1772,,,,213.0,6331.107668183208,-1577.66759380786,1065,2,74.258
1773,,,,213.0,6336.107668183208,-1572.66759380786,1066,2,74.252
1774,,,,213.0,6341.107668183208,-1567.66759380786,1067,2,74.239
1776,,,,213.0,6351.107668183208,-1557.66759380786,1069,2,74.227
1810,,,,213.0,6522.107668183208,-1386.66759380786,1103,2,74.157
1811,,,,213.0,6527.107668183208,-1381.66759380786,1104,2,74.03
1816,,,,213.0,6552.107668183208,-1356.66759380786,1109,2,73.995
1818,,,,213.0,6562.107668183208,-1346.66759380786,1111,2,73.974
1819,,,,213.0,6567.107668183208,-1341.66759380786,1112,2,73.936
1820,,,,213.0,6572.107668183208,-1336.66759380786,1113,2,73.775
1821,,,,213.0,6577.107668183208,-1331.66759380786,1114,2,73.695
1822,,,,213.0,6582.107668183208,-1326.66759380786,1115,2,73.663
1823,,,,213.0,6587.107668183208,-1321.66759380786,1116,2,73.566
1824,,,,213.0,6592.107668183208,-1316.66759380786,1117,2,73.41
1825,,,,213.0,6597.107668183208,-1311.66759380786,1118,2,73.36
1826,,,,213.0,6602.107668183208,-1306.66759380786,1119,2,73.305
1827,,,,213.0,6607.107668183208,-1301.66759380786,1120,2,73.165
1828,,,,213.0,6612.107668183208,-1296.66759380786,1121,2,73.071
1829,,,,213.0,6617.107668183208,-1291.66759380786,1122,2,73.038
1830,,,,213.0,6622.107668183208,-1286.66759380786,1123,2,72.89
1831,,,,213.0,6627.107668183208,-1281.66759380786,1124,2,72.842
1832,,,,213.0,6632.107668183208,-1276.66759380786,1125,2,72.825
1833,,,,213.0,6637.107668183208,-1271.66759380786,1126,2,72.698
1834,,,,213.0,6642.107668183208,-1266.66759380786,1127,2,72.601
1835,,,,213.0,6647.107668183208,-1261.66759380786,1128,2,72.494
1836,,,,213.0,6652.107668183208,-1256.66759380786,1129,2,72.469
1840,,,,213.0,6672.107668183208,-1236.66759380786,1133,2,72.331
1841,,,,213.0,6677.107668183208,-1231.66759380786,1134,2,72.266
1842,,,,213.0,6682.107668183208,-1226.66759380786,1135,2,72.191
1843,,,,213.0,6688.107668183208,-1220.66759380786,1136,2,72.117
1844,,,,213.0,6693.107668183208,-1215.66759380786,1137,2,72.084
1845,,,,213.0,6698.107668183208,-1210.66759380786,1138,2,72.008
1846,,,,213.0,6703.107668183208,-1205.66759380786,1139,2,71.99
1847,,,,213.0,6708.107668183208,-1200.66759380786,1140,2,71.985
1850,,,,213.0,6723.107668183208,-1185.66759380786,1143,2,71.978
1851,,,,213.0,6728.107668183208,-1180.66759380786,1144,2,71.872
1852,,,,213.0,6733.107668183208,-1175.66759380786,1145,2,71.745
1853,,,,213.0,6738.107668183208,-1170.66759380786,1146,2,71.65
1854,,,,213.0,6743.107668183208,-1165.66759380786,1147,2,71.536
1855,,,,213.0,6748.107668183208,-1160.66759380786,1148,2,71.431
1856,,,,213.0,6753.107668183208,-1155.66759380786,1149,2,71.371
1857,,,,213.0,6758.107668183208,-1150.66759380786,1150,2,71.325
1858,,,,213.0,6763.107668183208,-1145.66759380786,1151,2,71.277
1859,,,,213.0,6768.107668183208,-1140.66759380786,1152,2,71.216
