fixIdx,time,lat,lng,alt,tickLead,tickRace,zoneIdx,legIdx,togo,area
1,,,,281.0,2523.20453353539,-8940.473335766203,1,0,186.194,0.0
8,,,,281.0,2733.20453353539,-8730.473335766203,8,0,186.193,0.0
10,,,,304.0,2793.20453353539,-8670.473335766203,10,0,186.175,0.0
11,,,,369.0,2823.20453353539,-8640.473335766203,1,1,186.118,0.0
12,,,,389.0,2828.20453353539,-8635.473335766203,2,1,186.099,0.0
13,,,,396.0,2833.20453353539,-8630.473335766203,3,1,186.073,0.0
14,,,,396.0,2838.20453353539,-8625.473335766203,4,1,186.052,0.0
15,,,,410.0,2843.20453353539,-8620.473335766203,5,1,186.026,0.0
16,,,,425.0,2848.20453353539,-8615.473335766203,6,1,185.973,0.0
17,,,,450.0,2853.20453353539,-8610.473335766203,7,1,185.916,0.0
18,,,,476.0,2858.20453353539,-8605.473335766203,8,1,185.828,0.0
19,,,,516.0,2863.20453353539,-8600.473335766203,9,1,185.778,0.0
20,,,,537.0,2868.20453353539,-8595.473335766203,10,1,185.746,0.0
21,,,,561.0,2873.20453353539,-8590.473335766203,11,1,185.679,0.0
22,,,,583.0,2878.20453353539,-8585.473335766203,12,1,185.637,0.0
23,,,,602.0,2883.20453353539,-8580.473335766203,13,1,185.597,0.0
24,,,,623.0,2888.20453353539,-8575.473335766203,14,1,185.545,0.0
25,,,,628.0,2893.20453353539,-8570.473335766203,15,1,185.49,0.0
26,,,,633.0,2898.20453353539,-8565.473335766203,16,1,185.427,0.0
27,,,,643.0,2903.20453353539,-8560.473335766203,17,1,185.358,0.0
28,,,,648.0,2908.20453353539,-8555.473335766203,18,1,185.279,0.0
29,,,,663.0,2913.20453353539,-8550.473335766203,19,1,185.206,0.0
30,,,,675.0,2918.20453353539,-8545.473335766203,20,1,185.139,0.0
31,,,,677.0,2923.20453353539,-8540.473335766203,21,1,185.082,0.0
32,,,,687.0,2928.20453353539,-8535.473335766203,22,1,185.046,0.0
33,,,,695.0,2933.20453353539,-8530.473335766203,23,1,185.03,0.0
182,,,,1869.0,3681.20453353539,-7782.473335766202,172,1,184.992,0.0
183,,,,1853.0,3686.20453353539,-7777.473335766202,173,1,184.906,0.0
184,,,,1836.0,3691.20453353539,-7772.473335766202,174,1,184.824,0.0
185,,,,1827.0,3696.20453353539,-7767.473335766202,175,1,184.781,0.0
186,,,,1815.0,3701.20453353539,-7762.473335766202,176,1,184.75,0.0
187,,,,1804.0,3706.20453353539,-7757.473335766202,177,1,184.741,0.0
189,,,,1765.0,3716.20453353539,-7747.473335766202,179,1,184.719,0.0
190,,,,1755.0,3721.20453353539,-7742.473335766202,180,1,184.681,0.0
191,,,,1749.0,3726.20453353539,-7737.473335766202,181,1,184.642,0.0
192,,,,1734.0,3731.20453353539,-7732.473335766202,182,1,184.596,0.0
193,,,,1718.0,3736.20453353539,-7727.473335766202,183,1,184.545,0.0
194,,,,1699.0,3741.20453353539,-7722.473335766202,184,1,184.493,0.0
195,,,,1682.0,3746.20453353539,-7717.473335766202,185,1,184.438,0.0
196,,,,1669.0,3751.20453353539,-7712.473335766202,186,1,184.392,0.0
197,,,,1653.0,3756.20453353539,-7707.473335766202,187,1,184.335,0.0
198,,,,1640.0,3761.20453353539,-7702.473335766202,188,1,184.271,0.0
199,,,,1625.0,3766.20453353539,-7697.473335766202,189,1,184.207,0.0
200,,,,1623.0,3771.20453353539,-7692.473335766202,190,1,184.116,0.0
201,,,,1610.0,3776.20453353539,-7687.473335766202,191,1,184.033,0.0
202,,,,1600.0,3781.20453353539,-7682.473335766202,192,1,183.942,0.0
203,,,,1584.0,3786.20453353539,-7677.473335766202,193,1,183.859,0.0
204,,,,1574.0,3791.20453353539,-7672.473335766202,194,1,183.768,0.0
205,,,,1563.0,3796.20453353539,-7667.473335766202,195,1,183.686,0.0
206,,,,1547.0,3801.20453353539,-7662.473335766202,196,1,183.604,0.0
207,,,,1532.0,3806.20453353539,-7657.473335766202,197,1,183.52,0.0
208,,,,1518.0,3811.20453353539,-7652.473335766202,198,1,183.44,0.0
209,,,,1504.0,3816.20453353539,-7647.473335766202,199,1,183.354,0.0
210,,,,1496.0,3821.20453353539,-7642.473335766202,200,1,183.27,0.0
211,,,,1485.0,3826.20453353539,-7637.473335766202,201,1,183.184,0.0
212,,,,1472.0,3831.20453353539,-7632.473335766202,202,1,183.087,0.0
213,,,,1464.0,3836.20453353539,-7627.473335766202,203,1,183.008,0.0
214,,,,1459.0,3841.20453353539,-7622.473335766202,204,1,182.94,0.0
215,,,,1450.0,3846.20453353539,-7617.473335766202,205,1,182.871,0.0
216,,,,1441.0,3851.20453353539,-7612.473335766202,206,1,182.803,0.0
217,,,,1435.0,3856.20453353539,-7607.473335766202,207,1,182.735,0.0
218,,,,1424.0,3861.20453353539,-7602.473335766202,208,1,182.665,0.0
219,,,,1412.0,3866.20453353539,-7597.473335766202,209,1,182.587,0.0
220,,,,1402.0,3871.20453353539,-7592.473335766202,210,1,182.505,0.0
221,,,,1392.0,3876.20453353539,-7587.473335766202,211,1,182.429,0.0
222,,,,1383.0,3881.20453353539,-7582.473335766202,212,1,182.353,0.0
223,,,,1376.0,3886.20453353539,-7577.473335766202,213,1,182.281,0.0
224,,,,1369.0,3891.20453353539,-7572.473335766202,214,1,182.213,0.0
225,,,,1358.0,3896.20453353539,-7567.473335766202,215,1,182.147,0.0
226,,,,1347.0,3901.20453353539,-7562.473335766202,216,1,182.087,0.0
227,,,,1336.0,3907.20453353539,-7556.473335766202,217,1,182.022,0.0
228,,,,1323.0,3912.20453353539,-7551.473335766202,218,1,181.96,0.0
229,,,,1307.0,3917.20453353539,-7546.473335766202,219,1,181.904,0.0
230,,,,1292.0,3922.20453353539,-7541.473335766202,220,1,181.833,0.0
231,,,,1275.0,3927.20453353539,-7536.473335766202,221,1,181.764,0.0
232,,,,1260.0,3932.20453353539,-7531.473335766202,222,1,181.7,0.0
233,,,,1248.0,3937.20453353539,-7526.473335766202,223,1,181.636,0.0
234,,,,1239.0,3942.20453353539,-7521.473335766202,224,1,181.58,0.0
235,,,,1229.0,3947.20453353539,-7516.473335766202,225,1,181.529,0.0
236,,,,1220.0,3952.20453353539,-7511.473335766202,226,1,181.485,0.0
237,,,,1207.0,3957.20453353539,-7506.473335766202,227,1,181.427,0.0
238,,,,1196.0,3962.20453353539,-7501.473335766202,228,1,181.36,0.0
239,,,,1188.0,3967.20453353539,-7496.473335766202,229,1,181.293,0.0
240,,,,1183.0,3972.20453353539,-7491.473335766202,230,1,181.221,0.0
241,,,,1171.0,3977.20453353539,-7486.473335766202,231,1,181.152,0.0
242,,,,1160.0,3982.20453353539,-7481.473335766202,232,1,181.074,0.0
243,,,,1158.0,3987.20453353539,-7476.473335766202,233,1,180.989,0.0
244,,,,1141.0,3992.20453353539,-7471.473335766202,234,1,180.916,0.0
245,,,,1133.0,3997.20453353539,-7466.473335766202,235,1,180.84,0.0
246,,,,1118.0,4002.20453353539,-7461.473335766202,236,1,180.806,0.0
247,,,,1110.0,4007.20453353539,-7456.473335766202,237,1,180.769,0.0
248,,,,1098.0,4012.20453353539,-7451.473335766202,238,1,180.719,0.0
249,,,,1085.0,4017.20453353539,-7446.473335766202,239,1,180.672,0.0
250,,,,1070.0,4022.20453353539,-7441.473335766202,240,1,180.611,0.0
251,,,,1062.0,4027.20453353539,-7436.473335766202,241,1,180.541,0.0
252,,,,1048.0,4032.20453353539,-7431.473335766202,242,1,180.491,0.0
253,,,,1029.0,4037.20453353539,-7426.473335766202,243,1,180.442,0.0
254,,,,1019.0,4042.20453353539,-7421.473335766202,244,1,180.399,0.0
255,,,,1017.0,4047.20453353539,-7416.473335766202,245,1,180.367,0.0
256,,,,1014.0,4052.20453353539,-7411.473335766202,246,1,180.339,0.0
257,,,,1018.0,4057.20453353539,-7406.473335766202,247,1,180.322,0.0
258,,,,1016.0,4062.20453353539,-7401.473335766202,248,1,180.311,0.0
259,,,,1021.0,4067.20453353539,-7396.473335766202,249,1,180.295,0.0
260,,,,1016.0,4072.20453353539,-7391.473335766202,250,1,180.27,0.0
261,,,,1019.0,4077.20453353539,-7386.473335766202,251,1,180.252,0.0
262,,,,1011.0,4082.20453353539,-7381.473335766202,252,1,180.236,0.0
263,,,,1011.0,4087.20453353539,-7376.473335766202,253,1,180.224,0.0
264,,,,1012.0,4092.20453353539,-7371.473335766202,254,1,180.201,0.0
265,,,,1004.0,4097.20453353539,-7366.473335766202,255,1,180.187,0.0
266,,,,992.0,4102.20453353539,-7361.473335766202,256,1,180.175,0.0
267,,,,980.0,4107.20453353539,-7356.473335766202,257,1,180.154,0.0
268,,,,971.0,4112.20453353539,-7351.473335766202,258,1,180.105,0.0
269,,,,967.0,4117.20453353539,-7346.473335766202,259,1,180.048,0.0
270,,,,957.0,4122.20453353539,-7341.473335766202,260,1,179.987,0.0
271,,,,946.0,4127.20453353539,-7336.473335766202,261,1,179.935,0.0
272,,,,940.0,4132.20453353539,-7331.473335766202,262,1,179.884,0.0
273,,,,926.0,4137.20453353539,-7326.473335766202,263,1,179.812,0.0
274,,,,915.0,4142.20453353539,-7321.473335766202,264,1,179.733,0.0
275,,,,910.0,4147.20453353539,-7316.473335766202,265,1,179.661,0.0
276,,,,907.0,4152.20453353539,-7311.473335766202,266,1,179.583,0.0
277,,,,906.0,4157.20453353539,-7306.473335766202,267,1,179.502,0.0
278,,,,903.0,4162.20453353539,-7301.473335766202,268,1,179.426,0.0
279,,,,893.0,4167.20453353539,-7296.473335766202,269,1,179.354,0.0
280,,,,879.0,4172.20453353539,-7291.473335766202,270,1,179.273,0.0
281,,,,870.0,4177.20453353539,-7286.473335766202,271,1,179.198,0.0
282,,,,869.0,4182.20453353539,-7281.473335766202,272,1,179.132,0.0
283,,,,868.0,4187.20453353539,-7276.473335766202,273,1,179.083,0.0
284,,,,868.0,4192.20453353539,-7271.473335766202,274,1,179.048,0.0
285,,,,860.0,4197.20453353539,-7266.473335766202,275,1,179.02,0.0
286,,,,855.0,4203.20453353539,-7260.473335766202,276,1,178.977,0.0
287,,,,858.0,4208.20453353539,-7255.473335766202,277,1,178.939,0.0
288,,,,858.0,4213.20453353539,-7250.473335766202,278,1,178.911,0.0
289,,,,864.0,4218.20453353539,-7245.473335766202,279,1,178.872,0.0
290,,,,868.0,4223.20453353539,-7240.473335766202,280,1,178.835,0.0
291,,,,876.0,4228.20453353539,-7235.473335766202,281,1,178.794,0.0
292,,,,887.0,4233.20453353539,-7230.473335766202,282,1,178.768,0.0
293,,,,888.0,4238.20453353539,-7225.473335766202,283,1,178.745,0.0
294,,,,891.0,4243.20453353539,-7220.473335766202,284,1,178.722,0.0
295,,,,886.0,4248.20453353539,-7215.473335766202,285,1,178.708,0.0
296,,,,884.0,4253.20453353539,-7210.473335766202,286,1,178.693,0.0
318,,,,980.0,4363.20453353539,-7100.473335766202,308,1,178.684,0.0
330,,,,997.0,4423.20453353539,-7040.473335766202,320,1,178.679,0.0
331,,,,997.0,4428.20453353539,-7035.473335766202,321,1,178.677,0.0
336,,,,1002.0,4453.20453353539,-7010.473335766202,326,1,178.676,0.0
337,,,,1002.0,4458.20453353539,-7005.473335766202,327,1,178.669,0.0
342,,,,1011.0,4483.20453353539,-6980.473335766202,332,1,178.653,0.0
343,,,,1015.0,4488.20453353539,-6975.473335766202,333,1,178.615,0.0
344,,,,1020.0,4493.20453353539,-6970.473335766202,334,1,178.585,0.0
348,,,,1030.0,4514.20453353539,-6949.473335766202,338,1,178.532,0.0
349,,,,1034.0,4519.20453353539,-6944.473335766202,339,1,178.5,0.0
354,,,,1048.0,4544.20453353539,-6919.473335766202,344,1,178.446,0.0
355,,,,1046.0,4549.20453353539,-6914.473335766202,345,1,178.434,0.0
359,,,,1055.0,4569.20453353539,-6894.473335766202,349,1,178.431,0.0
363,,,,1066.0,4589.20453353539,-6874.473335766202,353,1,178.422,0.0
364,,,,1070.0,4594.20453353539,-6869.473335766202,354,1,178.391,0.0
365,,,,1072.0,4599.20453353539,-6864.473335766202,355,1,178.373,0.0
366,,,,1074.0,4604.20453353539,-6859.473335766202,356,1,178.357,0.0
367,,,,1082.0,4609.20453353539,-6854.473335766202,357,1,178.34,0.0
368,,,,1087.0,4614.20453353539,-6849.473335766202,358,1,178.322,0.0
369,,,,1089.0,4619.20453353539,-6844.473335766202,359,1,178.302,0.0
370,,,,1090.0,4624.20453353539,-6839.473335766202,360,1,178.286,0.0
371,,,,1094.0,4629.20453353539,-6834.473335766202,361,1,178.274,0.0
372,,,,1099.0,4634.20453353539,-6829.473335766202,362,1,178.265,0.0
373,,,,1107.0,4639.20453353539,-6824.473335766202,363,1,178.255,0.0
374,,,,1123.0,4644.20453353539,-6819.473335766202,364,1,178.235,0.0
375,,,,1140.0,4649.20453353539,-6814.473335766202,365,1,178.218,0.0
376,,,,1152.0,4654.20453353539,-6809.473335766202,366,1,178.161,0.0
381,,,,1210.0,4679.20453353539,-6784.473335766202,371,1,178.124,0.0
385,,,,1252.0,4699.20453353539,-6764.473335766202,375,1,178.116,0.0
386,,,,1263.0,4704.20453353539,-6759.473335766202,376,1,178.056,0.0
482,,,,2000.0,5185.20453353539,-6278.473335766202,472,1,177.994,0.0
483,,,,1990.0,5190.20453353539,-6273.473335766202,473,1,177.93,0.0
484,,,,1982.0,5195.20453353539,-6268.473335766202,474,1,177.86,0.0
485,,,,1975.0,5200.20453353539,-6263.473335766202,475,1,177.785,0.0
486,,,,1973.0,5205.20453353539,-6258.473335766202,476,1,177.704,0.0
487,,,,1973.0,5210.20453353539,-6253.473335766202,477,1,177.623,0.0
488,,,,1982.0,5216.20453353539,-6247.473335766202,478,1,177.554,0.0
489,,,,1983.0,5221.20453353539,-6242.473335766202,479,1,177.488,0.0
490,,,,1998.0,5226.20453353539,-6237.473335766202,480,1,177.412,0.0
491,,,,2005.0,5231.20453353539,-6232.473335766202,481,1,177.387,0.0
497,,,,2054.0,5261.20453353539,-6202.473335766202,487,1,177.33,0.0
498,,,,2052.0,5266.20453353539,-6197.473335766202,488,1,177.297,0.0
504,,,,2069.0,5296.20453353539,-6167.473335766202,494,1,177.232,0.0
505,,,,2071.0,5301.20453353539,-6162.473335766202,495,1,177.157,0.0
506,,,,2084.0,5306.20453353539,-6157.473335766202,496,1,177.073,0.0
507,,,,2084.0,5311.20453353539,-6152.473335766202,1,2,177.005,127879.48616013244
508,,,,2082.0,5316.20453353539,-6147.473335766202,2,2,176.928,144881.67687591573
509,,,,2081.0,5321.20453353539,-6142.473335766202,3,2,176.856,135544.1057778496
510,,,,2078.0,5326.20453353539,-6137.473335766202,4,2,176.778,146915.10709296138
511,,,,2073.0,5331.20453353539,-6132.473335766202,5,2,176.7,146988.1542561973
512,,,,2067.0,5336.20453353539,-6127.473335766202,6,2,176.62,150831.0228630679
513,,,,2058.0,5341.20453353539,-6122.473335766202,7,2,176.534,162219.02614193351
514,,,,2047.0,5346.20453353539,-6117.473335766202,8,2,176.464,132103.9655550119
515,,,,2042.0,5351.20453353539,-6112.473335766202,9,2,176.387,145389.69605640875
516,,,,2050.0,5356.20453353539,-6107.473335766202,10,2,176.307,151128.09614008208
517,,,,2054.0,5361.20453353539,-6102.473335766202,11,2,176.229,147421.37291183756
518,,,,2048.0,5366.20453353539,-6097.473335766202,12,2,176.155,139931.381757578
519,,,,2044.0,5371.20453353539,-6092.473335766202,13,2,176.083,136219.84865881273
520,,,,2033.0,5376.20453353539,-6087.473335766202,14,2,176.008,141968.49228125415
521,,,,2020.0,5381.20453353539,-6082.473335766202,15,2,175.931,145826.89215924573
522,,,,2006.0,5386.20453353539,-6077.473335766202,16,2,175.848,157264.5525020083
523,,,,2002.0,5391.20453353539,-6072.473335766202,17,2,175.77,147860.27534247204
524,,,,1993.0,5396.20453353539,-6067.473335766202,18,2,175.697,138450.91077154427
525,,,,1995.0,5401.20453353539,-6062.473335766202,19,2,175.622,142315.9331637624
526,,,,1990.0,5406.20453353539,-6057.473335766202,20,2,175.556,125303.64631474557
527,,,,1988.0,5411.20453353539,-6052.473335766202,21,2,175.497,112077.555521556
528,,,,1982.0,5416.20453353539,-6047.473335766202,22,2,175.428,131147.02873926453
529,,,,1977.0,5421.20453353539,-6042.473335766202,23,2,175.357,135019.08349302714
530,,,,1975.0,5426.20453353539,-6037.473335766202,24,2,175.28,146502.36208494066
531,,,,1968.0,5431.20453353539,-6032.473335766202,25,2,175.209,135153.99864855036
532,,,,1972.0,5436.20453353539,-6027.473335766202,26,2,175.132,146648.45060121233
533,,,,1969.0,5441.20453353539,-6022.473335766202,27,2,175.058,141003.70075433148
534,,,,1963.0,5446.20453353539,-6017.473335766202,28,2,174.961,184908.68126844364
535,,,,1947.0,5451.20453353539,-6012.473335766202,29,2,174.889,137311.48123613486
536,,,,1942.0,5456.20453353539,-6007.473335766202,30,2,174.797,175532.1671432995
537,,,,1933.0,5461.20453353539,-6002.473335766202,31,2,174.714,158426.33779079744
538,,,,1929.0,5466.20453353539,-5997.473335766202,32,2,174.622,175677.86647726543
539,,,,1924.0,5471.20453353539,-5992.473335766202,33,2,174.55,137548.1829156258
540,,,,1918.0,5476.20453353539,-5987.473335766202,34,2,174.476,141438.99450063097
541,,,,1909.0,5481.20453353539,-5982.473335766202,35,2,174.396,152979.1030419086
542,,,,1902.0,5486.20453353539,-5977.473335766202,36,2,174.315,154961.08939656508
543,,,,1889.0,5491.20453353539,-5972.473335766202,37,2,174.235,153116.74721307034
544,,,,1877.0,5496.20453353539,-5967.473335766202,38,2,174.14,181900.32416523944
545,,,,1859.0,5501.20453353539,-5962.473335766202,39,2,174.052,168561.83598677462
546,,,,1840.0,5506.20453353539,-5957.473335766202,40,2,173.955,185871.17894686054
547,,,,1833.0,5511.20453353539,-5952.473335766202,41,2,173.862,178270.8283334171
548,,,,1824.0,5516.20453353539,-5947.473335766202,42,2,173.776,164917.23880007904
549,,,,1812.0,5521.20453353539,-5942.473335766202,43,2,173.694,157313.14101998074
550,,,,1799.0,5526.20453353539,-5937.473335766202,44,2,173.61,161218.92690240947
551,,,,1792.0,5531.20453353539,-5932.473335766202,45,2,173.531,151688.52196511955
552,,,,1785.0,5536.20453353539,-5927.473335766202,46,2,173.451,153677.06571643814
553,,,,1776.0,5541.20453353539,-5922.473335766202,47,2,173.374,147980.7762004392
554,,,,1768.0,5546.20453353539,-5917.473335766202,48,2,173.294,153815.33065850113
555,,,,1762.0,5551.20453353539,-5912.473335766202,49,2,173.21,161575.22435781045
556,,,,1754.0,5556.20453353539,-5907.473335766202,50,2,173.126,161642.3468794332
557,,,,1749.0,5562.20453353539,-5901.473335766202,51,2,173.041,163663.39082464468
558,,,,1739.0,5567.20453353539,-5896.473335766202,52,2,172.955,165655.8229814893
559,,,,1727.0,5572.20453353539,-5891.473335766202,53,2,172.868,167648.69449090413
560,,,,1723.0,5577.20453353539,-5886.473335766202,54,2,172.786,158078.21057842832
561,,,,1709.0,5582.20453353539,-5881.473335766202,55,2,172.715,136934.66464640782
562,,,,1701.0,5587.20453353539,-5876.473335766202,56,2,172.642,140859.35431445172
563,,,,1695.0,5592.20453353539,-5871.473335766202,57,2,172.581,117764.01516653555
564,,,,1687.0,5597.20453353539,-5866.473335766202,58,2,172.513,131346.19568808697
565,,,,1682.0,5602.20453353539,-5861.473335766202,59,2,172.451,119818.65085182598
566,,,,1667.0,5607.20453353539,-5856.473335766202,60,2,172.39,117949.23513149514
567,,,,1663.0,5612.20453353539,-5851.473335766202,61,2,172.32,135420.8117328357
568,,,,1650.0,5617.20453353539,-5846.473335766202,62,2,172.259,118069.81397864019
569,,,,1634.0,5622.20453353539,-5841.473335766202,63,2,172.186,141367.43756037208
570,,,,1627.0,5627.20453353539,-5836.473335766202,64,2,172.11,147244.22491792287
571,,,,1615.0,5632.20453353539,-5831.473335766202,65,2,172.033,149247.84988845573
572,,,,1610.0,5637.20453353539,-5826.473335766202,66,2,171.955,151252.1956203288
573,,,,1605.0,5642.20453353539,-5821.473335766202,67,2,171.872,161015.20742660234
574,,,,1601.0,5647.20453353539,-5816.473335766202,68,2,171.799,141676.97133487335
575,,,,1595.0,5652.20453353539,-5811.473335766202,69,2,171.736,122328.99531900127
576,,,,1589.0,5657.20453353539,-5806.473335766202,70,2,171.686,97140.4247657564
577,,,,1583.0,5662.20453353539,-5801.473335766202,71,2,171.643,83591.95787266176
578,,,,1573.0,5667.20453353539,-5796.473335766202,72,2,171.62,44742.85748527652
579,,,,1568.0,5672.20453353539,-5791.473335766202,73,2,171.549,138203.25778738127
580,,,,1562.0,5677.20453353539,-5786.473335766202,74,2,171.483,128532.54648615385
581,,,,1552.0,5682.20453353539,-5781.473335766202,75,2,171.42,122752.03381329414
582,,,,1532.0,5687.20453353539,-5776.473335766202,76,2,171.355,126713.04970886411
583,,,,1519.0,5692.20453353539,-5771.473335766202,77,2,171.292,122876.25882852188
584,,,,1503.0,5697.20453353539,-5766.473335766202,78,2,171.245,91720.65741726398
585,,,,1493.0,5702.20453353539,-5761.473335766202,79,2,171.173,140582.69798142204
586,,,,1488.0,5707.20453353539,-5756.473335766202,80,2,171.11,123069.18262915882
587,,,,1497.0,5712.20453353539,-5751.473335766202,81,2,171.051,115315.1233085918
588,,,,1502.0,5717.20453353539,-5746.473335766202,82,2,170.997,105600.15231943093
589,,,,1500.0,5722.20453353539,-5741.473335766202,83,2,170.943,105659.13338264693
590,,,,1504.0,5727.20453353539,-5736.473335766202,84,2,170.892,99845.70704780618
591,,,,1498.0,5732.20453353539,-5731.473335766202,85,2,170.847,88151.30302883878
592,,,,1505.0,5737.20453353539,-5726.473335766202,86,2,170.783,125440.07582671038
593,,,,1513.0,5742.20453353539,-5721.473335766202,87,2,170.731,101974.24843140715
594,,,,1516.0,5747.20453353539,-5716.473335766202,88,2,170.698,64754.65579042957
595,,,,1511.0,5752.20453353539,-5711.473335766202,89,2,170.658,78541.98123002044
596,,,,1514.0,5757.20453353539,-5706.473335766202,90,2,170.621,72698.08122197191
597,,,,1522.0,5762.20453353539,-5701.473335766202,91,2,170.597,47188.02975657488
598,,,,1527.0,5767.20453353539,-5696.473335766202,92,2,170.572,49189.78508755457
599,,,,1531.0,5772.20453353539,-5691.473335766202,93,2,170.539,64975.76120111052
600,,,,1532.0,5777.20453353539,-5686.473335766202,94,2,170.504,68959.63080056112
601,,,,1528.0,5782.20453353539,-5681.473335766202,95,2,170.466,74919.21463234883
602,,,,1524.0,5787.20453353539,-5676.473335766202,96,2,170.425,80885.04356629164
603,,,,1527.0,5792.20453353539,-5671.473335766202,97,2,170.389,71066.31825212658
604,,,,1529.0,5797.20453353539,-5666.473335766202,98,2,170.345,86913.4063393265
605,,,,1536.0,5802.20453353539,-5661.473335766202,99,2,170.297,94870.77872220658
606,,,,1533.0,5807.20453353539,-5656.473335766202,100,2,170.24,112721.376583459
607,,,,1534.0,5812.20453353539,-5651.473335766202,101,2,170.19,98932.43946759513
608,,,,1524.0,5817.20453353539,-5646.473335766202,102,2,170.137,104926.84366607302
609,,,,1524.0,5822.20453353539,-5641.473335766202,103,2,170.08,112906.33870776728
610,,,,1524.0,5827.20453353539,-5636.473335766202,104,2,170.027,105039.27177126832
611,,,,1529.0,5832.20453353539,-5631.473335766202,105,2,169.981,91217.8251557465
612,,,,1533.0,5837.20453353539,-5626.473335766202,106,2,169.943,75399.82472654965
613,,,,1541.0,5842.20453353539,-5621.473335766202,107,2,169.91,65521.19433210559
614,,,,1555.0,5848.20453353539,-5615.473335766202,108,2,169.878,63588.79110533077
615,,,,1564.0,5853.20453353539,-5610.473335766202,109,2,169.841,73572.45726429572
616,,,,1564.0,5858.20453353539,-5605.473335766202,110,2,169.794,93513.61094711685
617,,,,1553.0,5863.20453353539,-5600.473335766202,111,2,169.752,83614.76115484309
618,,,,1555.0,5868.20453353539,-5595.473335766202,112,2,169.706,91632.4128291046
619,,,,1562.0,5873.20453353539,-5590.473335766202,113,2,169.656,99657.12184544785
620,,,,1567.0,5878.20453353539,-5585.473335766202,114,2,169.602,107688.30733646415
621,,,,1563.0,5883.20453353539,-5580.473335766202,115,2,169.55,103755.63036577994
622,,,,1562.0,5888.20453353539,-5575.473335766202,116,2,169.503,93831.43035036324
623,,,,1559.0,5893.20453353539,-5570.473335766202,117,2,169.459,87893.18538419929
624,,,,1566.0,5898.20453353539,-5565.473335766202,118,2,169.412,93940.33201872664
625,,,,1577.0,5903.20453353539,-5560.473335766202,119,2,169.363,97993.04767658732
626,,,,1576.0,5908.20453353539,-5555.473335766202,120,2,169.312,102049.01969012544
627,,,,1568.0,5913.20453353539,-5550.473335766202,121,2,169.263,98101.0980221587
628,,,,1557.0,5918.20453353539,-5545.473335766202,122,2,169.225,76123.1662136203
629,,,,1547.0,5923.20453353539,-5540.473335766202,123,2,169.195,60135.92634717367
630,,,,1536.0,5928.20453353539,-5535.473335766202,124,2,169.163,64187.37374581938
631,,,,1527.0,5933.20453353539,-5530.473335766202,125,2,169.118,90319.06632643178
632,,,,1513.0,5938.20453353539,-5525.473335766202,126,2,169.07,96395.01670979243
633,,,,1504.0,5943.20453353539,-5520.473335766202,127,2,169.022,96448.79554330191
634,,,,1497.0,5948.20453353539,-5515.473335766202,128,2,168.975,94492.33852289802
635,,,,1501.0,5953.20453353539,-5510.473335766202,129,2,168.916,118680.51974940253
636,,,,1499.0,5958.20453353539,-5505.473335766202,130,2,168.869,94591.82956292588
637,,,,1491.0,5963.20453353539,-5500.473335766202,131,2,168.814,110752.00380739443
638,,,,1488.0,5968.20453353539,-5495.473335766202,132,2,168.752,124909.10175714582
639,,,,1494.0,5973.20453353539,-5490.473335766202,133,2,168.71,84660.64102843184
640,,,,1506.0,5978.20453353539,-5485.473335766202,134,2,168.616,189560.75931304783
641,,,,1524.0,5983.20453353539,-5480.473335766202,135,2,168.596,40352.167343271365
645,,,,1569.0,6003.20453353539,-5460.473335766202,139,2,168.587,18217.606628109024
646,,,,1585.0,6008.20453353539,-5455.473335766202,140,2,168.531,113426.5381724034
651,,,,1668.0,6033.20453353539,-5430.473335766202,145,2,168.523,16268.125766789779
652,,,,1679.0,6038.20453353539,-5425.473335766202,146,2,168.506,34595.85060745095
659,,,,1814.0,6073.20453353539,-5390.473335766202,153,2,168.449,116644.60811502812
660,,,,1832.0,6078.20453353539,-5385.473335766202,154,2,168.429,40952.267736987655
664,,,,1892.0,6098.20453353539,-5365.473335766202,158,2,168.394,71890.54409595767
665,,,,1910.0,6103.20453353539,-5360.473335766202,159,2,168.356,78099.65681340804
666,,,,1917.0,6108.20453353539,-5355.473335766202,160,2,168.316,82258.45746856071
667,,,,1937.0,6113.20453353539,-5350.473335766202,161,2,168.277,80248.8122887271
668,,,,1948.0,6118.20453353539,-5345.473335766202,162,2,168.265,24708.39348150174
672,,,,1992.0,6138.20453353539,-5325.473335766202,166,2,168.246,39245.893569858585
673,,,,2004.0,6143.20453353539,-5320.473335766202,167,2,168.234,24804.785537328797
678,,,,2036.0,6168.20453353539,-5295.473335766202,172,2,168.217,35280.07591970427
679,,,,2043.0,6173.20453353539,-5290.473335766202,173,2,168.183,70606.6441728064
680,,,,2038.0,6178.20453353539,-5285.473335766202,174,2,168.148,72727.2598138901
681,,,,2038.0,6183.20453353539,-5280.473335766202,175,2,168.121,56138.9401427327
682,,,,2037.0,6188.20453353539,-5275.473335766202,176,2,168.102,39531.71716470987
683,,,,2029.0,6193.20453353539,-5270.473335766202,177,2,168.082,41641.12545806253
684,,,,2022.0,6199.20453353539,-5264.473335766202,178,2,168.069,27090.29444099281
685,,,,2040.0,6204.20453353539,-5259.473335766202,179,2,168.062,14597.978318383648
706,,,,2202.0,6309.20453353539,-5154.473335766202,200,2,168.043,40290.5486051459
707,,,,2212.0,6314.20453353539,-5149.473335766202,201,2,167.993,106090.00173157903
708,,,,2204.0,6319.20453353539,-5144.473335766202,202,2,167.943,106142.41470885104
709,,,,2200.0,6324.20453353539,-5139.473335766202,203,2,167.889,114688.99387294223
710,,,,2195.0,6329.20453353539,-5134.473335766202,204,2,167.828,129614.11506149391
711,,,,2184.0,6334.20453353539,-5129.473335766202,205,2,167.759,146671.69207892808
712,,,,2175.0,6339.20453353539,-5124.473335766202,206,2,167.683,161609.0939824875
713,,,,2163.0,6344.20453353539,-5119.473335766202,207,2,167.594,189308.86184171998
714,,,,2156.0,6349.20453353539,-5114.473335766202,208,2,167.5,199992.55233227517
715,,,,2149.0,6354.20453353539,-5109.473335766202,209,2,167.407,197910.28472726178
716,,,,2143.0,6359.20453353539,-5104.473335766202,210,2,167.318,189444.04163639646
717,,,,2139.0,6364.20453353539,-5099.473335766202,211,2,167.238,170334.62495374389
718,,,,2134.0,6369.20453353539,-5094.473335766202,212,2,167.154,178904.12755975593
719,,,,2119.0,6374.20453353539,-5089.473335766202,213,2,167.068,183214.34733419138
720,,,,2111.0,6379.20453353539,-5084.473335766202,214,2,166.994,157697.68704128673
721,,,,2105.0,6384.20453353539,-5079.473335766202,215,2,166.919,159882.66663045596
722,,,,2097.0,6389.20453353539,-5074.473335766202,216,2,166.863,119425.68218632526
723,,,,2083.0,6394.20453353539,-5069.473335766202,217,2,166.788,160007.45526137197
724,,,,2077.0,6399.20453353539,-5064.473335766202,218,2,166.736,110982.99122787322
725,,,,2064.0,6404.20453353539,-5059.473335766202,219,2,166.681,117439.88646263117
726,,,,2062.0,6409.20453353539,-5054.473335766202,220,2,166.621,128172.04136618962
727,,,,2059.0,6414.20453353539,-5049.473335766202,221,2,166.561,128225.84969354815
728,,,,2061.0,6419.20453353539,-5044.473335766202,222,2,166.476,181715.7727199942
729,,,,2057.0,6424.20453353539,-5039.473335766202,223,2,166.395,173212.94236985533
730,,,,2053.0,6429.20453353539,-5034.473335766202,224,2,166.309,183955.89760080806
731,,,,2067.0,6434.20453353539,-5029.473335766202,225,2,166.232,164752.03435354828
732,,,,2078.0,6439.20453353539,-5024.473335766202,226,2,166.155,164803.70655118962
733,,,,2093.0,6444.20453353539,-5019.473335766202,227,2,166.087,145590.4073789246
734,,,,2087.0,6449.20453353539,-5014.473335766202,228,2,166.026,130653.74457996259
735,,,,2092.0,6454.20453353539,-5009.473335766202,229,2,165.954,154272.0111151075
736,,,,2092.0,6459.20453353539,-5004.473335766202,230,2,165.883,152181.6168904252
737,,,,2092.0,6464.20453353539,-4999.473335766202,231,2,165.815,145803.1326448201
738,,,,2088.0,6469.20453353539,-4994.473335766202,232,2,165.754,130844.24835678264
739,,,,2090.0,6474.20453353539,-4989.473335766202,233,2,165.692,133042.65014093896
740,,,,2085.0,6479.20453353539,-4984.473335766202,234,2,165.635,122363.9178275479
741,,,,2077.0,6484.20453353539,-4979.473335766202,235,2,165.562,156771.08348916747
742,,,,2068.0,6489.20453353539,-4974.473335766202,236,2,165.486,163266.10186380148
743,,,,2067.0,6494.20453353539,-4969.473335766202,237,2,165.412,159020.02758856202
744,,,,2042.0,6499.20453353539,-4964.473335766202,238,2,165.343,148325.4632888115
745,,,,2024.0,6504.20453353539,-4959.473335766202,239,2,165.283,129027.54768628518
746,,,,2017.0,6509.20453353539,-4954.473335766202,240,2,165.209,159191.76182755645
748,,,,2006.0,6519.20453353539,-4944.473335766202,242,2,165.125,180895.25247200072
749,,,,1997.0,6525.20453353539,-4938.473335766202,243,2,165.01,247732.81584807075
750,,,,1982.0,6530.20453353539,-4933.473335766202,244,2,164.911,213290.70938092185
751,,,,1968.0,6535.20453353539,-4928.473335766202,245,2,164.82,196092.21687030897
752,,,,1950.0,6540.20453353539,-4923.473335766202,246,2,164.731,191824.45403656684
753,,,,1934.0,6545.20453353539,-4918.473335766202,247,2,164.642,191867.41510134656
754,,,,1920.0,6550.20453353539,-4913.473335766202,248,2,164.557,183287.26649001907
755,,,,1905.0,6555.20453353539,-4908.473335766202,249,2,164.48,166081.67222576414
756,,,,1890.0,6560.20453353539,-4903.473335766202,250,2,164.394,185543.34069549106
757,,,,1878.0,6565.20453353539,-4898.473335766202,251,2,164.324,151067.0632698133
758,,,,1867.0,6570.20453353539,-4893.473335766202,252,2,164.244,172700.71705399948
759,,,,1861.0,6575.20453353539,-4888.473335766202,253,2,164.175,149000.12474121695
760,,,,1854.0,6580.20453353539,-4883.473335766202,254,2,164.104,153370.15044857256
761,,,,1847.0,6585.20453353539,-4878.473335766202,255,2,164.038,142618.22427886783
762,,,,1837.0,6590.20453353539,-4873.473335766202,256,2,163.979,127540.2481081186
763,,,,1828.0,6595.20453353539,-4868.473335766202,257,2,163.921,125428.91885972848
764,,,,1817.0,6600.20453353539,-4863.473335766202,258,2,163.858,136294.7318332293
765,,,,1813.0,6605.20453353539,-4858.473335766202,259,2,163.799,127690.2486088263
766,,,,1811.0,6610.20453353539,-4853.473335766202,260,2,163.742,123411.4411778022
767,,,,1808.0,6615.20453353539,-4848.473335766202,261,2,163.684,125627.41765663103
768,,,,1800.0,6620.20453353539,-4843.473335766202,262,2,163.643,88845.83926328318
769,,,,1791.0,6625.20453353539,-4838.473335766202,263,2,163.598,97561.73505411235
770,,,,1777.0,6630.20453353539,-4833.473335766202,264,2,163.552,99777.28500476561
771,,,,1769.0,6635.20453353539,-4828.473335766202,265,2,163.487,141048.09260378228
772,,,,1759.0,6640.20453353539,-4823.473335766202,266,2,163.429,125905.76810652902
773,,,,1750.0,6645.20453353539,-4818.473335766202,267,2,163.37,128127.12558492964
774,,,,1735.0,6650.20453353539,-4813.473335766202,268,2,163.329,89077.2220069537
775,,,,1722.0,6655.20453353539,-4808.473335766202,269,2,163.281,104335.50492950765
776,,,,1706.0,6660.20453353539,-4803.473335766202,270,2,163.218,136996.65755970668
777,,,,1701.0,6665.20453353539,-4798.473335766202,271,2,163.163,119646.78664724278
778,,,,1681.0,6670.20453353539,-4793.473335766202,272,2,163.111,113168.34432673127
779,,,,1667.0,6675.20453353539,-4788.473335766202,273,2,163.05,132808.67453756207
780,,,,1657.0,6680.20453353539,-4783.473335766202,274,2,163.002,104548.51433128145
781,,,,1655.0,6685.20453353539,-4778.473335766202,275,2,162.952,108953.4579262245
782,,,,1640.0,6690.20453353539,-4773.473335766202,276,2,162.907,98102.85115917162
783,,,,1623.0,6695.20453353539,-4768.473335766202,277,2,162.855,113414.24740123052
784,,,,1606.0,6700.20453353539,-4763.473335766202,278,2,162.782,159273.9187690954
785,,,,1583.0,6705.20453353539,-4758.473335766202,279,2,162.719,137500.6991948653
786,,,,1563.0,6710.20453353539,-4753.473335766202,280,2,162.65,150647.18518213413
787,,,,1547.0,6715.20453353539,-4748.473335766202,281,2,162.568,179080.2418149457
788,,,,1528.0,6720.20453353539,-4743.473335766202,282,2,162.501,146363.52122330756
789,,,,1510.0,6725.20453353539,-4738.473335766202,283,2,162.448,115823.46986228698
790,,,,1491.0,6730.20453353539,-4733.473335766202,284,2,162.393,120243.55039831424
791,,,,1474.0,6735.20453353539,-4728.473335766202,285,2,162.334,129039.06299111397
792,,,,1462.0,6740.20453353539,-4723.473335766202,286,2,162.287,102836.56098639074
793,,,,1448.0,6745.20453353539,-4718.473335766202,287,2,162.197,196983.98530738024
794,,,,1432.0,6750.20453353539,-4713.473335766202,288,2,162.144,116036.50869639832
795,,,,1414.0,6755.20453353539,-4708.473335766202,289,2,162.093,111704.64986937097
796,,,,1398.0,6760.20453353539,-4703.473335766202,290,2,162.05,94224.73805884343
797,,,,1379.0,6765.20453353539,-4698.473335766202,291,2,162.008,92077.38333059677
798,,,,1364.0,6770.20453353539,-4693.473335766202,292,2,161.97,83349.09832592162
799,,,,1350.0,6775.20453353539,-4688.473335766202,293,2,161.894,166762.60791970234
800,,,,1334.0,6780.20453353539,-4683.473335766202,294,2,161.829,142669.029893624
801,,,,1318.0,6785.20453353539,-4678.473335766202,295,2,161.751,171253.40567099425
802,,,,1319.0,6790.20453353539,-4673.473335766202,296,2,161.666,186665.74426792277
803,,,,1315.0,6795.20453353539,-4668.473335766202,297,2,161.594,158156.48286077278
804,,,,1313.0,6800.20453353539,-4663.473335766202,298,2,161.526,149415.18204352897
805,,,,1310.0,6805.20453353539,-4658.473335766202,299,2,161.482,96717.96226262525
806,,,,1305.0,6810.20453353539,-4653.473335766202,300,2,161.435,103359.14841570893
807,,,,1298.0,6815.20453353539,-4648.473335766202,301,2,161.385,110004.21637581973
808,,,,1284.0,6820.20453353539,-4643.473335766202,302,2,161.319,145259.8807301458
809,,,,1270.0,6825.20453353539,-4638.473335766202,303,2,161.263,123294.53521483009
810,,,,1253.0,6830.20453353539,-4633.473335766202,304,2,161.224,85903.43460687742
811,,,,1232.0,6835.20453353539,-4628.473335766202,305,2,161.195,63910.19450443244
812,,,,1224.0,6840.20453353539,-4623.473335766202,306,2,161.163,70559.82889664573
813,,,,1222.0,6845.20453353539,-4618.473335766202,307,2,161.129,75009.25842379902
814,,,,1217.0,6850.20453353539,-4613.473335766202,308,2,161.096,72841.13614197994
815,,,,1212.0,6855.20453353539,-4608.473335766202,309,2,161.045,112625.46462555446
816,,,,1223.0,6861.20453353539,-4602.473335766202,310,2,160.993,114897.56644965825
817,,,,1220.0,6866.20453353539,-4597.473335766202,311,2,160.951,92842.40079847325
818,,,,1214.0,6871.20453353539,-4592.473335766202,312,2,160.917,75195.10926718083
819,,,,1207.0,6876.20453353539,-4587.473335766202,313,2,160.883,75233.92904229929
820,,,,1202.0,6881.20453353539,-4582.473335766202,314,2,160.846,81913.67297469647
821,,,,1194.0,6886.20453353539,-4577.473335766202,315,2,160.802,97457.09229533868
822,,,,1179.0,6891.20453353539,-4572.473335766202,316,2,160.747,121872.29596040954
823,,,,1167.0,6896.20453353539,-4567.473335766202,317,2,160.687,133000.4764819499
824,,,,1151.0,6901.20453353539,-4562.473335766202,318,2,160.616,157433.8181369305
825,,,,1136.0,6906.20453353539,-4557.473335766202,319,2,160.546,155260.7322279984
826,,,,1120.0,6911.20453353539,-4552.473335766202,320,2,160.471,166396.06093061954
827,,,,1104.0,6916.20453353539,-4547.473335766202,321,2,160.391,177531.77752316633
828,,,,1101.0,6921.20453353539,-4542.473335766202,322,2,160.306,188666.81007470647
829,,,,1091.0,6926.20453353539,-4537.473335766202,323,2,160.234,159849.0432849253
830,,,,1087.0,6931.20453353539,-4532.473335766202,324,2,160.163,157672.33686410627
831,,,,1077.0,6936.20453353539,-4527.473335766202,325,2,160.096,148832.58915628536
832,,,,1075.0,6941.20453353539,-4522.473335766202,326,2,160.019,171092.74407245242
833,,,,1071.0,6946.20453353539,-4517.473335766202,327,2,159.956,140024.54312397
834,,,,1069.0,6951.20453353539,-4512.473335766202,328,2,159.927,64483.59263421804
835,,,,1058.0,6956.20453353539,-4507.473335766202,329,2,159.855,160161.76786630307
836,,,,1048.0,6961.20453353539,-4502.473335766202,330,2,159.789,146857.07928655302
837,,,,1043.0,6966.20453353539,-4497.473335766202,331,2,159.719,155803.0654670426
838,,,,1033.0,6971.20453353539,-4492.473335766202,332,2,159.652,149168.83772635815
839,,,,1027.0,6976.20453353539,-4487.473335766202,333,2,159.582,155892.91746408935
840,,,,1018.0,6981.20453353539,-4482.473335766202,334,2,159.501,180434.27858007507
841,,,,1011.0,6986.20453353539,-4477.473335766202,335,2,159.416,189381.64825384572
842,,,,997.0,6991.20453353539,-4472.473335766202,336,2,159.339,171593.06788370057
843,,,,989.0,6996.20453353539,-4467.473335766202,337,2,159.265,164947.38744101304
844,,,,980.0,7001.20453353539,-4462.473335766202,338,2,159.192,162759.52922588718
845,,,,980.0,7006.20453353539,-4457.473335766202,339,2,159.119,162801.09390303213
846,,,,987.0,7011.20453353539,-4452.473335766202,340,2,159.059,133848.66216427847
847,,,,997.0,7016.20453353539,-4447.473335766202,341,2,158.983,169590.02689133963
848,,,,989.0,7021.20453353539,-4442.473335766202,342,2,158.93,118303.00643409524
849,,,,984.0,7026.20453353539,-4437.473335766202,343,2,158.844,192016.08027184047
850,,,,972.0,7031.20453353539,-4432.473335766202,344,2,158.778,147395.5062591437
851,,,,965.0,7036.20453353539,-4427.473335766202,345,2,158.731,105000.73846619292
852,,,,953.0,7041.20453353539,-4422.473335766202,346,2,158.685,102809.58499794951
853,,,,943.0,7046.20453353539,-4417.473335766202,347,2,158.634,114030.62339525882
854,,,,928.0,7051.20453353539,-4412.473335766202,348,2,158.586,107365.58890208912
855,,,,920.0,7056.20453353539,-4407.473335766202,349,2,158.529,127544.81313720491
856,,,,915.0,7061.20453353539,-4402.473335766202,350,2,158.461,152206.52330576943
857,,,,914.0,7066.20453353539,-4397.473335766202,351,2,158.397,143294.93990961308
858,,,,911.0,7071.20453353539,-4392.473335766202,352,2,158.347,111988.08043846847
859,,,,907.0,7076.20453353539,-4387.473335766202,353,2,158.303,98589.92728396013
860,,,,903.0,7081.20453353539,-4382.473335766202,354,2,158.253,112079.88911591691
861,,,,898.0,7086.20453353539,-4377.473335766202,355,2,158.195,130060.08462921968
862,,,,894.0,7091.20453353539,-4372.473335766202,356,2,158.138,127861.37421126344
863,,,,885.0,7096.20453353539,-4367.473335766202,357,2,158.091,105469.20618145542
864,,,,875.0,7101.20453353539,-4362.473335766202,358,2,158.035,125713.02152465691
865,,,,853.0,7106.20453353539,-4357.473335766202,359,2,157.974,136983.0998947329
866,,,,848.0,7111.20453353539,-4352.473335766202,360,2,157.901,163976.37643817888
867,,,,845.0,7116.20453353539,-4347.473335766202,361,2,157.851,112347.79069366887
868,,,,848.0,7121.20453353539,-4342.473335766202,362,2,157.799,116886.02697252632
869,,,,849.0,7126.20453353539,-4337.473335766202,363,2,157.759,89949.23400778044
870,,,,838.0,7131.20453353539,-4332.473335766202,364,2,157.706,119231.20822309617
871,,,,837.0,7136.20453353539,-4327.473335766202,365,2,157.658,108024.0963126691
872,,,,835.0,7141.20453353539,-4322.473335766202,366,2,157.614,99062.56077061895
873,,,,826.0,7146.20453353539,-4317.473335766202,367,2,157.577,83339.51606580729
874,,,,818.0,7151.20453353539,-4312.473335766202,368,2,157.517,135198.09847739313
875,,,,804.0,7156.20453353539,-4307.473335766202,369,2,157.476,92420.32771990125
876,,,,795.0,7161.20453353539,-4302.473335766202,370,2,157.436,90205.96968256992
877,,,,786.0,7166.20453353539,-4297.473335766202,371,2,157.346,203021.29759278803
878,,,,775.0,7171.20453353539,-4292.473335766202,372,2,157.276,157935.30989248262
879,,,,765.0,7176.20453353539,-4287.473335766202,373,2,157.206,157975.10078811808
880,,,,753.0,7181.20453353539,-4282.473335766202,374,2,157.135,160271.63801359478
881,,,,745.0,7186.20453353539,-4277.473335766202,375,2,157.075,135478.6395889344
882,,,,728.0,7191.20453353539,-4272.473335766202,376,2,157.021,121971.34327493253
883,,,,718.0,7196.20453353539,-4267.473335766202,377,2,156.944,173970.43944059664
884,,,,708.0,7201.20453353539,-4262.473335766202,378,2,156.864,180783.6473807379
885,,,,692.0,7206.20453353539,-4257.473335766202,379,2,156.778,194374.48259843994
886,,,,676.0,7211.20453353539,-4252.473335766202,380,2,156.69,198922.403919194
887,,,,664.0,7216.20453353539,-4247.473335766202,381,2,156.604,194428.24814909606
888,,,,650.0,7221.20453353539,-4242.473335766202,382,2,156.518,194456.14851170027
889,,,,634.0,7226.20453353539,-4237.473335766202,383,2,156.431,196744.71298316223
890,,,,620.0,7231.20453353539,-4232.473335766202,384,2,156.35,183204.45420154143
891,,,,610.0,7236.20453353539,-4227.473335766202,385,2,156.273,174189.7056813283
892,,,,614.0,7241.20453353539,-4222.473335766202,386,2,156.223,113142.37259554517
893,,,,616.0,7246.20453353539,-4217.473335766202,387,2,156.132,205968.32775361117
894,,,,629.0,7251.20453353539,-4212.473335766202,388,2,156.068,144884.86754364797
895,,,,638.0,7256.20453353539,-4207.473335766202,389,2,155.994,167564.54173669274
896,,,,641.0,7261.20453353539,-4202.473335766202,390,2,155.956,86075.04466100658
905,,,,763.0,7306.20453353539,-4157.473335766202,399,2,155.937,43296.32696092878
906,,,,769.0,7311.20453353539,-4152.473335766202,400,2,155.923,31921.011441619663
923,,,,925.0,7396.20453353539,-4067.473335766202,417,2,155.915,18451.34103465142
931,,,,970.0,7436.20453353539,-4027.473335766202,425,2,155.908,16231.45724383584
935,,,,1020.0,7456.20453353539,-4007.473335766202,429,2,155.903,11624.632959020444
936,,,,1032.0,7461.20453353539,-4002.473335766202,430,2,155.862,95371.83968729668
937,,,,1046.0,7466.20453353539,-3997.473335766202,431,2,155.854,18618.683298960746
944,,,,1111.0,7501.20453353539,-3962.473335766202,438,2,155.813,95852.99444754735
950,,,,1149.0,7531.20453353539,-3932.473335766202,444,2,155.776,86825.69810773878
951,,,,1160.0,7536.20453353539,-3927.473335766202,445,2,155.742,79820.55437189534
952,,,,1172.0,7541.20453353539,-3922.473335766202,446,2,155.714,65765.09517749058
953,,,,1187.0,7546.20453353539,-3917.473335766202,447,2,155.695,44649.164144103546
956,,,,1231.0,7561.20453353539,-3902.473335766202,450,2,155.674,49440.81858241841
957,,,,1253.0,7566.20453353539,-3897.473335766202,451,2,155.606,160154.1540095533
958,,,,1267.0,7571.20453353539,-3892.473335766202,452,2,155.565,96593.51072208687
961,,,,1326.0,7586.20453353539,-3877.473335766202,455,2,155.542,54282.79067772655
964,,,,1366.0,7601.20453353539,-3862.473335766202,458,2,155.507,82752.14741329967
966,,,,1403.0,7611.20453353539,-3852.473335766202,460,2,155.498,21304.10399360401
967,,,,1412.0,7616.20453353539,-3847.473335766202,461,2,155.449,116043.56160332052
971,,,,1467.0,7636.20453353539,-3827.473335766202,465,2,155.428,49852.32749224513
972,,,,1474.0,7641.20453353539,-3822.473335766202,466,2,155.425,7125.874058555744
985,,,,1684.0,7706.20453353539,-3757.473335766202,479,2,155.412,31139.85548168955
1016,,,,2126.0,7861.20453353539,-3602.473335766202,510,2,155.373,95282.63358727537
1017,,,,2125.0,7866.20453353539,-3597.473335766202,511,2,155.302,173512.1496353786
1018,,,,2128.0,7871.20453353539,-3592.473335766202,512,2,155.257,110001.3033928292
1034,,,,2241.0,7952.20453353539,-3511.473335766202,528,2,155.221,88883.4441298714
1035,,,,2235.0,7957.20453353539,-3506.473335766202,529,2,155.146,185224.02745952547
1036,,,,2229.0,7962.20453353539,-3501.473335766202,530,2,155.073,180311.98035773184
1037,,,,2232.0,7967.20453353539,-3496.473335766202,531,2,154.99,205037.8331603675
1038,,,,2227.0,7972.20453353539,-3491.473335766202,532,2,154.906,207526.56087446446
1039,,,,2218.0,7977.20453353539,-3486.473335766202,533,2,154.807,244593.75082183414
1040,,,,2209.0,7982.20453353539,-3481.473335766202,534,2,154.73,190250.64864166017
1041,,,,2200.0,7987.20453353539,-3476.473335766202,535,2,154.607,303900.7603211755
1042,,,,2183.0,7992.20453353539,-3471.473335766202,536,2,154.553,133426.97749374632
1043,,,,2169.0,7997.20453353539,-3466.473335766202,537,2,154.478,185353.80856519504
1044,,,,2157.0,8002.20453353539,-3461.473335766202,538,2,154.384,232328.22828391552
1045,,,,2152.0,8007.20453353539,-3456.473335766202,539,2,154.299,210093.47294710032
1046,,,,2145.0,8012.20453353539,-3451.473335766202,540,2,154.227,177982.0859457816
1047,,,,2137.0,8017.20453353539,-3446.473335766202,541,2,154.157,173066.43220086757
1048,,,,2126.0,8022.20453353539,-3441.473335766202,542,2,154.087,173095.7489965092
1049,,,,2113.0,8027.20453353539,-3436.473335766202,543,2,153.996,225047.11814172164
1050,,,,2108.0,8032.20453353539,-3431.473335766202,544,2,153.917,195384.39536824325
1051,,,,2096.0,8037.20453353539,-3426.473335766202,545,2,153.849,168203.3237518574
1052,,,,2086.0,8042.20453353539,-3421.473335766202,546,2,153.782,165760.1053313014
1053,,,,2074.0,8047.20453353539,-3416.473335766202,547,2,153.7,202898.3846392579
1054,,,,2067.0,8052.20453353539,-3411.473335766202,548,2,153.618,202916.1662126206
1055,,,,2064.0,8057.20453353539,-3406.473335766202,549,2,153.541,190562.90232334266
1056,,,,2055.0,8062.20453353539,-3401.473335766202,550,2,153.458,205432.36455603503
1057,,,,2046.0,8067.20453353539,-3396.473335766202,551,2,153.381,190600.63883363633
1058,,,,2033.0,8072.20453353539,-3391.473335766202,552,2,153.296,210422.55492715747
1059,,,,2031.0,8077.20453353539,-3386.473335766202,553,2,153.199,240135.4119400256
1060,,,,2024.0,8082.20453353539,-3381.473335766202,554,2,153.1,245081.54547536274
1061,,,,2022.0,8087.20453353539,-3376.473335766202,555,2,153.008,227751.33649229523
1062,,,,2016.0,8092.20453353539,-3371.473335766202,556,2,152.917,225280.29814490536
1063,,,,2013.0,8097.20453353539,-3366.473335766202,557,2,152.827,222810.45326112042
1064,,,,2010.0,8102.20453353539,-3361.473335766202,558,2,152.738,220341.7614177836
1065,,,,1999.0,8107.20453353539,-3356.473335766202,559,2,152.665,180745.4147893561
1066,,,,1991.0,8112.20453353539,-3351.473335766202,560,2,152.587,193148.7993451254
1067,,,,1981.0,8117.20453353539,-3346.473335766202,561,2,152.511,188217.25802669977
1068,,,,1968.0,8122.20453353539,-3341.473335766202,562,2,152.442,170905.4540989213
1069,,,,1961.0,8127.20453353539,-3336.473335766202,563,2,152.355,215511.83773813816
1070,,,,1946.0,8132.20453353539,-3331.473335766202,564,2,152.268,215521.3191208391
1071,,,,1935.0,8137.20453353539,-3326.473335766202,565,2,152.171,240296.39386556394
1072,,,,1925.0,8142.20453353539,-3321.473335766202,566,2,152.079,227908.4470981508
1073,,,,1919.0,8147.20453353539,-3316.473335766202,567,2,151.987,227910.48621987752
1074,,,,1911.0,8152.20453353539,-3311.473335766202,568,2,151.894,230388.90612451342
1075,,,,1904.0,8157.20453353539,-3306.473335766202,569,2,151.805,220482.80250708124
1076,,,,1896.0,8162.20453353539,-3301.473335766202,570,2,151.726,195721.08623723304
1077,,,,1890.0,8167.20453353539,-3296.473335766202,571,2,151.646,198216.09389984683
1078,,,,1881.0,8172.20453353539,-3291.473335766202,572,2,151.562,208141.73454509012
1079,,,,1868.0,8177.20453353539,-3286.473335766202,573,2,151.475,215585.61112996325
1080,,,,1854.0,8182.20453353539,-3281.473335766202,574,2,151.382,230457.52641237577
1081,,,,1848.0,8187.20453353539,-3276.473335766202,575,2,151.291,225502.16395788718
1082,,,,1832.0,8192.20453353539,-3271.473335766202,576,2,151.208,205685.0953727596
1083,,,,1823.0,8197.20453353539,-3266.473335766202,577,2,151.121,215607.9804994452
1084,,,,1810.0,8202.20453353539,-3261.473335766202,578,2,151.05,175971.25257330242
1085,,,,1800.0,8207.20453353539,-3256.473335766202,579,2,150.981,171039.28328034942
1086,,,,1790.0,8212.20453353539,-3251.473335766202,580,2,150.901,198329.338319379
1087,,,,1782.0,8217.20453353539,-3246.473335766202,581,2,150.819,203302.1860524351
1088,,,,1767.0,8222.20453353539,-3241.473335766202,582,2,150.741,193400.06393230558
1089,,,,1757.0,8227.20453353539,-3236.473335766202,583,2,150.653,218207.44731992742
1090,,,,1742.0,8232.20453353539,-3231.473335766202,584,2,150.576,190942.96293628507
1091,,,,1733.0,8237.20453353539,-3226.473335766202,585,2,150.497,195919.99056143165
1092,,,,1725.0,8242.20453353539,-3221.473335766202,586,2,150.444,131462.11554997746
1093,,,,1709.0,8247.20453353539,-3216.473335766202,587,2,150.389,136456.72047898427
1094,,,,1695.0,8252.20453353539,-3211.473335766202,588,2,150.338,126564.69635062144
1095,,,,1680.0,8257.20453353539,-3206.473335766202,589,2,150.276,153898.3395858997
1096,,,,1665.0,8262.20453353539,-3201.473335766202,590,2,150.21,163856.66823662462
1097,,,,1655.0,8267.20453353539,-3196.473335766202,591,2,150.138,178778.76100116348
1098,,,,1648.0,8272.20453353539,-3191.473335766202,592,2,150.082,139074.9497232765
1099,,,,1632.0,8277.20453353539,-3186.473335766202,593,2,150.034,119237.83275775686
1100,,,,1615.0,8282.20453353539,-3181.473335766202,594,2,149.981,131693.6364358101
1101,,,,1603.0,8287.20453353539,-3176.473335766202,595,2,149.904,191361.04152851854
1102,,,,1591.0,8292.20453353539,-3171.473335766202,596,2,149.834,173984.2161730812
1103,,,,1582.0,8297.20453353539,-3166.473335766202,597,2,149.761,181463.47243240973
1104,,,,1580.0,8302.20453353539,-3161.473335766202,598,2,149.686,186455.26807148964
1105,,,,1582.0,8307.20453353539,-3156.473335766202,599,2,149.607,196416.76514999644
1106,,,,1587.0,8312.20453353539,-3151.473335766202,600,2,149.533,184001.951948002
1107,,,,1585.0,8317.20453353539,-3146.473335766202,601,2,149.464,171590.52507000134
1108,,,,1584.0,8322.20453353539,-3141.473335766202,602,2,149.394,174101.01817381542
1109,,,,1589.0,8327.20453353539,-3136.473335766202,603,2,149.316,194018.70276457118
1110,,,,1597.0,8332.20453353539,-3131.473335766202,604,2,149.243,181598.78969294752
1111,,,,1615.0,8337.20453353539,-3126.473335766202,605,2,149.18,156744.8560761782
1112,,,,1626.0,8342.20453353539,-3121.473335766202,606,2,149.135,111987.21354401206
1113,,,,1634.0,8347.20453353539,-3116.473335766202,607,2,149.104,77173.31991913286
1126,,,,1719.0,8412.20453353539,-3051.473335766202,620,2,149.083,52676.61069810531
1127,,,,1712.0,8417.20453353539,-3046.473335766202,621,2,149.042,102884.54316396179
1128,,,,1710.0,8422.20453353539,-3041.473335766202,622,2,148.995,117976.04291037309
1129,,,,1714.0,8427.20453353539,-3036.473335766202,623,2,148.964,77839.80450385266
1130,,,,1728.0,8432.20453353539,-3031.473335766202,624,2,148.945,47728.5627872526
1131,,,,1743.0,8437.20453353539,-3026.473335766202,625,2,148.932,32672.23927288012
1132,,,,1753.0,8442.20453353539,-3021.473335766202,626,2,148.91,55317.747818877724
1133,,,,1754.0,8447.20453353539,-3016.473335766202,627,2,148.874,90555.92477331833
1134,,,,1756.0,8452.20453353539,-3011.473335766202,628,2,148.844,75491.20287945554
1135,,,,1752.0,8457.20453353539,-3006.473335766202,629,2,148.827,42796.89702192392
1136,,,,1743.0,8462.20453353539,-3001.473335766202,630,2,148.805,55409.70291393276
1137,,,,1739.0,8467.20453353539,-2996.473335766202,631,2,148.79,37796.96599739921
1138,,,,1732.0,8472.20453353539,-2991.473335766202,632,2,148.763,68065.10664027727
1139,,,,1731.0,8477.20453353539,-2986.473335766202,633,2,148.732,78179.70484384235
1140,,,,1724.0,8482.20453353539,-2981.473335766202,634,2,148.692,100912.44804726912
1141,,,,1719.0,8487.20453353539,-2976.473335766202,635,2,148.632,151406.97604373834
1142,,,,1716.0,8492.20453353539,-2971.473335766202,636,2,148.564,171621.74686133413
1143,,,,1718.0,8497.20453353539,-2966.473335766202,637,2,148.5,161549.66832319228
1144,,,,1723.0,8502.20453353539,-2961.473335766202,638,2,148.442,146430.37387861146
1145,,,,1726.0,8507.20453353539,-2956.473335766202,639,2,148.382,151508.54870773226
1146,,,,1733.0,8512.20453353539,-2951.473335766202,640,2,148.319,159111.5146302244
1147,,,,1733.0,8517.20453353539,-2946.473335766202,641,2,148.265,136407.5958262044
1148,,,,1733.0,8522.20453353539,-2941.473335766202,642,2,148.211,136437.97200929304
1149,,,,1728.0,8527.20453353539,-2936.473335766202,643,2,148.152,149101.7271132223
1150,,,,1724.0,8532.20453353539,-2931.473335766202,644,2,148.09,156711.0347962207
1151,,,,1721.0,8537.20453353539,-2926.473335766202,645,2,148.031,149154.68707682064
1152,,,,1712.0,8542.20453353539,-2921.473335766202,646,2,147.977,136542.28749639334
1153,,,,1705.0,8547.20453353539,-2916.473335766202,647,2,147.918,149215.43004157048
1154,,,,1697.0,8552.20453353539,-2911.473335766202,648,2,147.857,154301.22605031007
1155,,,,1692.0,8557.20453353539,-2906.473335766202,649,2,147.798,149268.83807537562
1156,,,,1692.0,8562.20453353539,-2901.473335766202,650,2,147.731,169535.4428206275
1157,,,,1687.0,8567.20453353539,-2896.473335766202,651,2,147.67,154376.407971082
1158,,,,1679.0,8572.20453353539,-2891.473335766202,652,2,147.606,161994.6410140107
1159,,,,1673.0,8577.20453353539,-2886.473335766202,653,2,147.539,169611.7751473887
1160,,,,1668.0,8582.20453353539,-2881.473335766202,654,2,147.46,200007.59865983174
1161,,,,1664.0,8587.20453353539,-2876.473335766202,655,2,147.388,182298.2459258836
1162,,,,1656.0,8592.20453353539,-2871.473335766202,656,2,147.315,184846.83704321206
1163,,,,1661.0,8597.20453353539,-2866.473335766202,657,2,147.24,189926.218603135
1164,,,,1661.0,8602.20453353539,-2861.473335766202,658,2,147.168,182344.16392626122
1165,,,,1660.0,8607.20453353539,-2856.473335766202,659,2,147.102,167167.57715351466
1166,,,,1656.0,8612.20453353539,-2851.473335766202,660,2,147.036,167189.6567276185
1167,,,,1653.0,8617.20453353539,-2846.473335766202,661,2,146.962,187474.6264853561
1168,,,,1649.0,8622.20453353539,-2841.473335766202,662,2,146.889,184955.9699799723
1169,,,,1632.0,8627.20453353539,-2836.473335766202,663,2,146.826,159638.18091278494
1170,,,,1610.0,8632.20453353539,-2831.473335766202,664,2,146.755,179931.8379803444
1171,,,,1594.0,8637.20453353539,-2826.473335766202,665,2,146.695,152075.26022196337
1172,,,,1580.0,8642.20453353539,-2821.473335766202,666,2,146.63,164773.35191194667
1173,,,,1567.0,8647.20453353539,-2816.473335766202,667,2,146.549,205349.4810128989
1174,,,,1554.0,8652.20453353539,-2811.473335766202,668,2,146.462,220561.6259241336
1175,,,,1541.0,8657.20453353539,-2806.473335766202,669,2,146.377,215489.2050636056
1176,,,,1524.0,8662.20453353539,-2801.473335766202,670,2,146.296,205350.66438295948
1177,,,,1509.0,8667.20453353539,-2796.473335766202,671,2,146.213,210424.53246468795
1178,,,,1495.0,8672.20453353539,-2791.473335766202,672,2,146.131,207891.89089643722
1179,,,,1489.0,8677.20453353539,-2786.473335766202,673,2,146.056,190152.47707797907
1180,,,,1475.0,8682.20453353539,-2781.473335766202,674,2,145.988,172419.8303738736
1181,,,,1454.0,8687.20453353539,-2776.473335766202,675,2,145.932,142014.24985608988
1182,,,,1436.0,8692.20453353539,-2771.473335766202,676,2,145.865,169936.06682017213
1183,,,,1411.0,8697.20453353539,-2766.473335766202,677,2,145.803,157275.1676170364
1184,,,,1394.0,8702.20453353539,-2761.473335766202,678,2,145.718,215634.40626478568
1185,,,,1382.0,8707.20453353539,-2756.473335766202,679,2,145.632,218168.58751267628
1186,,,,1381.0,8712.20453353539,-2751.473335766202,680,2,145.547,215628.9353289958
1187,,,,1367.0,8717.20453353539,-2746.473335766202,681,2,145.464,210554.59990621536
1188,,,,1356.0,8722.20453353539,-2741.473335766202,682,2,145.374,228307.3669912016
1189,,,,1345.0,8727.20453353539,-2736.473335766202,683,2,145.292,208009.53390144088
1190,,,,1335.0,8732.20453353539,-2731.473335766202,684,2,145.218,187722.66268879623
1191,,,,1320.0,8737.20453353539,-2726.473335766202,685,2,145.154,162370.53150793337
1192,,,,1306.0,8742.20453353539,-2721.473335766202,686,2,145.083,180149.0964211743
1193,,,,1284.0,8747.20453353539,-2716.473335766202,687,2,145.027,142108.48440457074
1194,,,,1263.0,8752.20453353539,-2711.473335766202,688,2,144.97,144672.44431233418
1195,,,,1253.0,8757.20453353539,-2706.473335766202,689,2,144.892,197993.70399897906
1196,,,,1241.0,8762.20453353539,-2701.473335766202,690,2,144.82,182773.1375870185
1197,,,,1225.0,8767.20453353539,-2696.473335766202,691,2,144.759,154866.69761863322
1198,,,,1205.0,8772.20453353539,-2691.473335766202,692,2,144.698,154889.73646742248
1199,,,,1182.0,8777.20453353539,-2686.473335766202,693,2,144.641,144756.49220417158
1200,,,,1163.0,8782.20453353539,-2681.473335766202,694,2,144.609,81288.08516235852
1201,,,,1157.0,8787.20453353539,-2676.473335766202,695,2,144.556,134670.45594380042
1202,,,,1142.0,8792.20453353539,-2671.473335766202,696,2,144.505,129615.65516812298
1203,,,,1130.0,8797.20453353539,-2666.473335766202,697,2,144.445,152517.13499790884
1204,,,,1138.0,8802.20453353539,-2661.473335766202,698,2,144.374,180499.317693147
1205,,,,1147.0,8807.20453353539,-2656.473335766202,699,2,144.306,172887.53872234616
1206,,,,1156.0,8812.20453353539,-2651.473335766202,700,2,144.238,172904.1946548923
1207,,,,1162.0,8817.20453353539,-2646.473335766202,701,2,144.183,139868.68218219193
1208,,,,1160.0,8822.20453353539,-2641.473335766202,702,2,144.145,96660.16637227277
1209,,,,1161.0,8827.20453353539,-2636.473335766202,703,2,144.118,68703.0244322026
1210,,,,1160.0,8832.20453353539,-2631.473335766202,704,2,144.114,10182.895908416158
1214,,,,1166.0,8852.20453353539,-2611.473335766202,708,2,144.113,2551.444356099488
1215,,,,1170.0,8857.20453353539,-2606.473335766202,709,2,144.105,20422.446209996982
1216,,,,1181.0,8862.20453353539,-2601.473335766202,710,2,144.092,33202.78987930765
1217,,,,1182.0,8867.20453353539,-2596.473335766202,711,2,144.075,43439.007389922146
1218,,,,1188.0,8872.20453353539,-2591.473335766202,712,2,144.061,35789.62135659946
1219,,,,1186.0,8877.20453353539,-2586.473335766202,713,2,144.052,23018.742267971556
1220,,,,1189.0,8882.20453353539,-2581.473335766202,714,2,144.041,28147.910457466867
1221,,,,1183.0,8887.20453353539,-2576.473335766202,715,2,144.029,30721.644119707642
1222,,,,1178.0,8892.20453353539,-2571.473335766202,716,2,144.012,43542.43126273866
1223,,,,1169.0,8897.20453353539,-2566.473335766202,717,2,143.981,79432.31138203533
1224,,,,1156.0,8902.20453353539,-2561.473335766202,718,2,143.945,92274.34113082108
1225,,,,1143.0,8907.20453353539,-2556.473335766202,719,2,143.92,64101.8108261687
1226,,,,1128.0,8912.20453353539,-2551.473335766202,720,2,143.886,87209.52189125435
1227,,,,1115.0,8917.20453353539,-2546.473335766202,721,2,143.842,112892.09474505878
1228,,,,1111.0,8922.20453353539,-2541.473335766202,722,2,143.802,102656.74403382267
1229,,,,1104.0,8927.20453353539,-2536.473335766202,723,2,143.764,97552.0989577993
1230,,,,1094.0,8932.20453353539,-2531.473335766202,724,2,143.733,79607.44221012773
1231,,,,1090.0,8937.20453353539,-2526.473335766202,725,2,143.698,89909.03726974262
1232,,,,1081.0,8942.20453353539,-2521.473335766202,726,2,143.66,97645.33239323922
1233,,,,1076.0,8947.20453353539,-2516.473335766202,727,2,143.631,74543.08879166421
1234,,,,1065.0,8952.20453353539,-2511.473335766202,728,2,143.607,61713.919819289666
1235,,,,1052.0,8957.20453353539,-2506.473335766202,729,2,143.585,56593.62465666988
1236,,,,1036.0,8962.20453353539,-2501.473335766202,730,2,143.569,41176.52609001547
1237,,,,1039.0,8967.20453353539,-2496.473335766202,731,2,143.559,25747.355033026077
1238,,,,1036.0,8972.20453353539,-2491.473335766202,732,2,143.557,5152.126953725695
1239,,,,1036.0,8977.20453353539,-2486.473335766202,733,2,143.546,28351.205885096588
1240,,,,1030.0,8982.20453353539,-2481.473335766202,734,2,143.53,41257.20557868443
1241,,,,1025.0,8987.20453353539,-2476.473335766202,735,2,143.509,54173.24224416947
1242,,,,1017.0,8992.20453353539,-2471.473335766202,736,2,143.485,61937.00994946794
1243,,,,1008.0,8997.20453353539,-2466.473335766202,737,2,143.452,85193.81894892838
1244,,,,1003.0,9002.20453353539,-2461.473335766202,738,2,143.42,82639.37340624726
1245,,,,994.0,9007.20453353539,-2456.473335766202,739,2,143.405,38752.37160493408
1246,,,,983.0,9012.20453353539,-2451.473335766202,740,2,143.377,72367.06513499595
1247,,,,969.0,9017.20453353539,-2446.473335766202,741,2,143.332,116339.11625728407
1248,,,,970.0,9022.20453353539,-2441.473335766202,742,2,143.246,222358.61844974887
1249,,,,970.0,9027.20453353539,-2436.473335766202,743,2,143.199,121532.48732259398
1250,,,,972.0,9032.20453353539,-2431.473335766202,744,2,143.161,98285.55942850962
1251,,,,966.0,9037.20453353539,-2426.473335766202,745,2,143.14,54334.57459830886
1252,,,,955.0,9042.20453353539,-2421.473335766202,746,2,143.133,18119.773128940815
1262,,,,870.0,9092.20453353539,-2371.473335766202,756,2,143.09,111903.11650270688
1263,,,,865.0,9097.20453353539,-2366.473335766202,757,2,142.986,270659.15595014463
1264,,,,865.0,9102.20453353539,-2361.473335766202,758,2,142.961,65068.701993711926
1265,,,,875.0,9107.20453353539,-2356.473335766202,759,2,142.866,247293.07026964496
1266,,,,876.0,9112.20453353539,-2351.473335766202,760,2,142.79,197824.6482656573
1267,,,,880.0,9117.20453353539,-2346.473335766202,761,2,142.71,208236.9515459069
1268,,,,880.0,9122.20453353539,-2341.473335766202,762,2,142.609,262876.5658056798
1269,,,,884.0,9127.20453353539,-2336.473335766202,763,2,142.517,239421.1054242844
1270,,,,885.0,9132.20453353539,-2331.473335766202,764,2,142.4,304424.677332487
1271,,,,878.0,9137.20453353539,-2326.473335766202,765,2,142.339,158704.8273821527
1272,,,,871.0,9142.20453353539,-2321.473335766202,766,2,142.245,244562.16268731837
1273,,,,871.0,9147.20453353539,-2316.473335766202,767,2,142.15,247134.82716490282
1274,,,,875.0,9152.20453353539,-2311.473335766202,768,2,142.055,247104.71749807248
1275,,,,867.0,9157.20453353539,-2306.473335766202,769,2,141.97,221074.37649919878
1276,,,,868.0,9162.20453353539,-2301.473335766202,770,2,141.877,241861.77713140126
1277,,,,873.0,9167.20453353539,-2296.473335766202,771,2,141.79,226237.7065320969
1278,,,,879.0,9172.20453353539,-2291.473335766202,772,2,141.701,231421.1317520633
1279,,,,884.0,9177.20453353539,-2286.473335766202,773,2,141.626,195011.23716544406
1280,,,,878.0,9182.20453353539,-2281.473335766202,774,2,141.55,197613.67627510263
1281,,,,878.0,9187.20453353539,-2276.473335766202,775,2,141.47,208013.0101665274
1282,,,,868.0,9192.20453353539,-2271.473335766202,776,2,141.395,195011.47015335708
1283,,,,851.0,9197.20453353539,-2266.473335766202,777,2,141.31,221008.1351505361
1284,,,,836.0,9202.20453353539,-2261.473335766202,778,2,141.249,158610.10835828315
1285,,,,816.0,9207.20453353539,-2256.473335766202,779,2,141.18,179426.32827489867
1286,,,,803.0,9212.20453353539,-2251.473335766202,780,2,141.103,200234.55239017302
1287,,,,784.0,9217.20453353539,-2246.473335766202,781,2,141.028,195034.43491885983
1288,,,,776.0,9222.20453353539,-2241.473335766202,782,2,140.968,156037.48737833666
1289,,,,763.0,9227.20453353539,-2236.473335766202,783,2,140.92,124849.83511436748
1290,,,,752.0,9232.20453353539,-2231.473335766202,784,2,140.878,109267.90447193479
1291,,,,743.0,9237.20453353539,-2226.473335766202,785,2,140.829,127507.07369884725
1292,,,,727.0,9242.20453353539,-2221.473335766202,786,2,140.776,137940.5034063033
1293,,,,716.0,9247.20453353539,-2216.473335766202,787,2,140.696,208226.33235709442
1294,,,,708.0,9252.20453353539,-2211.473335766202,788,2,140.638,150971.6631937645
1295,,,,693.0,9257.20453353539,-2206.473335766202,789,2,140.583,143182.61738691234
1296,,,,680.0,9262.20453353539,-2201.473335766202,790,2,140.523,156219.6760562459
1297,,,,670.0,9267.20453353539,-2196.473335766202,791,2,140.461,161444.04431631308
1298,,,,658.0,9272.20453353539,-2191.473335766202,792,2,140.407,140630.33931795633
1299,,,,643.0,9277.20453353539,-2186.473335766202,793,2,140.359,125026.73318700942
1300,,,,649.0,9282.20453353539,-2181.473335766202,794,2,140.32,101607.4755644999
1301,,,,658.0,9287.20453353539,-2176.473335766202,795,2,140.278,109450.78274344461
1302,,,,659.0,9292.20453353539,-2171.473335766202,796,2,140.233,117295.45136576197
1303,,,,652.0,9297.20453353539,-2166.473335766202,797,2,140.204,75611.12428535138
1306,,,,629.0,9312.20453353539,-2151.473335766202,800,2,140.167,96602.26759907452
1307,,,,619.0,9317.20453353539,-2146.473335766202,801,2,140.12,122740.09143327088
1308,,,,617.0,9322.20453353539,-2141.473335766202,802,2,140.081,101871.55026758583
1309,,,,612.0,9327.20453353539,-2136.473335766202,803,2,140.03,133245.28204371763
1310,,,,608.0,9332.20453353539,-2131.473335766202,804,2,139.979,133268.16422073418
1311,,,,597.0,9337.20453353539,-2126.473335766202,805,2,139.924,143743.13583027644
1312,,,,588.0,9342.20453353539,-2121.473335766202,806,2,139.888,94106.19365775734
1313,,,,582.0,9347.20453353539,-2116.473335766202,807,2,139.853,91517.87201954142
1314,,,,578.0,9352.20453353539,-2111.473335766202,808,2,139.809,115080.07386736241
1315,,,,575.0,9357.20453353539,-2106.473335766202,809,2,139.757,136029.72461634284
1316,,,,570.0,9362.20453353539,-2101.473335766202,810,2,139.703,141283.53066286258
1317,,,,562.0,9367.20453353539,-2096.473335766202,811,2,139.64,164849.77000876016
1318,,,,555.0,9372.20453353539,-2091.473335766202,812,2,139.581,154398.06300143228
1319,,,,543.0,9377.20453353539,-2086.473335766202,813,2,139.524,149181.806265915
1320,,,,541.0,9382.20453353539,-2081.473335766202,814,2,139.448,198920.2995978198
1321,,,,540.0,9388.20453353539,-2075.473335766202,815,2,139.368,209406.53081780902
1322,,,,526.0,9393.20453353539,-2070.473335766202,816,2,139.297,185846.57123496704
1323,,,,513.0,9398.20453353539,-2065.473335766202,817,2,139.231,172765.76541289853
1324,,,,503.0,9403.20453353539,-2060.473335766202,818,2,139.158,191095.65560272566
1325,,,,490.0,9408.20453353539,-2055.473335766202,819,2,139.105,138751.62656009625
1326,,,,484.0,9413.20453353539,-2050.473335766202,820,2,139.046,154479.24299823018
1327,,,,470.0,9418.20453353539,-2045.473335766202,821,2,138.996,130932.8212456177
1328,,,,467.0,9423.20453353539,-2040.473335766202,822,2,138.939,149285.18606564793
1329,,,,465.0,9428.20453353539,-2035.473335766202,823,2,138.887,136208.81834214853
1330,,,,473.0,9433.20453353539,-2030.473335766202,824,2,138.825,162422.27403989615
1331,,,,472.0,9438.20453353539,-2025.473335766202,825,2,138.776,128382.69581892675
1332,,,,474.0,9443.20453353539,-2020.473335766202,826,2,138.739,96963.34352660683
1333,,,,472.0,9448.20453353539,-2015.473335766202,827,2,138.73,23594.25477347793
1333,,,,472.0,9448.20453353539,-2015.473335766202,827,2,138.73,3.2832756372207713e8
