leg,tickLead,tickRace,distance,area
0,-1972.0,-10044.0,168.148,0.0
0,-1942.0,-10014.0,168.146,0.0
0,-1852.0,-9924.0,168.145,0.0
1,-26.0,-8098.0,168.066,0.0
1,-16.0,-8088.0,167.939,0.0
1,-6.0,-8078.0,167.738,0.0
1,2.0,-8070.0,167.597,0.0
1,3.0,-8069.0,167.578,0.0
1,13.0,-8059.0,167.435,0.0
1,53.0,-8019.0,167.279,0.0
1,63.0,-8009.0,167.095,0.0
1,73.0,-7999.0,166.92,0.0
1,83.0,-7989.0,166.75,0.0
1,93.0,-7979.0,166.595,0.0
1,103.0,-7969.0,166.426,0.0
1,143.0,-7929.0,166.415,0.0
1,194.0,-7878.0,166.403,0.0
1,244.0,-7828.0,166.375,0.0
1,294.0,-7778.0,166.35,0.0
1,314.0,-7758.0,166.334,0.0
1,334.0,-7738.0,166.226,0.0
1,344.0,-7728.0,166.051,0.0
1,354.0,-7718.0,165.857,0.0
1,364.0,-7708.0,165.667,0.0
1,374.0,-7698.0,165.52,0.0
1,384.0,-7688.0,165.357,0.0
1,394.0,-7678.0,165.167,0.0
2,404.0,-7668.0,164.954,5.545895187629213e-10
2,414.0,-7658.0,164.75,5.436160387831584e-10
2,424.0,-7648.0,164.535,5.860218392421683e-10
2,434.0,-7638.0,164.331,5.68429240024375e-10
2,444.0,-7628.0,164.157,4.954379435678284e-10
2,454.0,-7618.0,163.984,5.031529116872659e-10
2,464.0,-7608.0,163.819,4.899507035263123e-10
2,474.0,-7598.0,163.665,4.666880557837865e-10
2,485.0,-7587.0,163.467,6.132922754418528e-10
2,495.0,-7577.0,163.287,5.68376552914484e-10
2,505.0,-7567.0,163.117,5.470579186051454e-10
2,515.0,-7557.0,162.977,4.5900309057351423e-10
2,525.0,-7547.0,162.861,3.8739727455113725e-10
2,535.0,-7537.0,162.7,5.474564398696978e-10
2,545.0,-7527.0,162.536,5.675138939684818e-10
2,555.0,-7517.0,162.357,6.301209301713415e-10
2,565.0,-7507.0,162.183,6.228786784299554e-10
2,575.0,-7497.0,162.028,5.64111334038297e-10
2,585.0,-7487.0,161.845,6.768917749558619e-10
2,595.0,-7477.0,161.657,7.064628385344829e-10
2,605.0,-7467.0,161.5,5.992473632965635e-10
2,615.0,-7457.0,161.317,7.092839617137824e-10
2,625.0,-7447.0,161.129,7.396604500429501e-10
2,635.0,-7437.0,160.938,7.62589563607127e-10
2,645.0,-7427.0,160.766,6.967583136971373e-10
2,655.0,-7417.0,160.576,7.807283148482723e-10
2,665.0,-7407.0,160.393,7.625588420712463e-10
2,675.0,-7397.0,160.225,7.09804081411455e-10
2,685.0,-7387.0,160.042,7.837749696785784e-10
2,695.0,-7377.0,159.869,7.509268239375468e-10
2,705.0,-7367.0,159.697,7.565117321427751e-10
2,715.0,-7357.0,159.573,5.526158997835904e-10
2,725.0,-7347.0,159.412,7.268949987728202e-10
2,735.0,-7337.0,159.26,6.950441143134493e-10
2,745.0,-7327.0,159.16,4.6312065176928396e-10
2,836.0,-7236.0,159.041,6.180054656121125e-10
2,846.0,-7226.0,158.893,7.771531103077666e-10
2,856.0,-7216.0,158.731,8.598835226719406e-10
2,866.0,-7206.0,158.569,8.690414990406302e-10
2,876.0,-7196.0,158.445,6.722669644501506e-10
2,886.0,-7186.0,158.307,7.560834137567565e-10
2,896.0,-7176.0,158.15,8.690803002754505e-10
2,906.0,-7166.0,157.99,8.946747204753946e-10
2,916.0,-7156.0,157.853,7.737930664694302e-10
2,926.0,-7146.0,157.69,9.298109969678444e-10
2,936.0,-7136.0,157.514,1.0137194369354655e-9
2,946.0,-7126.0,157.381,7.734746403391952e-10
2,956.0,-7116.0,157.253,7.516420191015513e-10
2,976.0,-7096.0,157.233,1.198446543071333e-10
2,1006.0,-7066.0,157.171,3.828382037864205e-10
2,1026.0,-7046.0,157.129,2.644104219329411e-10
2,1036.0,-7036.0,157.115,8.897998380060403e-11
2,1076.0,-6996.0,157.094,1.3860781697707782e-10
2,1086.0,-6986.0,157.062,2.1313888975702696e-10
2,1107.0,-6965.0,157.036,1.7649145234042899e-10
2,1127.0,-6945.0,156.997,2.694643697193707e-10
2,1187.0,-6885.0,156.942,4.001254872528259e-10
2,1197.0,-6875.0,156.8,1.0411005897521175e-9
2,1207.0,-6865.0,156.698,7.53493921887512e-10
2,1217.0,-6855.0,156.634,4.764450728176408e-10
2,1267.0,-6805.0,156.532,7.901124931175448e-10
2,1277.0,-6795.0,156.414,9.206188149440589e-10
2,1498.0,-6574.0,156.315,9.054254572162662e-10
2,1799.0,-6273.0,156.268,5.159788654694147e-10
2,1839.0,-6233.0,156.262,6.73228090365754e-11
2,1989.0,-6083.0,156.246,1.9415717406102925e-10
2,1999.0,-6073.0,156.198,5.852800994991502e-10
2,2009.0,-6063.0,156.131,8.207380860062564e-10
2,2100.0,-5972.0,156.079,6.65590300802545e-10
2,2110.0,-5962.0,155.885,2.4930225249185274e-9
2,2120.0,-5952.0,155.696,2.437284176389147e-9
2,2130.0,-5942.0,155.528,2.1742000547216944e-9
2,2140.0,-5932.0,155.349,2.3248392738199344e-9
2,2150.0,-5922.0,155.172,2.3069609292951543e-9
2,2160.0,-5912.0,155.008,2.145106840713721e-9
2,2170.0,-5902.0,154.854,2.021558490161095e-9
2,2180.0,-5892.0,154.664,2.502842621173633e-9
2,2190.0,-5882.0,154.475,2.498027722462723e-9
2,2200.0,-5872.0,154.29,2.453352832029539e-9
2,2210.0,-5862.0,154.082,2.767375445089212e-9
2,2220.0,-5852.0,153.891,2.549391434122374e-9
2,2230.0,-5842.0,153.715,2.3569472898852088e-9
2,2240.0,-5832.0,153.53,2.4856621990603197e-9
2,2250.0,-5822.0,153.349,2.4398650179140866e-9
2,2260.0,-5812.0,153.188,2.177482909032009e-9
2,2270.0,-5802.0,152.999,2.564554577745199e-9
2,2280.0,-5792.0,152.807,2.613482611061113e-9
2,2290.0,-5782.0,152.776,4.235102281109669e-10
2,2300.0,-5772.0,152.73,6.310197448652278e-10
2,2451.0,-5621.0,152.664,9.6446236219586e-10
2,2461.0,-5611.0,152.541,1.8036235874024274e-9
2,2571.0,-5501.0,152.53,1.6843534267324403e-10
2,2601.0,-5471.0,152.466,9.911788053367225e-10
2,2611.0,-5461.0,152.311,2.4080100594794628e-9
2,2621.0,-5451.0,152.137,2.7106093473696767e-9
2,2631.0,-5441.0,151.942,3.0456460110844833e-9
2,2641.0,-5431.0,151.788,2.4116503876277646e-9
2,2651.0,-5421.0,151.619,2.6537473021298807e-9
2,2661.0,-5411.0,151.43,2.9754802434517105e-9
2,2671.0,-5401.0,151.235,3.0775721177605124e-9
2,2681.0,-5391.0,151.051,2.911187701160091e-9
2,2691.0,-5381.0,150.881,2.6965551066059224e-9
2,2862.0,-5210.0,150.845,6.06907357604991e-10
2,2872.0,-5200.0,150.712,2.248759586056703e-9
2,2882.0,-5190.0,150.565,2.49180943770198e-9
2,2892.0,-5180.0,150.47,1.6146426609687379e-9
2,2922.0,-5150.0,150.39,1.3730052148904179e-9
2,2932.0,-5140.0,150.262,2.2028025462911544e-9
2,2942.0,-5130.0,150.117,2.501599461586757e-9
2,2952.0,-5120.0,149.947,2.9397926913090026e-9
2,2962.0,-5110.0,149.776,2.9637309295671784e-9
2,2972.0,-5100.0,149.626,2.6057473108231864e-9
2,2982.0,-5090.0,149.436,3.307958179783102e-9
2,2992.0,-5080.0,149.239,3.436878859448396e-9
2,3002.0,-5070.0,149.083,2.727458210854375e-9
2,3012.0,-5060.0,148.906,3.1014587094825075e-9
2,3022.0,-5050.0,148.723,3.2133522209254607e-9
2,3033.0,-5039.0,148.549,3.0627616507666876e-9
2,3043.0,-5029.0,148.357,3.386567156107054e-9
2,3053.0,-5019.0,148.174,3.2343389675141485e-9
2,3063.0,-5009.0,148.015,2.816116282160587e-9
2,3073.0,-4999.0,147.842,3.0706339658248368e-9
2,3083.0,-4989.0,147.661,3.219226476239471e-9
2,3093.0,-4979.0,147.475,3.3147638064112447e-9
2,3103.0,-4969.0,147.305,3.0357517111065567e-9
2,3113.0,-4959.0,147.136,3.0241382852576858e-9
2,3123.0,-4949.0,146.974,2.9049210052059797e-9
2,3133.0,-4939.0,146.81,2.9469306760545656e-9
2,3143.0,-4929.0,146.642,3.025020161289101e-9
2,3153.0,-4919.0,146.467,3.1573934974628355e-9
2,3163.0,-4909.0,146.287,3.2539589641149408e-9
2,3173.0,-4899.0,146.129,2.8619749493477794e-9
2,3183.0,-4889.0,145.961,3.049299945895357e-9
2,3193.0,-4879.0,145.751,3.818651673700871e-9
2,3203.0,-4869.0,145.744,1.2759205299000183e-10
2,3223.0,-4849.0,145.588,2.8596351794983446e-9
2,3243.0,-4829.0,145.574,2.580757601739573e-10
2,3253.0,-4819.0,145.55,4.4372188753451574e-10
2,3273.0,-4799.0,145.524,4.835710626468296e-10
2,3283.0,-4789.0,145.485,7.274103017189847e-10
2,3333.0,-4739.0,145.465,3.786353935110158e-10
2,3364.0,-4708.0,145.313,2.902676635483075e-9
2,3374.0,-4698.0,145.15,3.11860979245439e-9
2,3384.0,-4688.0,144.981,3.239281799681376e-9
2,3394.0,-4678.0,144.799,3.494533201489173e-9
2,3404.0,-4668.0,144.646,2.942961434492463e-9
2,3414.0,-4658.0,144.478,3.2373859619201913e-9
2,3424.0,-4648.0,144.319,3.0694537566306826e-9
2,3434.0,-4638.0,144.21,2.10840382930267e-9
2,3444.0,-4628.0,144.193,3.296471875366666e-10
2,3494.0,-4578.0,144.19,5.9013496607858e-11
2,3564.0,-4508.0,144.143,9.42903919361886e-10
2,3574.0,-4498.0,144.126,3.4193137137613063e-10
2,3604.0,-4468.0,144.035,1.845010806501137e-9
2,3875.0,-4197.0,143.974,1.3290616850712038e-9
2,3915.0,-4157.0,143.952,4.841421205613572e-10
2,3955.0,-4117.0,143.862,2.000038932040906e-9
2,3965.0,-4107.0,143.675,4.16213413616902e-9
2,3975.0,-4097.0,143.481,4.323090179833427e-9
2,3986.0,-4086.0,143.289,4.284594997474527e-9
2,3996.0,-4076.0,143.122,3.731377438889037e-9
2,4006.0,-4066.0,142.959,3.6469104687342896e-9
2,4016.0,-4056.0,142.793,3.71902080510051e-9
2,4026.0,-4046.0,142.625,3.768790077991482e-9
2,4036.0,-4036.0,142.457,3.773703487753589e-9
2,4046.0,-4026.0,142.287,3.823551273335278e-9
2,4056.0,-4016.0,142.121,3.738396657305882e-9
2,4066.0,-4006.0,141.943,4.013664911975266e-9
2,4076.0,-3996.0,141.755,4.244102223093316e-9
2,4086.0,-3986.0,141.578,4.000426778257389e-9
2,4096.0,-3976.0,141.425,3.4624216534740153e-9
2,4117.0,-3955.0,141.361,1.45464253593994e-9
2,4147.0,-3925.0,141.347,3.2043334710687194e-10
2,4157.0,-3915.0,141.326,4.817494020975822e-10
2,4187.0,-3885.0,141.214,2.5866547239692467e-9
2,4197.0,-3875.0,141.12,2.1745407015861275e-9
2,4217.0,-3855.0,141.106,3.2528661579883343e-10
2,4278.0,-3794.0,140.982,2.9213568760878254e-9
2,4288.0,-3784.0,140.797,4.363878653272441e-9
2,4298.0,-3774.0,140.598,4.698653300476404e-9
2,4308.0,-3764.0,140.407,4.513990558499384e-9
2,4318.0,-3754.0,140.233,4.1164135108282224e-9
2,4328.0,-3744.0,140.038,4.6178259882392126e-9
2,4338.0,-3734.0,139.876,3.8403138592903425e-9
2,4348.0,-3724.0,139.685,4.53249177800489e-9
2,4358.0,-3714.0,139.508,4.204385741846042e-9
2,4368.0,-3704.0,139.337,4.066110142541785e-9
2,4378.0,-3694.0,139.166,4.070420550933263e-9
2,4389.0,-3683.0,138.973,4.599623834404268e-9
2,4399.0,-3673.0,138.791,4.341490396150017e-9
2,4409.0,-3663.0,138.618,4.1308962331279465e-9
2,4419.0,-3653.0,138.46,3.776771147626335e-9
2,4429.0,-3643.0,138.292,4.020159342666096e-9
2,4439.0,-3633.0,138.113,4.287672521040947e-9
2,4449.0,-3623.0,137.922,4.579282771805588e-9
2,4459.0,-3613.0,137.722,4.799030925150382e-9
2,4469.0,-3603.0,137.537,4.4428448547944594e-9
2,4479.0,-3593.0,137.318,5.2633997570345836e-9
2,4489.0,-3583.0,137.114,4.906276959438131e-9
2,4519.0,-3553.0,137.085,7.015259536526966e-10
2,4540.0,-3532.0,137.077,1.943974825204882e-10
2,4560.0,-3512.0,137.072,1.220278754373542e-10
2,4731.0,-3341.0,137.031,1.0379779566926655e-9
2,4741.0,-3331.0,136.998,8.369855457723609e-10
2,4771.0,-3301.0,136.977,5.358918890895499e-10
2,4822.0,-3250.0,136.894,2.139877355419937e-9
2,4832.0,-3240.0,136.711,4.7232353041803045e-9
2,4842.0,-3230.0,136.529,4.700867246071661e-9
2,4852.0,-3220.0,136.35,4.626807970369632e-9
2,4862.0,-3210.0,136.204,3.777094993345996e-9
2,4872.0,-3200.0,136.047,4.0654998807577135e-9
2,4882.0,-3190.0,135.869,4.613070346187047e-9
2,4892.0,-3180.0,135.706,4.227672899152316e-9
2,4902.0,-3170.0,135.536,4.412824983358712e-9
2,4912.0,-3160.0,135.38,4.052799774013083e-9
2,4922.0,-3150.0,135.222,4.108348111470677e-9
2,4933.0,-3139.0,135.071,3.930614014804061e-9
2,4973.0,-3099.0,135.068,7.868003398012005e-11
2,4983.0,-3089.0,134.974,2.4693781077622515e-9
2,5074.0,-2998.0,134.84,3.5814366919979364e-9
2,5084.0,-2988.0,134.713,3.3977464667068633e-9
2,5094.0,-2978.0,134.558,4.1506657272377345e-9
2,5104.0,-2968.0,134.416,3.805807771801518e-9
2,5114.0,-2958.0,134.276,3.755614718043982e-9
2,5124.0,-2948.0,134.142,3.59801601857648e-9
2,5275.0,-2797.0,134.094,1.325922995068054e-9
2,5285.0,-2787.0,133.952,3.927174541668619e-9
2,5295.0,-2777.0,133.787,4.5666642502181e-9
2,5305.0,-2767.0,133.618,4.680358861229041e-9
2,5315.0,-2757.0,133.457,4.4616954132094145e-9
2,5325.0,-2747.0,133.279,4.9358140010493834e-9
2,5336.0,-2736.0,133.087,5.327621656037433e-9
2,5346.0,-2726.0,132.861,6.272947592455945e-9
2,5356.0,-2716.0,132.665,5.4417831281113555e-9
2,5366.0,-2706.0,132.458,5.749180662582848e-9
2,5376.0,-2696.0,132.275,5.084590339103753e-9
2,5386.0,-2686.0,132.095,5.00366887849028e-9
2,5396.0,-2676.0,131.902,5.367422454160168e-9
2,5406.0,-2666.0,131.711,5.313904794172501e-9
2,5416.0,-2656.0,131.508,5.64975305218864e-9
2,5426.0,-2646.0,131.308,5.567998674755542e-9
2,5436.0,-2636.0,131.096,5.903686631066508e-9
2,5446.0,-2626.0,130.886,5.849327285843594e-9
2,5456.0,-2616.0,130.681,5.711480666622885e-9
2,5466.0,-2606.0,130.461,6.1306506804943565e-9
2,5477.0,-2595.0,130.218,6.773179696331712e-9
2,5487.0,-2585.0,130.028,5.296758366402811e-9
2,5497.0,-2575.0,129.872,4.351050779579048e-9
2,5507.0,-2565.0,129.653,6.1104884570254286e-9
2,5517.0,-2555.0,129.453,5.5814621822638635e-9
2,5527.0,-2545.0,129.257,5.471372571021976e-9
2,5537.0,-2535.0,129.067,5.305550080700865e-9
2,5547.0,-2525.0,128.86,5.78179720899189e-9
2,5557.0,-2515.0,128.656,5.699179282323974e-9
2,5567.0,-2505.0,128.443,5.951668713672467e-9
2,5577.0,-2495.0,128.273,4.751601820839077e-9
2,5587.0,-2485.0,128.084,5.284734737534304e-9
2,5597.0,-2475.0,127.895,5.286387400450697e-9
2,5607.0,-2465.0,127.705,5.315970271060043e-9
2,5618.0,-2454.0,127.5,5.7380233576958e-9
2,5628.0,-2444.0,127.274,6.326378483216427e-9
2,5638.0,-2434.0,127.077,5.515212928633498e-9
2,5648.0,-2424.0,126.919,4.425029693175577e-9
2,5658.0,-2414.0,126.909,2.803754656968283e-10
2,5748.0,-2324.0,126.769,3.985337788945767e-9
2,5759.0,-2313.0,126.591,5.070405211213458e-9
2,5789.0,-2283.0,126.46,3.746454306446731e-9
2,5799.0,-2273.0,126.393,1.917933562973381e-9
2,5819.0,-2253.0,126.365,8.039866469261294e-10
2,5829.0,-2243.0,126.352,3.7386034469121474e-10
2,7663.0,-409.0,126.312,1.5119579788568578e-9
2,7673.0,-399.0,126.142,6.428859178578789e-9
2,7683.0,-389.0,125.956,7.033163517420708e-9
2,7693.0,-379.0,125.764,7.258589250502844e-9
2,7703.0,-369.0,125.58,6.95478614427508e-9
2,7713.0,-359.0,125.398,6.878090890517155e-9
2,7723.0,-349.0,125.214,6.952536174925216e-9
2,7733.0,-339.0,125.051,6.158476216976728e-9
2,7743.0,-329.0,124.878,6.535962487061615e-9
2,7753.0,-319.0,124.687,7.214801157629831e-9
2,7764.0,-308.0,124.495,7.2517188764863694e-9
2,7774.0,-298.0,124.321,6.5706695388316475e-9
2,7784.0,-288.0,124.165,5.8906997563044975e-9
2,7794.0,-278.0,123.995,6.419166496537776e-9
2,7804.0,-268.0,123.989,2.26688614979097e-10
2,7814.0,-258.0,123.87,4.499482825549684e-9
2,7824.0,-248.0,123.722,5.597121083319761e-9
2,7834.0,-238.0,123.573,5.635373535909652e-9
2,7844.0,-228.0,123.419,5.824769307854901e-9
2,7854.0,-218.0,123.287,4.9932358158687374e-9
2,7864.0,-208.0,123.14,5.561432449488576e-9
2,7874.0,-198.0,123.004,5.1458972436542704e-9
2,7884.0,-188.0,122.851,5.789680904708528e-9
2,7895.0,-177.0,122.733,4.466545345313367e-9
2,7905.0,-167.0,122.7,1.2499317706820508e-9
2,7945.0,-127.0,122.614,3.2722933047154956e-9
2,8217.0,145.0,122.588,1.0226998214931882e-9
2,8227.0,155.0,122.448,5.509814331752749e-9
2,8237.0,165.0,122.285,6.414853481430022e-9
2,8247.0,175.0,122.143,5.588211441382564e-9
2,8267.0,195.0,122.132,4.3366780491967524e-10
2,8298.0,226.0,122.088,1.740783938118399e-9
2,8640.0,568.0,122.014,3.046872892243736e-9
2,8650.0,578.0,121.868,6.012931386251386e-9
2,8660.0,588.0,121.729,5.724560700005107e-9
2,8670.0,598.0,121.663,2.718985361359313e-9
2,8681.0,609.0,121.631,1.3194370356215113e-9
2,8691.0,619.0,121.606,1.0317558356253073e-9
2,8701.0,629.0,121.583,9.501200185963538e-10
2,8711.0,639.0,121.549,1.4058098773311553e-9
2,8721.0,649.0,121.522,1.1173795926842275e-9
2,8761.0,689.0,121.485,1.5378420269586474e-9
2,8892.0,820.0,121.459,1.0965198973061772e-9
2,8902.0,830.0,121.417,1.772797044777253e-9
2,8912.0,840.0,121.393,1.0138892666414819e-9
2,8922.0,850.0,121.37,9.725458559914708e-10
3,8971.0,899.0,117.028,1.81288735787051e-7
3,9012.0,940.0,116.836,7.899931441093379e-9
3,9022.0,950.0,116.637,8.183330661870684e-9
3,9032.0,960.0,116.446,7.849923644108461e-9
3,9042.0,970.0,116.25,8.050948136508834e-9
3,9052.0,980.0,116.051,8.169326205792976e-9
3,9062.0,990.0,115.843,8.533249455456424e-9
3,9072.0,1000.0,115.667,7.216439937423558e-9
3,9082.0,1010.0,115.512,6.3532963502982805e-9
3,9092.0,1020.0,115.342,6.96599710107894e-9
3,9102.0,1030.0,115.17,7.0452491124688366e-9
3,9113.0,1041.0,114.978,7.861534799265444e-9
3,9123.0,1051.0,114.822,6.384837294532777e-9
3,9133.0,1061.0,114.635,7.650572099985638e-9
3,9143.0,1071.0,114.452,7.483035257536364e-9
3,9153.0,1081.0,114.294,6.4582015536832925e-9
3,9163.0,1091.0,114.144,6.129638068108167e-9
3,9173.0,1101.0,114.002,5.8016314106641485e-9
3,9183.0,1111.0,113.998,1.634996998186579e-10
3,9203.0,1131.0,113.874,5.076677884595358e-9
3,9213.0,1141.0,113.809,2.6618438180426856e-9
3,9233.0,1161.0,113.801,3.28217473666612e-10
3,9254.0,1182.0,113.739,2.5486868336166354e-9
3,9284.0,1212.0,113.669,2.8852034809656603e-9
3,9314.0,1242.0,113.613,2.3143382862352394e-9
3,9324.0,1252.0,113.496,4.836820924293512e-9
3,9344.0,1272.0,113.379,4.842201644763198e-9
3,9375.0,1303.0,113.323,2.3235509071278387e-9
3,9385.0,1313.0,113.229,3.901823032445783e-9
3,9415.0,1343.0,113.117,4.659600766587173e-9
3,9425.0,1353.0,113.059,2.4137562348589682e-9
3,9435.0,1363.0,112.929,5.411381747673548e-9
3,9445.0,1373.0,112.731,8.238711085609736e-9
3,9455.0,1383.0,112.51,9.188376674973821e-9
3,9465.0,1393.0,112.279,9.595004671231023e-9
3,9475.0,1403.0,112.05,9.502495188094732e-9
3,9485.0,1413.0,111.87,7.463460914288544e-9
3,9496.0,1424.0,111.731,5.761914169871361e-9
3,9516.0,1444.0,111.684,1.9507524293322762e-9
3,9526.0,1454.0,111.46,9.295683883487736e-9
3,9536.0,1464.0,111.237,9.245342596074728e-9
3,9546.0,1474.0,111.063,7.20854606373886e-9
3,9556.0,1484.0,110.907,6.4600006020900205e-9
3,9566.0,1494.0,110.825,3.395550080709647e-9
3,9576.0,1504.0,110.664,6.666528080675971e-9
3,9586.0,1514.0,110.494,7.036011439090301e-9
3,9657.0,1585.0,110.425,2.873835649552057e-9
3,9687.0,1615.0,110.419,2.505899743921348e-10
3,9727.0,1655.0,110.237,7.626119072830765e-9
3,9737.0,1665.0,110.047,7.956082208026132e-9
3,9758.0,1686.0,110.031,6.708029503962329e-10
3,9768.0,1696.0,109.803,9.558129209459739e-9
3,9778.0,1706.0,109.565,9.96638827820388e-9
3,9789.0,1717.0,109.34,9.412696702450483e-9
3,9799.0,1727.0,109.093,1.0321302303771895e-8
3,9809.0,1737.0,108.874,9.141072073315827e-9
3,9819.0,1747.0,108.638,9.84011154931001e-9
3,9829.0,1757.0,108.392,1.0244759074625711e-8
3,9839.0,1767.0,108.155,9.858004567856474e-9
3,9849.0,1777.0,107.89,1.1008287620566947e-8
3,9859.0,1787.0,107.634,1.0619547397877473e-8
3,9869.0,1797.0,107.375,1.072919378497876e-8
3,9879.0,1807.0,107.122,1.046627799922618e-8
3,9889.0,1817.0,106.882,9.915692416116754e-9
3,9899.0,1827.0,106.617,1.0933786274607379e-8
3,9909.0,1837.0,106.317,1.2357585745911e-8
3,9919.0,1847.0,106.075,9.953113297735816e-9
3,9930.0,1858.0,105.841,9.613164871556476e-9
3,9940.0,1868.0,105.591,1.025733756005633e-8
3,9950.0,1878.0,105.35,9.87503539279757e-9
3,9960.0,1888.0,105.106,9.984998720379215e-9
3,9970.0,1898.0,104.845,1.0665743869263726e-8
3,9980.0,1908.0,104.592,1.0323857653883383e-8
3,9990.0,1918.0,104.341,1.0227836736333103e-8
3,10000.0,1928.0,104.09,1.0213475951436517e-8
3,10010.0,1938.0,103.851,9.712021689230768e-9
3,10020.0,1948.0,103.594,1.0428968445925433e-8
3,10030.0,1958.0,103.362,9.40165860078892e-9
3,10040.0,1968.0,103.169,7.812927722520256e-9
3,10050.0,1978.0,102.95,8.856573688114423e-9
3,10060.0,1988.0,102.811,5.617115834963294e-9
3,10071.0,1999.0,102.733,3.152169333072047e-9
3,10081.0,2009.0,102.619,4.6072835373971206e-9
3,10091.0,2019.0,102.528,3.6777169881661646e-9
3,10101.0,2029.0,102.445,3.3548774308229932e-9
3,10111.0,2039.0,102.326,4.810021969042694e-9
3,10121.0,2049.0,102.224,4.122499555154706e-9
3,10131.0,2059.0,102.079,5.859122774356275e-9
3,10151.0,2079.0,101.939,5.660344790085814e-9
3,10161.0,2089.0,101.879,2.425871400311745e-9
3,10181.0,2109.0,101.738,5.706385685193368e-9
3,10202.0,2130.0,101.632,4.29354095705934e-9
3,10212.0,2140.0,101.613,7.698778316661312e-10
3,10222.0,2150.0,101.528,3.445798878776105e-9
3,10242.0,2170.0,101.505,9.337202470812854e-10
3,10252.0,2180.0,101.398,4.345286141819313e-9
3,10262.0,2190.0,101.395,1.2188317587916028e-10
3,10272.0,2200.0,101.299,3.9021564168269516e-9
3,10292.0,2220.0,101.261,1.5465878694262216e-9
3,10302.0,2230.0,101.254,2.851112268366151e-10
3,10312.0,2240.0,101.219,1.426643964590501e-9
3,10323.0,2251.0,101.182,1.5092383851950918e-9
3,10333.0,2261.0,101.108,3.0197438156377508e-9
3,10343.0,2271.0,100.968,5.712508167330354e-9
3,10363.0,2291.0,100.928,1.6338445778668232e-9
3,10383.0,2311.0,100.876,2.1271274147143895e-9
3,10393.0,2321.0,100.757,4.868408785793814e-9
3,10413.0,2341.0,100.674,3.3987389338246116e-9
3,10423.0,2351.0,100.577,3.972281851150883e-9
3,10484.0,2412.0,100.533,1.8111352853097392e-9
3,10504.0,2432.0,100.53,1.236931538541269e-10
3,10514.0,2442.0,100.477,2.1867168986141303e-9
3,10524.0,2452.0,100.469,3.3028414709390823e-10
3,10534.0,2462.0,100.363,4.3779382287017384e-9
3,10554.0,2482.0,100.281,3.3899606456637194e-9
3,10575.0,2503.0,100.207,3.0629366625505103e-9
3,10595.0,2523.0,100.119,3.6463511491693617e-9
3,10625.0,2553.0,99.954,6.847608213173466e-9
3,10635.0,2563.0,99.74,8.872659615199133e-9
3,10645.0,2573.0,99.664,3.1494205792331657e-9
3,10665.0,2593.0,99.536,5.308816333387275e-9
3,10675.0,2603.0,99.321,8.910144841123534e-9
3,10685.0,2613.0,99.089,9.602042093470804e-9
3,10695.0,2623.0,98.845,1.0083900541734103e-8
3,10706.0,2634.0,98.595,1.0316679219649231e-8
3,10716.0,2644.0,98.318,1.1411018245330606e-8
3,10726.0,2654.0,98.054,1.0855724667306262e-8
3,10736.0,2664.0,97.802,1.0344689536259915e-8
3,10746.0,2674.0,97.566,9.672746516314131e-9
3,10756.0,2684.0,97.316,1.0230575557817099e-8
3,10766.0,2694.0,97.075,9.84657308962206e-9
3,10776.0,2704.0,96.853,9.057088527369004e-9
3,10786.0,2714.0,96.636,8.841256021554173e-9
3,10796.0,2724.0,96.448,7.650759485365454e-9
3,10806.0,2734.0,96.372,3.0914923133239105e-9
3,10816.0,2744.0,96.332,1.6276271905988535e-9
3,10837.0,2765.0,96.162,6.923293274077694e-9
3,10847.0,2775.0,95.987,7.120710910287915e-9
3,10857.0,2785.0,95.98,2.848209907277962e-10
3,10867.0,2795.0,95.794,7.567455487691507e-9
3,10877.0,2805.0,95.645,6.0570805753210905e-9
3,10887.0,2815.0,95.419,9.177683248195966e-9
3,10897.0,2825.0,95.228,7.746541124761747e-9
3,10907.0,2835.0,95.189,1.5812960124306391e-9
3,10917.0,2845.0,95.172,6.897119429631919e-10
3,10927.0,2855.0,95.135,1.5020865841140603e-9
3,10958.0,2886.0,95.02,4.678153015461556e-9
3,10968.0,2896.0,94.983,1.5053142089065687e-9
3,10988.0,2916.0,94.969,5.704638045619656e-10
3,11018.0,2946.0,94.798,6.980027077482437e-9
3,11028.0,2956.0,94.68,4.8136564743427515e-9
3,11048.0,2976.0,94.59,3.674053653187012e-9
3,11058.0,2986.0,94.384,8.403948818620627e-9
3,11068.0,2996.0,94.336,1.957338113081621e-9
3,11088.0,3016.0,94.195,5.754301828088289e-9
3,11099.0,3027.0,94.041,6.281231424658054e-9
3,11119.0,3047.0,93.936,4.2844717196097254e-9
3,11139.0,3067.0,93.929,2.8597472945205873e-10
3,11149.0,3077.0,93.771,6.454978677781454e-9
3,11169.0,3097.0,93.761,4.089095120890716e-10
3,11179.0,3107.0,93.625,5.561815040959801e-9
3,11220.0,3148.0,93.415,8.603678679371453e-9
3,11230.0,3158.0,93.219,8.019810910902847e-9
3,11240.0,3168.0,92.995,9.153015455612351e-9
3,11250.0,3178.0,92.807,7.671818031235174e-9
3,11260.0,3188.0,92.63,7.215153691665885e-9
3,11280.0,3208.0,92.615,6.119055472798767e-10
3,11290.0,3218.0,92.487,5.222188689800239e-9
3,11300.0,3228.0,92.346,5.7492951659971996e-9
3,11340.0,3268.0,92.21,5.556709192453599e-9
3,11401.0,3329.0,92.104,4.3485520452852865e-9
3,11421.0,3349.0,92.042,2.5456321522081767e-9
3,11451.0,3379.0,91.882,6.578688722271912e-9
3,11461.0,3389.0,91.682,8.214432361313931e-9
3,11472.0,3400.0,91.492,7.794604888927252e-9
3,11482.0,3410.0,91.25,9.913084752070172e-9
3,11492.0,3420.0,91.027,9.119476100538452e-9
3,11502.0,3430.0,90.793,9.553629857061993e-9
3,11512.0,3440.0,90.574,8.926695117826885e-9
3,11522.0,3450.0,90.361,8.668971917321042e-9
3,11532.0,3460.0,90.134,9.224295426645834e-9
3,11542.0,3470.0,89.9,9.492683369751588e-9
3,11552.0,3480.0,89.659,9.759306055720006e-9
3,11562.0,3490.0,89.433,9.135979736220714e-9
3,11572.0,3500.0,89.23,8.193635158093434e-9
3,11582.0,3510.0,89.023,8.343116171034818e-9
3,11592.0,3520.0,88.824,8.009317860970424e-9
3,11602.0,3530.0,88.601,8.961693264933611e-9
3,11613.0,3541.0,88.407,7.785322150059783e-9
3,11623.0,3551.0,88.212,7.814978861876788e-9
3,11633.0,3561.0,88.021,7.64451375767395e-9
3,11643.0,3571.0,87.833,7.514715357322463e-9
3,11653.0,3581.0,87.662,6.8270980692470034e-9
3,11663.0,3591.0,87.527,5.385033566751959e-9
3,11673.0,3601.0,87.371,6.217695709814718e-9
3,11683.0,3611.0,87.215,6.211921041578958e-9
3,11693.0,3621.0,87.05,6.56383418665204e-9
3,11703.0,3631.0,86.953,3.856232516373585e-9
3,11713.0,3641.0,86.888,2.5838735036068706e-9
3,11723.0,3651.0,86.808,3.18021225116635e-9
3,11733.0,3661.0,86.7,4.292298009527439e-9
3,11743.0,3671.0,86.653,1.867866433387632e-9
3,11754.0,3682.0,86.569,3.3389164979897803e-9
3,11764.0,3692.0,86.407,6.435664821996378e-9
3,11784.0,3712.0,86.393,5.565472544714524e-10
3,11794.0,3722.0,86.227,6.597780465749557e-9
3,11824.0,3752.0,86.162,2.586573745808489e-9
3,11834.0,3762.0,85.996,6.602439018971764e-9
3,11844.0,3772.0,85.826,6.7540399786346105e-9
3,11854.0,3782.0,85.649,7.023871178707548e-9
3,11864.0,3792.0,85.535,4.5199819085593094e-9
3,11885.0,3813.0,85.507,1.1112135295948738e-9
3,11915.0,3843.0,85.504,1.1933748609414407e-10
3,11925.0,3853.0,85.352,6.04602233645435e-9
3,11945.0,3873.0,85.332,7.960612767373099e-10
3,11955.0,3883.0,85.249,3.3044247464303355e-9
3,11975.0,3903.0,85.129,4.7797790464186904e-9
3,12026.0,3954.0,85.094,1.398765851125093e-9
3,12036.0,3964.0,84.882,8.467265580692866e-9
3,12046.0,3974.0,84.659,8.891192217470778e-9
3,12056.0,3984.0,84.421,9.471308277816687e-9
3,12066.0,3994.0,84.191,9.135181360806084e-9
3,12076.0,4004.0,83.965,8.959452030187825e-9
3,12086.0,4014.0,83.726,9.45644241887697e-9
3,12096.0,4024.0,83.508,8.609152212677875e-9
3,12106.0,4034.0,83.295,8.396951935965433e-9
3,12116.0,4044.0,83.072,8.775438965995674e-9
3,12126.0,4054.0,82.827,9.621991157831526e-9
3,12137.0,4065.0,82.552,1.077610822344438e-8
3,12147.0,4075.0,82.242,1.2114616138102945e-8
3,12157.0,4085.0,81.957,1.1106553720839831e-8
3,12167.0,4095.0,81.674,1.0999503065320959e-8
3,12177.0,4105.0,81.411,1.0196417495465194e-8
3,12187.0,4115.0,81.14,1.0480772270214518e-8
3,12197.0,4125.0,80.871,1.0377371001817107e-8
3,12207.0,4135.0,80.607,1.0159299653028143e-8
3,12217.0,4145.0,80.412,7.4888278511441e-9
3,12227.0,4155.0,80.219,7.4002113142565915e-9
3,12237.0,4165.0,80.048,6.547156390995657e-9
3,12247.0,4175.0,79.842,7.875094568237429e-9
3,12257.0,4185.0,79.684,6.031291038598909e-9
3,12267.0,4195.0,79.56,4.728905826713557e-9
3,12277.0,4205.0,79.459,3.849463310278427e-9
3,12287.0,4215.0,79.347,4.266466351694688e-9
3,12297.0,4225.0,79.253,3.579049843489918e-9
3,12307.0,4235.0,79.167,3.273393365050022e-9
3,12317.0,4245.0,79.074,3.538705701201015e-9
3,12327.0,4255.0,78.997,2.9291246856041955e-9
3,12337.0,4265.0,78.94,2.16823245969648e-9
3,12347.0,4275.0,78.842,3.727198456487471e-9
3,12407.0,4335.0,78.759,3.168410037219494e-9
3,12417.0,4345.0,78.597,6.179488664554041e-9
3,12437.0,4365.0,78.534,2.403563471813557e-9
3,12457.0,4385.0,78.481,2.023801971196636e-9
3,12487.0,4415.0,78.471,3.826154500439923e-10
3,12508.0,4436.0,78.412,2.2602334960453244e-9
3,12568.0,4496.0,78.358,2.0771144508020644e-9
3,12578.0,4506.0,78.269,3.422991050483152e-9
3,12588.0,4516.0,78.26,3.462036094255976e-10
3,12598.0,4526.0,78.198,2.3857701739007524e-9
3,12608.0,4536.0,78.18,6.928383147552941e-10
3,12618.0,4546.0,78.149,1.1937937578796876e-9
3,12638.0,4566.0,78.074,2.8908271500134177e-9
3,12658.0,4586.0,78.066,3.086787908397954e-10
3,12668.0,4596.0,78.034,1.2353740462436443e-9
3,12678.0,4606.0,78.026,3.0900810733769563e-10
3,12688.0,4616.0,77.948,3.013543879929691e-9
3,12718.0,4646.0,77.927,8.127409062276268e-10
3,12738.0,4666.0,77.828,3.8345638465694264e-9
3,12768.0,4696.0,77.812,6.207283997261237e-10
3,12778.0,4706.0,77.646,6.437564374672047e-9
3,12788.0,4716.0,77.531,4.455181037982078e-9
3,12798.0,4726.0,77.394,5.303001070766826e-9
3,12808.0,4736.0,77.276,4.5635934564809715e-9
3,12818.0,4746.0,77.108,6.4903687964589596e-9
3,12828.0,4756.0,76.915,7.444565844006594e-9
3,12838.0,4766.0,76.752,6.277737117260149e-9
3,12848.0,4776.0,76.55,7.767338912312856e-9
3,12858.0,4786.0,76.354,7.522910179924476e-9
3,12868.0,4796.0,76.153,7.700774827520296e-9
3,12878.0,4806.0,75.947,7.877390812305746e-9
3,12888.0,4816.0,75.743,7.785924412421627e-9
3,12898.0,4826.0,75.519,8.531743029580823e-9
3,12908.0,4836.0,75.313,7.829917819170607e-9
3,12918.0,4846.0,75.096,8.231261041988712e-9
3,12928.0,4856.0,74.864,8.780763843567692e-9
3,12938.0,4866.0,74.623,9.099659728208258e-9
3,12948.0,4876.0,74.395,8.588430490289969e-9
3,12958.0,4886.0,74.166,8.606286689163805e-9
3,12968.0,4896.0,73.94,8.474061875677184e-9
3,12978.0,4906.0,73.711,8.566771473100118e-9
3,12988.0,4916.0,73.467,9.105683279733725e-9
3,12998.0,4926.0,73.237,8.562170288389606e-9
3,13008.0,4936.0,73.006,8.578969674434802e-9
3,13018.0,4946.0,72.765,8.928324778557748e-9
3,13028.0,4956.0,72.532,8.610489773497695e-9
3,13038.0,4966.0,72.321,7.779621415335031e-9
3,13048.0,4976.0,72.214,3.939474462320313e-9
3,13058.0,4986.0,72.036,6.545608489192554e-9
3,13068.0,4996.0,71.866,6.2411182921186735e-9
3,13078.0,5006.0,71.677,6.92664121644556e-9
3,13088.0,5016.0,71.461,7.899862261764073e-9
3,13098.0,5026.0,71.242,7.991342439953297e-9
3,13108.0,5036.0,71.053,6.882170280979851e-9
3,13118.0,5046.0,70.94,4.1091362524779405e-9
3,13128.0,5056.0,70.85,3.2705757853194603e-9
3,13138.0,5066.0,70.722,4.647871703548881e-9
3,13178.0,5106.0,70.68,1.5278892764879308e-9
3,13188.0,5116.0,70.565,4.182032454180999e-9
3,13198.0,5126.0,70.499,2.398864906312392e-9
3,13208.0,5136.0,70.382,4.250234426095795e-9
3,13218.0,5146.0,70.185,7.145833402236595e-9
3,13228.0,5156.0,69.973,7.673358268057862e-9
3,13238.0,5166.0,69.956,6.14775519680566e-10
3,13258.0,5186.0,69.811,5.245515774091753e-9
3,13268.0,5196.0,69.677,4.841552500062272e-9
3,13338.0,5266.0,69.573,3.771002264717636e-9
3,13348.0,5276.0,69.514,2.1384164491681572e-9
3,13358.0,5286.0,69.467,1.7034612793967344e-9
3,13368.0,5296.0,69.408,2.138356235941849e-9
3,13458.0,5386.0,69.287,4.40924505157825e-9
3,13468.0,5396.0,69.055,8.438838577570594e-9
3,13478.0,5406.0,68.806,9.032412446546312e-9
3,13488.0,5416.0,68.56,8.898144486545548e-9
3,13498.0,5426.0,68.378,6.567533994445538e-9
3,13508.0,5436.0,68.343,1.2619201047685276e-9
3,13518.0,5446.0,68.17,6.232612021620522e-9
3,13528.0,5456.0,67.998,6.185497521305037e-9
3,13558.0,5486.0,67.903,3.4172710254437547e-9
3,13578.0,5506.0,67.827,2.7344046424003367e-9
3,13588.0,5516.0,67.678,5.355927186218168e-9
3,13598.0,5526.0,67.526,5.455639965300134e-9
3,13618.0,5546.0,67.432,3.3726972155086816e-9
3,13668.0,5596.0,67.361,2.5536901131443314e-9
3,13678.0,5606.0,67.245,4.169486235069357e-9
3,13698.0,5626.0,67.102,5.13758132196818e-9
3,13718.0,5646.0,67.03,2.5863853533950565e-9
3,13729.0,5657.0,66.991,1.4009218312267933e-9
3,13749.0,5677.0,66.93,2.1927401437323256e-9
3,13769.0,5697.0,66.919,3.9577444902267633e-10
3,13779.0,5707.0,66.9,6.839535660597667e-10
3,13789.0,5717.0,66.83,2.519980575786418e-9
3,13799.0,5727.0,66.754,2.7349739090776336e-9
3,13829.0,5757.0,66.709,1.6214430896474042e-9
3,13839.0,5767.0,66.583,4.537502485020944e-9
3,13859.0,5787.0,66.513,2.5207656687301468e-9
3,13879.0,5807.0,66.459,1.945582599738614e-9
3,13899.0,5827.0,66.366,3.3518445199184364e-9
3,13919.0,5847.0,66.267,3.5680617301739576e-9
3,13939.0,5867.0,66.148,4.287985433287637e-9
3,13959.0,5887.0,66.041,3.854525641945623e-9
3,13979.0,5907.0,65.928,4.069715134168619e-9
3,13999.0,5927.0,65.794,4.823892989494025e-9
3,14029.0,5957.0,65.651,5.148069015153849e-9
3,14039.0,5967.0,65.618,1.1872709119157217e-9
3,14059.0,5987.0,65.464,5.5405866062698036e-9
3,14069.0,5997.0,65.357,3.844696026981084e-9
3,14089.0,6017.0,65.328,1.0424169061038514e-9
3,14099.0,6027.0,65.143,6.64372376639131e-9
3,14109.0,6037.0,65.106,1.3274246929029523e-9
3,14129.0,6057.0,64.93,6.312846534800212e-9
3,14139.0,6067.0,64.845,3.0448520480497564e-9
3,14149.0,6077.0,64.778,2.398944247249486e-9
3,14179.0,6107.0,64.624,5.516261540801337e-9
3,14189.0,6117.0,64.594,1.073825209243064e-9
3,14209.0,6137.0,64.529,2.3281878348389434e-9
3,14219.0,6147.0,64.472,2.0411481317040664e-9
3,14229.0,6157.0,64.435,1.3249214822725515e-9
3,14259.0,6187.0,64.416,6.815033584549038e-10
3,14269.0,6197.0,64.392,8.611625868481415e-10
3,14279.0,6207.0,64.382,3.5897443169300027e-10
3,14289.0,6217.0,64.349,1.1850494035414193e-9
3,14299.0,6227.0,64.315,1.2211785551352111e-9
3,14309.0,6237.0,64.266,1.7600284974576016e-9
3,14319.0,6247.0,64.093,6.207584702476564e-9
3,14329.0,6257.0,63.866,8.125500367428282e-9
3,14339.0,6267.0,63.645,7.888534461781972e-9
3,14349.0,6277.0,63.396,8.861401682210778e-9
3,14359.0,6287.0,63.14,9.080626219420079e-9
3,14369.0,6297.0,62.904,8.344460472967094e-9
3,14379.0,6307.0,62.652,8.881866330037865e-9
3,14389.0,6317.0,62.404,8.712130332272244e-9
3,14399.0,6327.0,62.169,8.229276493929294e-9
3,14409.0,6337.0,61.924,8.552335838049063e-9
3,14419.0,6347.0,61.678,8.559202158764546e-9
3,14429.0,6357.0,61.433,8.496434500648384e-9
3,14439.0,6367.0,61.194,8.261495258979749e-9
3,14449.0,6377.0,60.973,7.61590487589042e-9
3,14459.0,6387.0,60.743,7.902259773356845e-9
3,14469.0,6397.0,60.499,8.3563952171606e-9
3,14479.0,6407.0,60.287,7.2381664379365065e-9
3,14489.0,6417.0,60.08,7.0478025958690075e-9
3,14499.0,6427.0,59.839,8.180514668682708e-9
3,14509.0,6437.0,59.572,9.03089128874494e-9
3,14519.0,6447.0,59.299,9.19841089079151e-9
3,14529.0,6457.0,59.025,9.195951378229383e-9
3,14539.0,6467.0,58.745,9.359761446227778e-9
3,14549.0,6477.0,58.481,8.790195899672866e-9
3,14559.0,6487.0,58.211,8.955171976658278e-9
3,14569.0,6497.0,57.94,8.952813227274306e-9
3,14579.0,6507.0,57.685,8.391840081039659e-9
3,14589.0,6517.0,57.43,8.36055598796897e-9
3,14599.0,6527.0,57.193,7.742491950824553e-9
3,14609.0,6537.0,56.981,6.903369246703342e-9
3,14620.0,6548.0,56.783,6.429170651815034e-9
3,14630.0,6558.0,56.635,4.7943039411741805e-9
3,14640.0,6568.0,56.494,4.559021859862909e-9
3,14650.0,6578.0,56.318,5.678624191372088e-9
3,14660.0,6588.0,56.104,6.885517522368878e-9
3,14670.0,6598.0,55.891,6.831969020353048e-9
3,14680.0,6608.0,53.742,6.75213794682326e-8
3,14720.0,6648.0,53.703,1.2041931827963979e-9
3,14730.0,6658.0,53.607,2.962454656614671e-9
3,14740.0,6668.0,53.523,2.589556621786269e-9
3,14751.0,6679.0,53.48,1.3250229776656242e-9
3,14761.0,6689.0,53.477,9.24663649672044e-11
4,14904.0,6832.0,51.946,4.696247104085574e-8
4,14915.0,6843.0,51.851,2.871238055064032e-9
4,15499.0,7427.0,51.825,8.156292579803934e-10
4,15509.0,7437.0,51.641,5.764170461574185e-9
4,15519.0,7447.0,51.456,5.778552010486816e-9
4,15529.0,7457.0,51.264,5.979119953912052e-9
4,15539.0,7467.0,51.071,5.991590266696141e-9
4,15549.0,7477.0,50.868,6.2816886570415045e-9
4,15559.0,7487.0,50.659,6.445358187894213e-9
4,15569.0,7497.0,50.492,5.134343343758075e-9
4,15579.0,7507.0,50.332,4.906378179561843e-9
4,15589.0,7517.0,50.205,3.885844673706247e-9
4,15599.0,7527.0,50.054,4.610357583169308e-9
4,15609.0,7537.0,49.898,4.751477800979119e-9
4,15619.0,7547.0,49.735,4.95201069135139e-9
4,15629.0,7557.0,49.575,4.8482130108710614e-9
4,15640.0,7568.0,49.422,4.6247445630731285e-9
4,15650.0,7578.0,49.245,5.335769605319155e-9
4,15660.0,7588.0,49.109,4.089406003371077e-9
4,15670.0,7598.0,48.983,3.7810347433749165e-9
4,15680.0,7608.0,48.854,3.863460114104203e-9
4,15690.0,7618.0,48.749,3.139156346097634e-9
4,15700.0,7628.0,48.625,3.7008534277422972e-9
4,15710.0,7638.0,48.492,3.961508766641784e-9
4,15720.0,7648.0,48.392,2.9733233379785875e-9
4,15730.0,7658.0,48.311,2.4054217071246186e-9
4,15740.0,7668.0,48.235,2.2547071524809896e-9
4,15750.0,7678.0,48.161,2.193354489155117e-9
4,15760.0,7688.0,48.01,4.468017128735174e-9
4,15770.0,7698.0,47.866,4.2505157440298916e-9
4,15781.0,7709.0,47.689,5.21073203659413e-9
4,15791.0,7719.0,47.519,4.989643693438572e-9
4,15801.0,7729.0,47.381,4.039870175263771e-9
4,15811.0,7739.0,47.262,3.476420763816473e-9
4,15841.0,7769.0,47.224,1.110378876748488e-9
4,15851.0,7779.0,47.211,3.7990109027357437e-10
4,15861.0,7789.0,47.191,5.846275714539259e-10
4,15871.0,7799.0,47.162,8.478041534380318e-10
4,15881.0,7809.0,47.137,7.309076016190527e-10
4,15931.0,7859.0,47.119,5.27669613014707e-10
4,15941.0,7869.0,46.987,3.865844171037518e-9
4,15951.0,7879.0,46.839,4.324245770001615e-9
4,15981.0,7909.0,46.828,3.2145544343286086e-10
4,16222.0,8150.0,46.771,1.689615941953552e-9
4,16232.0,8160.0,46.667,3.0794024027675853e-9
4,16242.0,8170.0,46.548,3.5173032104950662e-9
4,16252.0,8180.0,46.43,3.4810203168092486e-9
4,16262.0,8190.0,46.314,3.4155079914218166e-9
4,16272.0,8200.0,46.209,3.0861531757461404e-9
4,16282.0,8210.0,46.188,6.167688800639509e-10
4,16302.0,8230.0,46.172,4.703079637083049e-10
4,17094.0,9022.0,46.154,5.54597314134782e-10
4,17124.0,9052.0,46.036,3.636709227046106e-9
4,17145.0,9073.0,46.003,1.016625169595386e-9
4,17155.0,9083.0,45.913,2.770523800045704e-9
4,17185.0,9113.0,45.836,2.370168042227097e-9
4,17195.0,9123.0,45.695,4.332384934877193e-9
4,17205.0,9133.0,45.553,4.352150574797459e-9
4,17215.0,9143.0,45.39,4.981973864857193e-9
4,17225.0,9153.0,45.211,5.453593831263394e-9
4,17235.0,9163.0,45.023,5.7079069377565745e-9
4,17245.0,9173.0,44.845,5.385497326671018e-9
4,17255.0,9183.0,44.67,5.276991143785921e-9
4,17265.0,9193.0,44.5,5.10942240081155e-9
4,17275.0,9203.0,44.329,5.122789096261803e-9
4,17285.0,9213.0,44.158,5.106019894568382e-9
4,17295.0,9223.0,43.982,5.237738564504873e-9
4,17305.0,9233.0,43.809,5.131038102927465e-9
4,17315.0,9243.0,43.615,5.7331385349079965e-9
4,17325.0,9253.0,43.44,5.15279125182119e-9
4,17345.0,9273.0,43.433,2.0591818447866973e-10
4,17355.0,9283.0,43.288,4.2604398128410635e-9
4,17365.0,9293.0,43.145,4.19013436092618e-9
4,17375.0,9303.0,42.995,4.382868864420848e-9
4,17385.0,9313.0,42.82,5.09698654950677e-9
4,17395.0,9323.0,42.631,5.484549035576954e-9
4,17405.0,9333.0,42.444,5.405739692929368e-9
4,17415.0,9343.0,42.267,5.097697852900095e-9
4,17425.0,9353.0,42.095,4.936119189962658e-9
4,17435.0,9363.0,41.929,4.747565106611742e-9
4,17445.0,9373.0,41.75,5.101266626932254e-9
4,17455.0,9383.0,41.55,5.677176380135007e-9
4,17465.0,9393.0,41.363,5.28652588217948e-9
4,17485.0,9413.0,41.348,4.23504183037471e-10
4,17616.0,9544.0,41.233,3.2660499059329834e-9
4,17626.0,9554.0,41.099,3.796337077201746e-9
4,17636.0,9564.0,40.956,4.039975342309653e-9
4,17646.0,9574.0,40.796,4.506114061876622e-9
4,17656.0,9584.0,40.629,4.687098663661042e-9
4,17666.0,9594.0,40.451,4.977479790998717e-9
4,17676.0,9604.0,40.289,4.513623079624383e-9
4,17686.0,9614.0,40.113,4.885923664332469e-9
4,17696.0,9624.0,39.932,5.005246037068404e-9
4,17706.0,9634.0,39.75,5.012906578731967e-9
4,17716.0,9644.0,39.58,4.664333385565736e-9
4,17726.0,9654.0,39.413,4.565132223993806e-9
4,17736.0,9664.0,39.231,4.955987469006319e-9
4,17746.0,9674.0,39.046,5.016997855213875e-9
4,17756.0,9684.0,38.873,4.672745702288663e-9
4,17766.0,9694.0,38.695,4.788834087798974e-9
4,17776.0,9704.0,38.517,4.7695387648908955e-9
4,17786.0,9714.0,38.333,4.909955090611609e-9
4,17796.0,9724.0,38.149,4.889190883309035e-9
4,17806.0,9734.0,37.969,4.7628157358620426e-9
4,17816.0,9744.0,37.79,4.716664715223489e-9
4,17826.0,9754.0,37.604,4.880239870026964e-9
4,17836.0,9764.0,37.419,4.832825961243682e-9
4,17846.0,9774.0,37.242,4.604107915896395e-9
4,17856.0,9784.0,37.067,4.533161376684693e-9
4,17867.0,9795.0,36.885,4.694728548291297e-9
4,17877.0,9805.0,36.7,4.7510893700065205e-9
4,17887.0,9815.0,36.512,4.8063474679199945e-9
4,17897.0,9825.0,36.377,3.438060664693517e-9
4,17907.0,9835.0,36.236,3.5792650787492034e-9
4,17917.0,9845.0,36.088,3.744096068281396e-9
4,17927.0,9855.0,35.947,3.554739897587386e-9
4,17937.0,9865.0,35.816,3.2919954521991465e-9
4,17967.0,9895.0,35.783,8.287699606561357e-10
4,17977.0,9905.0,35.669,2.858735641590216e-9
4,18007.0,9935.0,35.624,1.1278161402053347e-9
4,18037.0,9965.0,35.623,2.5088137687955974e-11
4,18047.0,9975.0,35.486,3.4323193897003492e-9
4,18057.0,9985.0,35.379,2.672998433184938e-9
4,18087.0,10015.0,35.293,2.146099773621505e-9
4,18097.0,10025.0,35.15,3.5589181839700286e-9
4,18107.0,10035.0,35.006,3.5711767880760077e-9
4,18117.0,10045.0,34.87,3.3611722230893784e-9
4,18127.0,10055.0,34.727,3.5220054918884164e-9
4,18137.0,10065.0,34.568,3.901234115905752e-9
4,18147.0,10075.0,34.401,4.080494308692167e-9
4,18157.0,10085.0,34.237,3.990158055471747e-9
4,18167.0,10095.0,34.066,4.142443968081745e-9
4,18177.0,10105.0,33.894,4.1480268731517626e-9
4,18187.0,10115.0,33.725,4.057458179507024e-9
4,18197.0,10125.0,33.541,4.396942214212248e-9
4,18207.0,10135.0,33.368,4.114400569653226e-9
4,18217.0,10145.0,33.191,4.189811168198407e-9
4,18227.0,10155.0,33.036,3.652746314553181e-9
4,18238.0,10166.0,32.865,4.012387451502172e-9
4,18248.0,10176.0,32.682,4.273234424971618e-9
4,18258.0,10186.0,32.504,4.135852810060516e-9
4,18268.0,10196.0,32.351,3.538860427505203e-9
4,18278.0,10206.0,32.189,3.730870593053116e-9
4,18288.0,10216.0,32.029,3.6684322985424377e-9
4,18298.0,10226.0,31.882,3.3560939345903905e-9
4,18308.0,10236.0,31.748,3.047510161272753e-9
4,18318.0,10246.0,31.646,2.312405102219791e-9
4,18328.0,10256.0,31.617,6.564480972847978e-10
4,18338.0,10266.0,31.526,2.057103341371087e-9
4,18348.0,10276.0,31.432,2.1198495794719416e-9
4,18348.0,10276.0,31.432,1.8127285009152e7
